ML_Raw_Rank,ML_PAR_Rank,Proj_Raw_Rank,Proj_PAR_Rank,ESPN_Rank,Name,Team,Position,Type,Projected_Fpoints,ML_PAR,Avg_Proj_Fpts,Proj_PAR,IDfg
1,2,1,2,5,Tarik Skubal,DET,SP,SP,506.2436749538929,198.0165592311822,539.9194066666668,231.20787466666678,22267
2,3,3,3,4,Juan Soto,NYM,OF,Batter,487.3641247893274,187.52930666099547,513.8219216666666,220.92291766666665,20123
3,4,8,7,7,Garrett Crochet,BOS,SP,SP,470.58529546105956,162.3581797383489,476.04053333333337,167.3290013333334,27463
4,6,28,36,41,Cole Ragans,KCR,SP,SP,445.56010291059,137.33298718787933,391.4289333333333,82.71740133333333,21846
5,5,9,6,6,Jose Ramirez,CLE,3B/DH,Batter,440.87146065501435,152.12383684965,461.20286000000004,171.2784897333334,13510
6,7,4,4,2,Aaron Judge,NYY,OF/DH,Batter,431.2569369177198,131.42211878938792,508.4629296666667,215.5639256666667,15640
7,8,7,5,3,Paul Skenes,PIT,SP,SP,430.6315194846787,122.40440376196801,488.4254866666667,179.71395466666672,33677
8,9,12,16,19,Cristopher Sanchez,PHI,SP,SP,430.59802333755476,122.3709076148441,437.61025333333333,128.89872133333336,20778
9,11,6,11,8,Bobby Witt Jr.,KCR,SS,Batter,429.473760425746,115.20347239513404,488.47452999999996,153.16622399999994,25764
10,10,19,24,31,Hunter Greene,CIN,SP,SP,425.06298373659945,116.83586801388878,415.0165399999999,106.30500799999993,22182
11,12,20,27,61,Dylan Cease,TOR,SP,SP,417.8915521190218,109.66443639631115,407.3329133333334,98.62138133333343,18525
12,22,5,8,29,Vladimir Guerrero Jr.,TOR,1B/DH,Batter,407.83461270356213,84.1257733290721,491.5432266666667,155.77579873333337,19611
13,14,13,18,16,Bryan Woo,SEA,SP,SP,407.058598294883,98.83148257217232,433.2572,124.54566800000003,30279
14,17,52,103,70,Geraldo Perdomo,ARI,SS,Batter,405.643642748178,91.37335471756609,360.2484733333333,24.940167333333306,22799
15,19,17,22,15,Logan Webb,SFG,SP,SP,396.8414233923915,88.61430766968084,417.03740666666664,108.32587466666666,17995
16,16,11,10,9,Kyle Tucker,LAD,OF,Batter,392.5989412888278,92.7641231604959,446.6984166666667,153.79941266666668,18345
17,246,2,1,1,Shohei Ohtani,LAD,DH/SP,Batter,392.5235254239589,392.5235254239589,528.7243666666667,528.7243666666667,19755
18,13,40,38,103,Maikel Garcia,KCR,3B,Batter,391.2853410706489,102.53771726528453,370.37255,80.44817973333335,22715
19,28,24,48,51,Mookie Betts,LAD,SS,Batter,387.6886109985158,73.41832296790386,400.94762,65.63931399999996,13611
20,32,36,73,120,Vinnie Pasquantino,KCR,1B/DH,Batter,385.5854448424278,61.87660546793779,377.8063623333333,42.03893439999996,27676
21,26,22,29,28,Chris Sale,ATL,SP,SP,384.92158012423243,76.69446440152177,403.6638133333334,94.95228133333342,10603
22,21,14,13,17,Fernando Tatis Jr.,SDP,OF,Batter,384.87459661992085,85.03977849158895,426.0740066666667,133.17500266666673,19709
23,15,38,35,30,Alex Bregman,CHC,3B,Batter,383.4750234216733,94.72739961630896,375.4005743333334,85.47620406666675,17678
24,29,45,88,21,Francisco Lindor,NYM,SS,Batter,381.076498930822,66.80621090021009,367.68414666666666,32.37584066666665,12916
25,24,10,9,32,Ronald Acuna Jr.,ATL,OF,Batter,377.2090084841198,77.3741903557879,448.27283000000006,155.37382600000007,18401
26,33,18,37,27,Gunnar Henderson,BAL,SS,Batter,376.0039784069364,61.73369037632449,416.5444433333334,81.23613733333337,26289
27,20,25,23,20,Junior Caminero,TBR,3B,Batter,375.5582081386807,86.81058433331634,396.7346583333333,106.81028806666666,28163
28,18,21,19,13,Ketel Marte,ARI,2B/DH,Batter,375.1267988338031,90.34698568157398,406.40372666666667,117.80027733333333,13613
29,30,35,44,24,Hunter Brown,HOU,SP,SP,372.4130758181623,64.18596009545166,382.33256,73.62102800000002,25880
30,40,33,40,45,Jesus Luzardo,PHI,SP,SP,364.3384862094946,56.111370486783926,386.3923866666667,77.68085466666673,19959
31,31,23,21,23,Julio Rodriguez,SEA,OF,Batter,363.1771335704087,63.342315442076824,401.8628233333333,108.96381933333333,23697
32,25,68,57,107,Gleyber Torres,DET,2B,Batter,361.98982428957265,77.21001113734354,343.9649053333333,55.361455999999976,16997
33,35,59,51,63,George Springer,TOR,OF/DH,Batter,360.50290018658643,60.66808205825453,353.16022666666663,60.26122266666664,12856
34,44,32,39,22,Max Fried,NYY,SP,SP,359.27557415015116,51.048458427440494,388.4128333333333,79.70130133333333,13743
35,38,65,55,47,Cody Bellinger,NYY,OF,Batter,358.69381764334554,58.858999515013636,348.3529966666667,55.45399266666669,15998
36,47,34,43,42,Jacob deGrom,TEX,SP,SP,358.5921496791017,50.36503395639102,383.72094666666663,75.00941466666666,10954
37,65,37,76,221,Yandy Diaz,TBR,1B/DH,Batter,357.59817061688295,33.88933124239293,376.4393256666667,40.67189773333337,16578
38,50,26,34,14,Logan Gilbert,SEA,SP,SP,357.0493095942519,48.82219387154123,394.6100933333334,85.89856133333342,22250
39,23,48,14,35,Edwin Diaz,LAD,RP,RP,356.4240872231122,78.76254755236141,363.24423333333334,132.1508386666667,14710
40,52,44,52,38,Framber Valdez,DET,SP,SP,355.72867600125835,47.501560278547686,368.21509999999995,59.50356799999997,17295
41,68,29,58,81,Pete Alonso,BAL,1B,Batter,354.68303816435827,30.97419878986824,389.8622533333334,54.09482540000005,19251
42,42,77,72,168,Alec Burleson,STL,OF/1B/DH,Batter,352.2665232955504,52.431705167218524,335.8479996666667,42.94899566666669,27615
43,45,15,15,39,Yordan Alvarez,HOU,OF/DH,Batter,350.68276046447596,50.84794233614406,421.91601666666674,129.01701266666674,19556
44,27,131,75,66,Ben Rice,NYY,1B/C/DH,Batter,349.880371830189,75.91891499231423,304.3178766666667,40.80235833333336,29576
45,56,51,62,64,Sonny Gray,BOS,SP,SP,349.24900721037585,41.02189148766519,361.4005066666667,52.688974666666695,12768
46,51,16,17,11,Corbin Carroll,ARI,OF,Batter,348.2178835742974,48.383065445965485,420.22809333333333,127.32908933333334,25878
47,80,42,87,69,Matt Olson,ATL,1B,Batter,348.06022254053113,24.351383166041103,369.4123196666667,33.64489173333334,14344
48,59,49,60,34,Joe Ryan,MIN,SP,SP,346.83971669892367,38.612600976213,362.22748666666666,53.51595466666669,21390
49,60,72,92,68,Zack Wheeler,PHI,SP,SP,346.1218840384245,37.89476831571386,339.50036,30.788828000000024,10310
50,84,62,124,102,Josh Naylor,SEA,1B/DH,Batter,346.0779872922558,22.36914791776576,350.00993666666665,14.242508733333295,18839
51,61,156,188,73,Kyle Bradish,BAL,SP,SP,345.47046647974446,37.243350757033795,291.1543,-17.557232,24586
52,88,31,61,97,Freddie Freeman,LAD,1B,Batter,344.8534624893942,21.144623114904164,389.2184853333333,53.45105739999997,5361
53,63,80,106,128,Emmet Sheehan,LAD,SP,SP,343.936684942208,35.709569219497325,332.6827866666667,23.97125466666671,29839
54,55,43,41,43,Brent Rooker,ATH,OF/DH,Batter,341.0943844224412,41.25956629410928,369.25066633333336,76.35166233333337,19627
55,103,30,59,18,Kyle Schwarber,PHI,DH,Batter,340.25028892235207,16.541449547862044,389.299148,53.53172006666665,16478
56,105,119,204,300,Nolan Schanuel,LAA,1B,Batter,339.8067255980543,16.097886223564274,311.52836,-24.23906793333333,33189
57,46,54,47,25,Manny Machado,SDP,3B,Batter,339.2017156622517,50.45409185688732,359.2703811933333,69.34601092666668,11493
58,48,74,69,59,Austin Riley,ATL,3B,Batter,338.99353897591214,50.24591517054779,337.95037333333335,48.0260030666667,18360
59,70,55,66,52,Nick Pivetta,SDP,SP,SP,338.87155632298175,30.644440600271082,358.70733333333334,49.99580133333336,15454
60,34,71,20,40,Cade Smith,CLE,RP,RP,338.47913580509993,60.81759613434912,340.35035999999997,109.25696533333331,27867
61,81,75,149,148,Jeremy Pena,HOU,SS,Batter,337.453595799992,23.183307769380065,337.0718166666667,1.7635106666666616,21636
62,37,41,12,33,Mason Miller,SDP,RP,RP,337.06504831206644,59.403508641315625,369.4662733333333,138.37287866666662,31757
63,74,39,50,50,George Kirby,SEA,SP,SP,335.88718901060156,27.660073287890896,371.3263666666667,62.614834666666695,25436
64,75,114,140,76,Ryan Pepiot,TBR,SP,SP,335.78847249576455,27.561356773053888,314.27582,5.564288000000033,26221
65,39,81,25,56,Devin Williams,NYM,RP,RP,335.36315911987225,57.70161944912144,332.10052,101.00712533333336,15816
66,49,67,56,48,Nico Hoerner,CHC,2B,Batter,334.2734730685003,49.49365991627121,344.02045,55.41700066666664,21479
67,93,63,125,133,Bo Bichette,NYM,SS,Batter,334.01821876429364,19.7479307336817,349.0469266666667,13.73862066666669,19612
68,79,116,144,161,Robbie Ray,SFG,SP,SP,333.7157246561403,25.488608933429646,313.8684533333333,5.156921333333344,11486
69,36,73,42,37,William Contreras,MIL,C/DH,Batter,333.37267187290576,59.41121503503098,339.0817133333333,75.566195,20503
70,98,61,120,115,Corey Seager,TEX,SS,Batter,332.8996299479737,18.629341917361785,350.367012,15.058705999999972,13624
71,41,92,30,44,Josh Hader,HOU,RP,RP,331.0473174630797,53.385777792328895,325.8545466666667,94.76115200000004,14212
72,122,53,108,92,Rafael Devers,SFG,1B/DH,Batter,330.68044669900127,6.97160732451124,359.3256333333333,23.558205399999963,17350
73,69,57,49,57,Steven Kwan,CLE,OF,Batter,330.62810258603,30.79328445769812,356.04595,63.146946000000014,24610
74,71,93,89,53,Jarren Duran,BOS,OF,Batter,329.81142313297175,29.97660500463985,324.8017866666667,31.902782666666724,24617
75,86,70,90,62,Kevin Gausman,TOR,SP,SP,329.56546321856865,21.338347495857988,340.60953333333333,31.898001333333355,14107
76,43,160,192,236,Reid Detmers,LAA,RP,RP,329.3499554344454,51.68841576369459,289.9856733333333,-18.72585866666668,27468
77,72,98,96,111,Ian Happ,CHC,OF,Batter,329.18584453397955,29.351026405647644,321.77704,28.87803600000001,17919
78,89,69,85,26,Freddy Peralta,NYM,SP,SP,328.9512542911129,20.724138568402225,343.8811466666666,35.16961466666663,18679
79,91,118,146,99,Chase Burns,CIN,SP,SP,328.556629496693,20.32951377398234,312.0262066666666,3.314674666666633,35333
80,77,66,63,60,Jackson Merrill,SDP,OF,Batter,326.61125198479925,26.77643385646735,345.1530333333333,52.254029333333335,29490
81,100,208,243,197,Bubba Chandler,PIT,SP,SP,325.6985956341413,17.471479911430663,269.10466,-39.60687199999995,29868
82,78,82,80,116,Jurickson Profar,ATL,OF,Batter,325.65474637876207,25.819928250430166,331.4929916666667,38.59398766666669,10815
83,57,115,102,88,Brice Turang,MIL,2B,Batter,325.30473893726156,40.52492578503245,314.05721,25.453760666666653,22186
84,136,27,54,89,Bryce Harper,PHI,1B,Batter,325.12900331298994,1.4201639384999112,393.1896233333334,57.42219540000002,11579
85,58,148,141,167,Brendan Donovan,SEA,2B,Batter,324.9168746207421,40.13706146851297,294.02433666666667,5.420887333333326,24679
86,102,78,100,77,Nathan Eovaldi,TEX,SP,SP,324.90151426862633,16.674398545915665,335.02236,26.310828000000015,9132
87,117,76,152,188,Zach Neto,LAA,SS,Batter,324.0506081531887,9.780320122576768,336.56824,1.259933999999987,31347
88,106,129,160,163,Drew Rasmussen,TBR,SP,SP,323.8693463429313,15.64223062022063,305.65277333333336,-3.0587586666666198,25385
89,64,113,104,108,Matt Chapman,SFG,3B,Batter,322.99099286767307,34.243369062308716,314.59070333333335,24.66633306666671,16505
90,66,124,118,151,Jordan Westburg,BAL,3B,Batter,322.4440098072485,33.69638600188415,307.07763,17.153259733333357,27815
91,110,106,134,180,Aaron Nola,PHI,SP,SP,322.2905276820974,14.063411959386713,316.60333999999995,7.891807999999969,16149
92,85,105,107,75,Pete Crow-Armstrong,CHC,OF,Batter,321.2187806867773,21.383962558445376,316.66703333333334,23.768029333333345,27769
93,90,120,116,195,Jung Hoo Lee,SFG,OF,Batter,320.5298787853535,20.6950606570216,310.8573833333333,17.958379333333312,33824
94,54,104,33,65,Aroldis Chapman,BOS,RP,RP,319.91855307863773,42.257013407886916,317.5591866666667,86.46579200000002,10233
95,114,142,177,124,Jacob Misiorowski,MIL,SP,SP,319.3633741026467,11.13625837993601,298.5254133333333,-10.186118666666687,31623
96,95,121,119,100,Randy Arozarena,SEA,OF,Batter,318.79082953170064,18.956011403368734,308.68170000000003,15.782696000000044,19290
97,99,46,46,49,Jackson Chourio,MIL,OF,Batter,317.5112363247052,17.676418196373277,364.3468533333333,71.4478493333333,28806
98,53,117,67,118,Salvador Perez,KCR,C/1B/DH,Batter,317.31413078618453,43.35267394830976,313.0270183333333,49.511499999999955,7304
99,118,99,127,147,Jack Flaherty,DET,SP,SP,316.8702313828197,8.64311566010906,321.63480666666663,12.923274666666657,17479
100,107,109,109,109,Riley Greene,DET,OF/DH,Batter,314.84768653996764,15.012868411635736,316.04660333333334,23.147599333333346,25976
101,140,97,185,141,Willy Adames,SFG,SS,Batter,314.50459981781853,0.23431178720659318,321.8193733333333,-13.488932666666699,15986
102,108,84,83,87,Seiya Suzuki,CHC,OF/DH,Batter,314.37680869933087,14.541990570998962,329.98502666666667,37.08602266666668,30116
103,62,102,31,67,David Bednar,NYY,RP,RP,313.8493103519347,36.187770681183906,320.3527066666667,89.25931200000002,19569
104,148,141,235,300,Ezequiel Tovar,COL,SS,Batter,312.9967517280306,-1.2735363025813626,299.7172333333333,-35.59107266666672,24064
105,112,226,221,214,Daylen Lile,WSN,OF,Batter,312.45904871709064,12.624230588758735,263.11559666666665,-29.783407333333344,29995
106,129,79,105,58,Blake Snell,LAD,SP,SP,312.3501611468866,4.123045424175928,333.2789533333334,24.567421333333414,13543
107,168,161,270,271,Michael Busch,CHC,1B,Batter,312.3334818913757,-11.375357483114328,288.56530000000004,-47.202127933333315,26319
108,76,95,86,83,Ozzie Albies,ATL,2B,Batter,312.2943353665362,27.51452221430708,323.40423,34.80078066666664,16556
109,152,47,95,54,Elly De La Cruz,CIN,SS,Batter,311.41710319976914,-2.8531848308427925,364.22208666666666,28.91378066666664,26668
110,131,110,137,122,Tanner Bibee,CLE,SP,SP,311.3414611755864,3.114345452875739,315.1584133333334,6.446881333333408,30134
111,132,127,159,114,Eury Perez,MIA,SP,SP,311.21006051105763,2.9829447883469697,305.89834,-2.813191999999958,27768
112,133,88,114,184,Trey Yesavage,TOR,SP,SP,310.79449667446045,2.567380951749783,327.6428266666666,18.931294666666645,35456
113,115,151,153,125,Tyler Soderstrom,ATH,OF/1B,Batter,310.59453937102893,10.759721242697026,293.79667333333333,0.8976693333333401,27467
114,67,87,28,46,Jhoan Duran,PHI,RP,RP,309.7344922367681,32.07295256601731,328.12027333333333,97.02687866666668,21029
115,178,58,117,294,Luis Arraez,SFG,1B/DH,Batter,309.38368069921813,-14.325158675271894,353.29667,17.529242066666654,18568
116,137,136,165,260,Cody Ponce,TOR,SP,SP,309.1278549870203,0.9007392643096637,301.6693666666667,-7.042165333333287,17920
117,143,172,206,152,Nolan McLean,NYM,SP,SP,308.38633003926464,0.159214316553971,283.89718,-24.814351999999985,33703
118,94,204,193,272,Carlos Correa,HOU,SS/3B,Batter,308.38237725425273,19.634753448888375,270.00890566666664,-19.915464600000007,14162
119,119,170,171,263,Heliot Ramos,SFG,OF,Batter,308.16433754522006,8.32951941688816,284.68639,-8.212613999999974,22515
120,157,158,261,233,Xander Bogaerts,SDP,SS,Batter,307.49185633479726,-6.778431695814675,290.6583233333333,-44.64998266666669,12161
121,146,219,254,189,Kris Bubic,KCR,SP,SP,307.4748656747442,-0.75225004796647,265.15174666666667,-43.55978533333331,21455
122,121,94,91,106,Taylor Ward,BAL,OF,Batter,307.0150569422112,7.180238813879271,324.53531666666663,31.63631266666664,17548
123,150,125,157,132,Gavin Williams,CLE,SP,SP,306.41203567575604,-1.8150800469546198,306.11188666666663,-2.599645333333342,30122
124,123,100,97,91,Brandon Nimmo,TEX,OF,Batter,306.1810162811682,6.34619815283628,321.16836333333333,28.26935933333334,12927
125,87,179,166,162,Luis Garcia Jr.,WSN,2B,Batter,306.0837884938418,21.30397534161267,281.3432666666667,-7.260182666666651,20391
126,151,83,110,154,MacKenzie Gore,TEX,SP,SP,305.421541297712,-2.8055744249986674,330.6120933333334,21.900561333333428,22201
127,126,205,198,176,Jakob Marsee,MIA,OF,Batter,304.61310787996666,4.778289751634759,269.80034666666666,-23.098657333333335,31370
128,165,90,176,183,CJ Abrams,WSN,SS,Batter,304.4680182473929,-9.80226978321906,326.21904,-9.08926600000001,25768
129,127,60,53,79,Wyatt Langford,TEX,OF,Batter,304.23373279494695,4.398914666615042,350.66284666666667,57.763842666666676,33333
130,128,128,128,78,Roman Anthony,BOS,OF,Batter,304.20830517250863,4.373487044176727,305.8038966666667,12.904892666666683,31812
131,193,270,431,227,Marcell Ozuna,ATL,DH,Batter,302.441613926034,-21.26722544845603,242.95965,-92.80777793333334,10324
132,156,130,161,86,Brandon Woodruff,MIL,SP,SP,302.33465647962726,-5.892459243083408,304.42288,-4.288651999999956,16162
133,73,139,84,84,Shea Langeliers,ATH,C,Batter,302.233512061303,28.272055223428197,300.41597,36.9004516666667,25816
134,194,236,361,300,Jonathan Aranda,TBR,1B,Batter,301.9499095309852,-21.758929843504802,258.7392013333333,-77.02822660000004,21837
135,101,162,155,210,Otto Lopez,MIA,SS/2B,Batter,301.7134387828613,16.933625630632207,287.6468933333333,-0.9565560000000346,19608
136,196,165,272,262,Ivan Herrera,STL,DH,Batter,301.66496132209005,-22.043878052399975,287.19077866666663,-48.57664926666672,20599
137,158,135,163,204,Carlos Rodon,NYY,SP,SP,301.3544400866444,-6.872675636066276,302.14648,-6.56505199999998,16137
138,173,132,224,300,Masyn Winn,STL,SS,Batter,301.30052456392093,-12.969763466691006,304.23922,-31.069086000000027,27479
139,159,96,123,93,Luis Castillo,SEA,SP,SP,300.9548823360462,-7.272233386664482,323.1677666666667,14.456234666666717,15689
140,139,175,178,177,Jo Adell,LAA,OF,Batter,300.61317143347486,0.7783533051429572,282.07359333333335,-10.825410666666642,20220
141,176,184,291,215,Dansby Swanson,CHC,SS,Batter,300.14423009996665,-14.126057930645288,278.57057333333336,-56.73773266666666,18314
142,141,223,217,211,Kyle Stowers,MIA,OF,Batter,300.01282450689763,0.1780063785657262,264.2934133333334,-28.605590666666615,26151
143,162,138,172,140,Ranger Suarez,BOS,SP,SP,299.8725050542921,-8.354610668418559,300.4894066666666,-8.222125333333395,17277
144,164,108,135,110,Pablo Lopez,MIN,SP,SP,299.6879180996529,-8.53919762305776,316.2956133333334,7.584081333333415,17085
145,144,152,154,153,Bryan Reynolds,PIT,OF/DH,Batter,299.532201448794,-0.3026166795378913,293.3863066666666,0.4873026666666078,19326
146,109,154,147,220,Ernie Clement,TOR,3B/2B/SS,Batter,299.32060330407035,14.540790151841236,291.7347866666667,3.131337333333363,20352
147,116,137,132,179,Alec Bohm,PHI,3B,Batter,298.9510668909072,10.203443085542858,300.522494,10.598123733333352,21618
148,182,56,111,94,Trea Turner,PHI,SS,Batter,298.7971716577605,-15.47311637285145,357.1016233333333,21.793317333333277,16252
149,111,181,175,277,Jeff McNeil,ATH,2B/OF,Batter,298.78698715844064,14.007174006211528,279.96815666666663,-8.635292666666714,15362
150,92,103,32,36,Andres Munoz,SEA,RP,RP,297.71271509615644,20.05117542540563,320.10922,89.01582533333334,20373
151,167,101,129,137,Michael King,SDP,SP,SP,297.38054918690096,-10.8465665358097,321.0468066666667,12.335274666666749,19853
152,82,50,26,12,Cal Raleigh,SEA,C/DH,Batter,297.07095697791505,23.109500140040268,362.206639,98.69112066666668,21534
153,83,195,131,101,Drake Baldwin,ATL,C,Batter,296.9166680938507,22.95521125597594,274.17678499999994,10.66126666666662,31539
154,170,64,77,10,Yoshinobu Yamamoto,LAD,SP,SP,296.58167046748974,-11.64544525522092,348.40619999999996,39.69466799999998,33825
155,96,133,45,136,Daniel Palencia,CHC,RP,RP,296.4732657110345,18.811726040283702,302.89026666666666,71.79687200000001,27914
156,155,126,126,156,Michael Harris II,ATL,OF,Batter,294.8075880799844,-5.027230048347519,306.08689,13.187885999999992,25931
157,206,177,286,80,Christian Yelich,MIL,DH,Batter,294.54685426463647,-29.16198510985356,281.6690066666667,-54.09842126666666,11477
158,179,182,218,182,Shane Baz,BAL,SP,SP,293.54118092779356,-14.685934794917102,279.84688666666665,-28.86464533333333,22264
159,180,134,162,135,Zac Gallen,ARI,SP,SP,293.1730313355339,-15.054084387176772,302.5034666666666,-6.208065333333366,19291
160,97,259,186,127,Agustin Ramirez,MIA,C/DH,Batter,292.7199682494044,18.75851141152964,247.6597403333333,-15.855778000000015,26546
161,212,231,355,300,Willson Contreras,BOS,1B,Batter,292.52078403972763,-31.188055334762396,261.27064333333334,-74.49678460000001,11609
162,213,153,257,258,Spencer Torkelson,DET,1B,Batter,292.2870011673166,-31.421838207173437,291.8932636666666,-43.87416426666675,27465
163,160,122,122,98,James Wood,WSN,OF/DH,Batter,291.8347219771436,-8.000096151188302,307.5530333333333,14.654029333333312,29518
164,104,197,133,123,Yainer Diaz,HOU,C/DH,Batter,290.4969886246392,16.53553178676441,273.473502,9.957983666666678,23003
165,135,155,151,212,Miguel Vargas,CHW,3B/1B,Batter,290.4315165560701,1.683892750705752,291.2000766666667,1.2757064000000469,20178
166,222,428,699,300,Paul Goldschmidt,NYY,1B,Batter,288.74213633373154,-34.96670304075849,175.93789999999998,-159.82952793333337,9218
167,145,173,164,240,Nolan Arenado,ARI,3B,Batter,288.4439022122102,-0.3037215931541368,283.17102766666665,-6.753342599999996,9777
168,169,146,148,139,Andy Pages,LAD,OF,Batter,288.39549351617995,-11.43932461215195,295.79562333333337,2.8966193333333763,24816
169,130,91,82,55,Jose Altuve,HOU,2B/OF/DH,Batter,288.0355758581714,3.2557627059422884,326.146717,37.54326766666668,5417
170,147,163,156,166,Caleb Durbin,BOS,3B,Batter,287.47839989960136,-1.269223905762999,287.51899,-2.4053802666666684,29646
171,192,198,234,267,Chris Bassitt,BAL,SP,SP,287.0559752730325,-21.17114044967815,273.16596666666663,-35.54556533333334,12304
172,134,149,143,181,Xavier Edwards,MIA,2B/SS,Batter,286.7503590617289,1.9705459094997764,293.90442666666667,5.300977333333321,22266
173,195,209,244,224,Brady Singer,CIN,SP,SP,286.34408896610137,-21.883026756609297,269.01306666666665,-39.69846533333333,25377
174,197,224,263,223,Shane McClanahan,TBR,SP,SP,285.7818606036806,-22.445255119030037,263.87712000000005,-44.83441199999993,21483
175,113,111,65,112,Adley Rutschman,BAL,C,Batter,285.72324692666615,11.761790088791372,314.87068566666665,51.35516733333333,26288
176,138,107,98,74,Jazz Chisholm Jr.,NYY,2B/3B,Batter,285.62078989330394,0.8409767410748259,316.3126466666667,27.70919733333335,20454
177,231,185,293,300,Josh Bell,MIN,1B,Batter,285.37996699622926,-38.32887237826077,278.38765900000004,-57.37976893333331,13145
178,142,201,191,194,Jorge Polanco,NYM,2B/DH,Batter,284.9453972099052,0.1655840576760852,270.28745100000003,-18.31599833333331,13152
179,207,247,373,300,J.P. Crawford,SEA,SS,Batter,284.76137443790697,-29.50891359270497,254.12820666666667,-81.18009933333335,15491
180,149,123,115,146,Bryson Stott,PHI,2B,Batter,283.3784170222318,-1.4013961299972948,307.41782333333333,18.814373999999987,26294
181,198,159,190,104,Tyler Glasnow,LAD,SP,SP,283.3241829458064,-24.902932776904265,290.57147333333336,-18.14005866666662,14374
182,124,189,71,113,Emilio Pagan,CIN,RP,RP,282.95336652680885,5.291826856058037,275.74365333333327,44.650258666666616,14771
183,199,166,199,134,Nick Lodolo,CIN,SP,SP,282.7208282657587,-25.506287456951952,285.48822666666666,-23.223305333333315,26378
184,200,167,200,165,Sandy Alcantara,MIA,SP,SP,282.68438180065965,-25.542733922051013,285.32682,-23.38471199999998,18684
185,153,85,74,126,Marcus Semien,NYM,2B,Batter,281.91888577753326,-2.860927374695848,329.74200999999994,41.13856066666659,12533
186,120,168,112,160,Hunter Goodman,COL,C/DH,Batter,281.57783754552594,7.61638070765116,285.1185633333334,21.603045000000066,29715
187,203,144,183,155,Matthew Boyd,CHC,SP,SP,280.288078264971,-27.939037457739687,296.83405999999997,-11.877472000000012,15440
188,188,258,262,228,Kerry Carpenter,DET,OF/DH,Batter,279.42464519697506,-20.41017293135684,248.10080333333335,-44.798200666666645,25961
189,125,157,99,208,Alejandro Kirk,TOR,C,Batter,279.14432967673866,5.1828728388638865,290.820872,27.30535366666669,22581
190,190,243,241,191,Sal Frelick,MIL,OF,Batter,278.7758222918944,-21.058995836437475,255.84028666666669,-37.058717333333306,29622
191,166,164,158,190,Kazuma Okamoto,TOR,3B,Batter,278.4332334680327,-10.314390337331645,287.20926299999996,-2.715107266666678,sa3063134
192,208,140,174,235,Jose Soriano,LAA,SP,SP,278.0337607837172,-30.19335493899348,300.1583666666666,-8.553165333333368,22100
193,227,89,169,164,Jacob Wilson,ATH,SS,Batter,277.5351452177681,-36.73514281284383,327.63550666666663,-7.672799333333387,33266
194,214,212,247,246,Ryne Nelson,ARI,SP,SP,276.78970049563964,-31.43741522707103,267.1753266666667,-41.53620533333327,26253
195,258,86,168,82,Nick Kurtz,ATH,1B,Batter,276.61129637621605,-47.09754299827398,328.15417333333335,-7.613254600000005,35110
196,259,196,309,300,Andrew Vaughn,MIL,1B,Batter,276.3311051694181,-47.37773420507193,273.64525,-62.122177933333376,26197
197,216,178,213,199,Joe Musgrove,SDP,SP,SP,276.1322490559736,-32.09486666673706,281.38518666666664,-27.326345333333336,12970
198,154,183,68,117,Jeff Hoffman,TOR,RP,RP,274.13616989366574,-3.525369777085075,279.4142266666667,48.32083200000005,17432
199,223,235,274,297,Joey Cantillo,CLE,SP,SP,273.2514794741473,-34.975636248563376,259.4550866666667,-49.25644533333326,23335
200,224,190,228,251,Mitch Keller,PIT,SP,SP,273.1805086859752,-35.04660703673545,275.36274000000003,-33.348791999999946,17594
201,226,112,139,85,Spencer Strider,ATL,SP,SP,272.25871338893586,-35.968402333774804,314.72582000000006,6.014288000000079,27498
202,174,246,229,157,Brandon Lowe,PIT,2B,Batter,271.41013147009585,-13.369681682133262,255.05831666666666,-33.54513266666669,18882
203,185,225,211,255,Munetaka Murakami,CHW,3B,Batter,271.36858470333186,-17.379039102032493,263.2808396666667,-26.643530599999963,sa3063258
204,204,145,145,150,Teoscar Hernandez,LAD,OF,Batter,271.20671921248595,-28.628098915845953,296.3089766666667,3.409972666666704,13066
205,205,315,353,300,Gavin Sheets,SDP,LF,Batter,271.098621336271,-28.736196792060923,219.68044133333333,-73.21856266666666,19901
206,228,143,182,205,Yusei Kikuchi,LAA,SP,SP,270.66870617759884,-37.55840954511183,296.9321866666667,-11.779345333333254,20633
207,177,180,173,144,Luke Keaschall,MIN,2B,Batter,270.5058161567542,-14.273996995474931,280.26366333333334,-8.339786000000004,33321
208,161,174,64,121,Ryan Helsley,BAL,RP,RP,269.34046550594474,-8.321074164806078,283.09078666666665,51.99739199999999,18138
209,181,217,196,226,Jake Cronenworth,SDP,2B,Batter,269.3194829840587,-15.460330168170401,265.73267000000004,-22.870779333333303,18036
210,209,242,238,229,Ryan O'Hearn,PIT,1B/OF/DH,Batter,269.0990781198079,-30.735740008523976,257.14744333333334,-35.75156066666665,16442
211,234,218,250,300,Reynaldo López,ATL,SP,SP,268.74267498697577,-39.48444073573489,265.70824666666664,-43.00328533333334,16400
212,281,213,341,300,Jake Burger,TEX,1B,Batter,268.64163437137455,-55.067205003115475,266.79794066666665,-68.9694872666667,22275
213,282,211,336,300,Kyle Manzardo,CLE,1B,Batter,268.53070432226036,-55.17813505222966,267.42287533333337,-68.34455259999999,29794
214,236,244,282,173,Trevor Rogers,BAL,SP,SP,268.3450512908441,-39.88206443186658,255.75032666666667,-52.96120533333331,22286
215,189,287,289,289,Addison Barger,TOR,3B/OF,Batter,268.1311514885026,-20.616472316861746,233.56432333333336,-56.36004693333328,24598
216,215,191,189,225,TJ Friedl,CIN,OF,Batter,267.7884394444133,-32.04637868391859,275.2715833333333,-17.627420666666694,19522
217,242,250,294,300,Braxton Ashcraft,PIT,SP,SP,266.95005168746604,-41.27706403524462,251.30486000000005,-57.40667199999993,23793
218,187,187,181,178,Ceddanne Rafaela,BOS,OF/2B,Batter,266.6942231245854,-18.08559002764372,276.87337333333335,-11.730075999999997,24262
219,163,150,93,96,Will Smith,LAD,C,Batter,265.55332899681184,-8.408127841062935,293.8653166666667,30.349798333333354,19197
220,171,186,70,72,Raisel Iglesias,ATL,RP,RP,265.4044307163001,-12.2571089544507,278.00138000000004,46.907985333333386,17130
221,246,2,1,1,Shohei Ohtani,LAD,SP,SP,265.3745822083786,-42.85253351433204,528.7243666666667,528.7243666666667,19755
222,219,233,225,248,Adolis Garcia,PHI,OF,Batter,265.36312979456267,-34.47168833376924,260.2956526666667,-32.60335133333331,19287
223,247,192,230,300,Quinn Priester,MIL,SP,SP,265.31271418873877,-42.9144015339719,274.7968866666667,-33.91464533333328,25977
224,172,203,79,170,Ryan Walker,SFG,RP,RP,264.9922470107997,-12.669292659951111,270.20061333333337,39.10721866666671,20423
225,220,289,300,300,Ramon Laureano,SDP,RF,Batter,264.9658416960561,-34.868976432275815,233.30150333333333,-59.59750066666666,17128
226,249,188,226,193,Edward Cabrera,CHC,SP,SP,264.63696430568865,-43.590151417022014,276.0034600000001,-32.7080719999999,21690
227,251,199,240,280,Grant Taylor,CHW,SP,SP,264.42262688535794,-43.80448883735272,272.0228466666667,-36.6886853333333,33927
228,252,169,202,285,David Peterson,NYM,SP,SP,264.1468406012924,-44.08027512141825,284.74012,-23.971411999999987,20302
229,266,227,352,300,Joey Ortiz,MIL,SS,Batter,263.980605175848,-50.28968285476395,263.04118666666665,-72.26711933333337,25493
230,175,230,94,90,Carlos Estevez,KCR,RP,RP,263.9295799383718,-13.731959732379039,261.41048666666666,30.317092000000002,14542
231,255,171,203,174,Merrill Kelly,ARI,SP,SP,263.5478490312601,-44.67926669145055,284.47363333333334,-24.237898666666638,11156
232,269,264,414,300,Chase Meidroth,CHW,SS,Batter,262.36406932239805,-51.906218708213885,245.09268666666665,-90.21561933333336,31580
233,230,206,201,300,Lars Nootbaar,STL,LF,Batter,262.02712722500155,-37.807690903330354,269.40086,-23.498143999999968,21454
234,270,321,532,300,Colson Montgomery,CHW,SS,Batter,261.8533357756824,-52.41695225492953,218.57632999999998,-116.73197600000003,29712
235,293,229,354,247,Christian Walker,HOU,1B,Batter,261.45532582344293,-62.25351355104709,262.3855883333333,-73.38183960000003,13419
236,232,241,236,232,Wilyer Abreu,BOS,OF,Batter,261.2363011540862,-38.59851697424568,257.23622666666665,-35.66277733333334,23772
237,184,207,81,105,Pete Fairbanks,MIA,RP,RP,261.1212925613611,-16.540247109389725,269.21358666666663,38.120191999999975,17998
238,235,215,210,270,Trent Grisham,NYY,OF,Batter,260.08589802822075,-39.74892010011115,266.25991,-26.639094,18564
239,186,249,113,196,Dennis Santana,PIT,RP,RP,259.76101889531895,-17.900520775431858,252.16330666666667,21.069912000000016,17878
240,260,222,258,300,Brandon Pfaadt,ARI,SP,SP,259.6542827025236,-48.57283302018709,264.7893066666667,-43.9222253333333,27782
241,262,221,256,269,Sean Manaea,NYM,SP,SP,259.40385711233046,-48.82325861038021,264.93508,-43.77645199999995,15873
242,238,200,194,242,Lawrence Butler,ATH,OF,Batter,259.09059661916876,-40.74422150916314,270.68912666666665,-22.20987733333334,22542
243,264,239,279,264,Shane Smith,CHW,SP,SP,258.8604715472342,-49.36664417547644,257.77997999999997,-50.93155200000001,31687
244,201,232,216,300,Andres Gimenez,TOR,2B,Batter,257.9228217854689,-26.856991366760212,260.52847333333335,-28.074975999999992,19950
245,202,238,223,286,Jonathan India,KCR,2B/3B/OF/DH,Batter,257.8778049229421,-26.90200822928699,257.9667299999999,-30.636719333333417,21523
246,183,285,215,253,Gabriel Moreno,ARI,C,Batter,257.80854104363124,-16.15291579424354,235.68035,-27.835168333333314,22664
247,210,248,239,300,Sal Stewart,CIN,3B,Batter,257.65400068406797,-31.09362312129639,253.66278466666668,-36.26158559999996,31505
248,244,214,209,159,Oneil Cruz,PIT,OF,Batter,257.4973052436949,-42.33751288463702,266.26936,-26.629643999999985,21711
249,245,265,271,257,Mike Trout,LAA,OF/DH,Batter,257.1918416396355,-42.64297648869638,244.38933,-48.50967399999999,10155
250,248,147,150,129,Byron Buxton,MIN,OF,Batter,256.68985892782433,-43.14495920050757,294.31772333333333,1.4187193333333425,14161
251,191,202,78,158,Abner Uribe,MIL,RP,RP,256.5094461815209,-21.152093489229912,270.2795066666667,39.18611200000004,25327
252,253,261,267,300,Mickey Moniak,COL,RF,Batter,255.75092272984523,-44.083895398486675,246.90141333333335,-45.99759066666664,19956
253,254,216,212,288,Dylan Crews,WSN,OF,Batter,255.59437288821073,-44.240445240121176,266.09415,-26.804853999999978,33541
254,273,237,276,244,Jack Leiter,TEX,SP,SP,254.8202422855018,-53.40687343720887,258.43496666666664,-50.27656533333334,30146
255,256,256,253,296,Brenton Doyle,COL,OF,Batter,254.77902237351748,-45.055795754814426,249.35827333333336,-43.54073066666663,25479
256,257,255,251,299,Andrew Benintendi,CHW,OF/DH,Batter,253.81853913269904,-46.01627899563286,249.8844133333333,-43.01459066666669,17901
257,225,210,195,138,Isaac Paredes,HOU,3B,Batter,253.61181945261671,-35.13580435274764,267.52388,-22.400490266666623,20036
258,277,275,325,300,Cameron Schlittler,NYY,SP,SP,253.4714585186129,-54.75565720409776,242.23531333333335,-66.47621866666663,32095
259,278,272,323,300,Max Meyer,MIA,SP,SP,253.46835212623708,-54.758763596473585,242.72956,-65.98197199999998,27474
260,217,263,252,230,Colt Keith,DET,2B/3B/DH,Batter,252.35804648952083,-32.42176666270828,245.58104,-43.02240933333334,27899
261,261,300,327,300,Jac Caglianone,KCR,RF,Batter,251.15084734938708,-48.683970778944825,225.95355000000004,-66.94545399999996,35041
262,285,277,329,300,Chad Patrick,MIL,SP,SP,250.89156263508485,-57.33555308762581,241.53797333333333,-67.17355866666665,30113
263,286,220,255,169,Andrew Abbott,CIN,SP,SP,250.6703117518203,-57.55680397089037,265.08568,-43.62585199999995,29911
264,287,309,395,300,Jeffrey Springs,ATH,SP,SP,249.62074250386198,-58.60637321884869,222.54801333333333,-86.16351866666665,17677
265,288,260,305,300,Luis Severino,ATH,SP,SP,249.6143247489652,-58.61279097374546,247.5324333333333,-61.179098666666675,15890
266,267,266,273,245,Luis Robert Jr.,NYM,OF,Batter,249.40602428111202,-50.42879384721988,244.31303333333335,-48.58597066666664,20043
267,233,267,265,200,Noelvi Marte,CIN,OF/3B,Batter,249.31337058830573,-39.434253217058625,244.04158666666663,-45.88278360000001,26517
268,292,240,101,143,Griffin Jax,TBR,SP,SP,248.67651934036618,-59.55059638234448,257.2421533333333,26.14875866666665,20253
269,268,228,222,219,Daulton Varsho,TOR,OF,Batter,248.3173751219814,-51.517443006350504,262.42594,-30.473063999999965,19918
270,237,176,170,119,Eugenio Suarez,CIN,3B,Batter,248.13995938727183,-40.607664418092526,281.7659346666666,-8.158435600000018,12552
271,239,335,362,300,Josh Jung,TEX,3B,Batter,247.9307244902373,-40.816899315127046,212.06852333333336,-77.85584693333328,26299
272,229,288,287,130,Jackson Holliday,BAL,2B,Batter,247.09976767054596,-37.68004548168315,233.30597,-55.29747933333334,31781
273,301,252,391,218,Trevor Story,BOS,SS,Batter,246.94442598663574,-67.3258620439762,250.4715166666667,-84.83678933333331,12564
274,243,234,220,175,Royce Lewis,MIN,3B,Batter,246.7994537138937,-41.948170091470644,260.24097866666665,-29.683391599999993,20437
275,211,274,130,222,Seranthony Dominguez,CHW,RP,RP,246.50793721046384,-31.153602460286976,242.29069333333334,11.197298666666683,19249
276,274,343,388,300,Matt Wallner,MIN,RF,Batter,246.27541009768558,-53.559408030646324,209.11019233333334,-83.78881166666665,26466
277,294,278,337,300,Mike Burrows,HOU,SP,SP,245.83108368041343,-62.396032042297236,240.15336000000002,-68.55817199999996,24728
278,250,269,269,300,Brooks Lee,MIN,3B,Batter,244.95404706853103,-43.79357673683333,243.08594333333335,-46.838426933333295,31595
279,297,299,378,300,Cade Cavalli,WSN,SP,SP,244.53255232593722,-63.69456339677345,226.45700000000002,-82.25453199999995,27473
280,221,280,138,131,Kenley Jansen,DET,RP,RP,242.7471325776823,-34.91440709306852,237.38009333333335,6.286698666666695,3096
281,218,281,208,300,Ryan Jeffers,MIN,C,Batter,240.31417567110506,-33.647281166769716,237.149001,-26.36651733333332,24618
282,303,293,369,300,Jacob Lopez,ATH,SP,SP,240.20095859909716,-68.0261571236135,228.86731999999998,-79.844212,25098
283,306,253,297,300,Grayson Rodriguez,LAA,SP,SP,239.35106164652603,-68.87605407618463,250.44744,-58.26409199999998,24492
284,308,282,350,275,Clay Holmes,NYM,SP,SP,238.24716048852025,-69.97995523419041,237.06256,-71.64897199999999,13649
285,309,297,372,290,Michael Wacha,KCR,SP,SP,238.15997254879875,-70.06714317391192,228.31954666666664,-80.39198533333334,14078
286,310,325,432,282,Seth Lugo,KCR,SP,SP,237.52401238626737,-70.70310333644329,215.6242933333333,-93.08723866666668,12447
287,311,257,299,202,Gerrit Cole,NYY,SP,SP,237.47656369457303,-70.75055202813763,249.34770000000003,-59.363831999999945,13125
288,296,271,275,300,Willi Castro,COL,LF,Batter,236.92897609716118,-62.90584203117072,242.81887666666668,-50.08012733333331,17338
289,240,279,136,207,Robert Garcia,TEX,RP,RP,236.74876816134588,-40.912771509404934,237.67575333333335,6.582358666666693,23363
290,241,312,179,300,Clayton Beeter,WSN,RP,RP,236.48697531645092,-41.17456435429989,220.12686,-10.96653466666666,27494
291,349,286,467,300,Spencer Horwitz,PIT,1B,Batter,236.42479808144657,-87.28404129304346,234.5163186666667,-101.25110926666665,26477
292,298,358,407,300,Wenceel Perez,DET,RF,Batter,235.6722265972899,-64.16259153104201,203.73396,-89.165044,22857
293,314,268,322,300,Will Warren,NYY,SP,SP,235.55629980679794,-72.67081591591273,243.61736,-65.09417199999999,30182
294,316,290,357,300,Dustin May,STL,SP,SP,235.2544576990974,-72.97265802361326,233.17582000000002,-75.53571199999996,19716
295,641,310,334,186,Max Muncy,LAD,3B,Batter,234.78461981383484,-53.96300399152952,222.1542333333333,-67.77013693333333,13301
296,317,296,370,300,Braxton Garrett,MIA,SP,SP,234.73993186575538,-73.48718385695528,228.3832133333333,-80.32831866666669,21844
297,319,254,298,249,Casey Mize,DET,SP,SP,234.43665002348482,-73.79046569922585,249.95927333333336,-58.75225866666662,20492
298,276,473,562,300,Lenyn Sosa,CHW,2B,Batter,230.21033131622184,-54.56948183600727,163.929156,-124.67429333333334,22896
299,324,378,511,300,Brad Lord,WSN,SP,SP,230.15144743445705,-78.07566828825361,195.28501333333335,-113.42651866666662,31972
300,325,303,385,268,Brayan Bello,BOS,SP,SP,230.02500296352653,-78.20211275918413,225.49728000000005,-83.21425199999993,23920
301,326,276,328,300,Ryan Weathers,NYY,SP,SP,229.92965661447792,-78.29745910823274,241.62794,-67.08359199999998,23796
302,289,364,404,300,Ke'Bryan Hayes,CIN,3B,Batter,229.781620815008,-58.966002990356344,201.86647000000002,-88.05790026666662,18577
303,290,395,472,300,Brett Baty,NYM,3B,Batter,229.65160753636232,-59.096016269002035,187.19706366666665,-102.72730659999999,26123
304,327,301,383,300,Zebby Matthews,MIN,SP,SP,229.44310185744652,-78.78401386526414,225.58636666666666,-83.12516533333331,31827
305,263,283,142,172,Edwin Uceta,TBR,RP,RP,228.33900585177906,-49.32253381897175,236.47076,5.377365333333358,20539
306,265,361,214,300,Victor Vodnik,COL,RP,RP,228.1995927533428,-49.461946917408,203.27086,-27.822534666666655,24614
307,313,373,442,300,Brandon Marsh,PHI,CF,Batter,227.9928306899418,-71.8419874383901,197.52421333333334,-95.37479066666666,20202
308,315,408,502,300,Dominic Canzone,SEA,RF,Batter,227.08300372136537,-72.75181440696653,181.4779453333333,-111.42105866666668,26438
309,331,273,324,300,Jameson Taillon,CHC,SP,SP,226.91034898757215,-81.31676673513851,242.52463999999995,-66.18689200000003,11674
310,351,314,525,300,Josh Smith,TEX,SS,Batter,226.35284736150615,-87.91744066910579,219.83675000000002,-115.47155599999999,26396
311,334,245,283,187,Tatsuya Imai,HOU,SP,SP,226.29131659435825,-81.93579912835241,255.26639333333333,-53.44513866666665,sa3062955
312,392,284,460,300,Chase DeLauter,CLE,Unknown,Batter,225.8360756928332,-97.87276368165683,235.91487066666664,-99.85255726666671,32127
313,272,262,121,95,Trevor Megill,MIL,RP,RP,224.47965573057806,-53.18188394017275,245.88837333333333,14.79497866666668,17722
314,321,368,430,300,Mike Yastrzemski,ATL,RF,Batter,224.0938884604561,-75.7409296678758,200.25968966666665,-92.63931433333335,14854
315,339,344,462,300,Grant Holmes,ATL,SP,SP,223.93729707032807,-84.28981865238259,208.71000666666666,-100.00152533333332,16944
316,340,307,393,300,Foster Griffin,WSN,SP,SP,223.8292825207988,-84.39783320191185,223.74214666666668,-84.96938533333329,16432
317,399,340,563,300,Jesus Sanchez,TOR,Unknown,Batter,223.76712168871614,-99.94171768577388,209.527914,-126.23951393333334,19913
318,322,379,455,300,Trevor Larnach,MIN,RF,Batter,222.9740564240778,-76.86076170425412,194.860067,-98.038937,21501
319,344,456,624,300,Kyle Freeland,COL,SP,SP,222.8700100977623,-85.35710562494836,167.11271999999994,-141.59881200000004,16256
320,295,320,345,287,Tommy Edman,LAD,2B/OF,Batter,222.11605874482112,-62.66375440740799,218.8303,-69.77314933333335,19470
321,347,193,231,171,Shota Imanaga,CHC,SP,SP,221.61742190982594,-86.60969381288473,274.7432866666667,-33.9682453333333,33829
322,283,354,207,300,Taylor Rogers,MIN,RP,RP,221.30936679959285,-56.35217287115796,205.53914,-25.55425466666665,13449
323,271,498,477,300,Dillon Dingler,DET,C,Batter,221.10279773386853,-52.85865910400625,159.30999566666665,-104.20552266666667,27464
324,284,306,167,203,Jeremiah Estrada,SDP,RP,RP,220.3473844920679,-57.31415517868291,223.81350666666665,-7.279888,22210
325,352,291,364,300,Slade Cecconi,CLE,SP,SP,220.30556086059187,-87.9215548621188,229.97150000000002,-78.74003199999996,27500
326,353,305,389,274,Logan Henderson,MIL,SP,SP,220.12134774725473,-88.10576797545593,224.56392666666667,-84.1476053333333,31475
327,357,385,531,300,Kyle Leahy,STL,SP,SP,219.12980349652736,-89.0973122261833,192.17588666666668,-116.53564533333329,24763
328,279,404,368,300,Kyle Teel,CHW,C,Batter,218.95622858862058,-55.0052282492542,184.53197999999998,-78.98353833333334,33549
329,280,357,302,300,J.T. Realmuto,PHI,C,Batter,218.9075523216587,-55.05390451621608,203.78317333333334,-59.73234499999998,11739
330,330,294,315,201,Chandler Simpson,TBR,OF,Batter,218.641184224945,-81.19363390338691,228.75167666666667,-64.14732733333332,31912
331,332,308,342,300,Jordan Beck,COL,LF,Batter,218.41559606120487,-81.41922206712704,223.64694,-69.25206399999999,31431
332,359,341,458,300,Parker Messick,CLE,SP,SP,218.05449161468223,-90.17262410802843,209.46266,-99.24887199999998,31986
333,381,334,552,300,Anthony Volpe,NYY,SS,Batter,217.92388425969247,-96.34640377091947,213.18503666666666,-122.12326933333335,27647
334,387,333,551,300,Jared Triolo,PIT,SS,Batter,217.56084692806866,-96.70944110254328,213.2486966666667,-122.05960933333333,25807
335,362,338,457,265,Steven Matz,TBR,SP,SP,217.36993744016246,-90.8571782825482,210.14756666666668,-98.5639653333333,13361
336,364,330,436,300,Taj Bradley,MIN,SP,SP,216.71317879476774,-91.51393692794292,214.47648666666666,-94.23504533333332,22543
337,365,313,405,217,Noah Cameron,KCR,SP,SP,216.66012476727704,-91.56699095543362,220.1016666666667,-88.60986533333329,30184
338,366,382,526,300,Davis Martin,CHW,SP,SP,216.28400980260693,-91.94310592010373,192.97142666666664,-115.74010533333333,21448
339,307,298,304,259,Matt McLain,CIN,2B,Batter,215.3689442869421,-69.410868865287,227.98985333333334,-60.613596,29695
340,341,331,366,291,Cedric Mullins,TBR,OF,Batter,215.2963726178124,-84.5384455105195,213.95568666666668,-78.94331733333331,17929
341,342,510,608,300,Nathan Lukes,TOR,RF,Batter,215.0099387507109,-84.82487937762102,155.02574333333334,-137.87326066666665,18123
342,291,366,311,300,Francisco Alvarez,NYM,C,Batter,214.83575351616278,-59.125703321711995,200.43024300000002,-63.0852753333333,26121
343,320,359,396,300,Mark Vientos,NYM,3B,Batter,214.7436250084745,-74.00399879688985,203.61125633333333,-86.31311393333331,22184
344,345,352,399,300,Josh Lowe,LAA,RF,Batter,214.17940403200998,-85.65541409632192,206.08845666666664,-86.81054733333335,19953
345,372,342,459,300,Lucas Giolito,BOS,SP,SP,213.79984932600613,-94.42726639670454,209.25698000000003,-99.45455199999995,15474
346,373,319,413,300,Dean Kremer,BAL,SP,SP,213.79140934249276,-94.43570638021791,218.91982,-89.79171199999999,19350
347,374,381,524,300,Johan Oviedo,BOS,SP,SP,213.47585234086804,-94.75126338184262,193.40889333333334,-115.30263866666664,22487
348,375,304,387,206,Bailey Ober,MIN,SP,SP,213.4340933706929,-94.79302235201777,224.9916466666667,-83.71988533333328,21224
349,299,316,180,149,Bryan Abreu,HOU,RP,RP,212.40845960159217,-65.25308006915864,219.55307333333334,-11.54032133333331,16609
350,350,442,548,300,Miguel Andujar,SDP,LF,Batter,212.2733430888948,-87.56147503943711,171.40192000000002,-121.49708399999997,15878
351,300,329,187,254,Garrett Cleavinger,TBR,RP,RP,211.98269361776994,-65.67884605298087,214.83812,-16.25527466666665,17897
352,382,327,434,300,Cristian Javier,HOU,SP,SP,211.86438159714095,-96.36273412556972,215.41299333333333,-93.29853866666664,17606
353,384,292,367,300,Zack Littell,- - -,SP,SP,211.79063336452248,-96.43648235818819,229.7671333333333,-78.94439866666667,15823
354,356,336,375,300,Jordan Walker,STL,RF,Batter,210.78531150568963,-89.04950662264227,211.31105333333335,-81.58795066666664,27475
355,390,365,489,300,Jose Berrios,TOR,SP,SP,210.5842726455821,-97.64284307712856,201.22272666666663,-107.48880533333335,14168
356,411,353,576,300,Brayan Rocchio,CLE,SS,Batter,210.48110380691563,-103.78918422369631,206.0442833333333,-129.2640226666667,23690
357,302,318,184,241,Riley O'Brien,STL,RP,RP,210.23135102276012,-67.43018864799069,219.00314,-12.090254666666652,20348
358,393,251,296,209,Bryce Miller,SEA,SP,SP,210.00603070830348,-98.22108501440718,250.78548666666666,-57.92604533333332,29837
359,394,311,401,300,Tyler Mahle,SFG,SP,SP,209.68856923595308,-98.53854648675758,221.29772666666665,-87.41380533333333,16358
360,363,406,493,300,Austin Hays,CHW,LF,Batter,208.84623476513212,-90.98858336319978,183.80681333333337,-109.09219066666662,19363
361,398,348,469,300,Justin Verlander,DET,SP,SP,208.3269940745695,-99.90012164814115,207.31101333333334,-101.40051866666664,8700
362,401,317,411,300,Matthew Liberatore,STL,SP,SP,207.83838879193934,-100.38872693077133,219.01852666666665,-89.69300533333333,22294
363,443,295,488,300,JJ Wetherholt,STL,Unknown,Batter,207.76201114676022,-115.94682822772981,228.70555,-107.06187793333336,sa3025154
364,368,339,382,300,Colton Cowser,BAL,LF,Batter,206.79651598004818,-93.03830214828372,209.81821633333334,-83.08078766666665,29591
365,369,356,406,300,Jake Meyers,HOU,CF,Batter,206.72878031704875,-93.10603781128316,203.85474766666667,-89.04425633333332,20308
366,406,302,384,192,Cade Horton,CHC,SP,SP,206.70912937559086,-101.5179863471198,225.53691333333336,-83.17461866666662,31872
367,312,345,197,281,Robert Stephenson,LAA,RP,RP,206.6906607569781,-70.97087891377271,208.01344666666668,-23.079947999999973,13594
368,335,480,565,300,Brady House,WSN,3B,Batter,206.1537327669974,-82.59389103836696,162.92224666666667,-127.00212359999998,29993
369,407,326,433,300,Landen Roupp,SFG,SP,SP,205.7024589753618,-102.52465674734887,215.62276000000006,-93.08877199999992,30076
370,304,526,512,300,Patrick Bailey,SFG,C,Batter,205.56680773160238,-68.3946491062724,149.9851963333333,-113.53032200000001,27478
371,305,434,412,300,Logan O'Hoppe,LAA,C,Batter,205.11495191396338,-68.8465049239114,173.76306533333332,-89.752453,24729
372,318,415,278,300,Cole Henry,WSN,RP,RP,204.1157327025789,-73.54580696817192,180.44529333333332,-50.64810133333333,27570
373,378,362,416,300,Parker Meadows,DET,CF,Batter,203.9888291235909,-95.845989004741,202.55975999999998,-90.33924400000001,23800
374,380,372,441,300,Victor Scott II,STL,CF,Batter,203.64264258926036,-96.19217553907154,197.75884333333332,-95.14016066666667,31349
375,383,324,359,300,Jorge Soler,LAA,RF,Batter,203.44507546128997,-96.38974266704193,216.48220633333338,-76.41679766666661,14221
376,421,328,435,145,Shane Bieber,TOR,SP,SP,202.75767992165984,-105.46943580105082,215.25683333333333,-93.45469866666664,19427
377,354,487,572,300,Ryan McMahon,NYY,3B,Batter,200.54410280524021,-88.20352100012414,161.94880633333335,-127.97556393333329,15112
378,425,322,424,300,Zach Eflin,BAL,SP,SP,199.96467730290732,-108.26243841980335,217.1281,-91.58343199999999,13774
379,323,363,219,252,JoJo Romero,STL,RP,RP,199.67547063217478,-77.98606903857603,201.93362666666667,-29.159767999999985,19574
380,358,391,468,300,Zach McKinstry,DET,3B,Batter,199.50140347077394,-89.24622033459042,188.57309,-101.35128026666663,19392
381,402,350,398,300,Evan Carter,TEX,CF,Batter,199.05985965073143,-100.77495847760048,206.23100666666664,-86.66799733333335,27790
382,427,376,507,300,Nick Martinez,TBR,SP,SP,198.87284756923856,-109.3542681534721,196.06354,-112.64799199999999,12730
383,405,478,582,300,Alek Thomas,ARI,CF,Batter,198.52293154267846,-101.31188658565344,163.16267666666667,-129.73632733333332,23792
384,328,349,205,185,Robert Suarez,ATL,RP,RP,197.7535002231358,-79.90803944761501,206.4224,-24.670994666666644,30115
385,409,412,505,300,Gavin Lux,TBR,LF,Batter,197.0740730387241,-102.76074508960781,180.60687666666664,-112.29212733333335,19955
386,432,323,428,239,Kodai Senga,NYM,SP,SP,197.06838504046348,-111.15873068224718,216.58957999999998,-92.121952,31838
387,433,346,465,300,Sean Burke,CHW,SP,SP,196.46322581300777,-111.7638899097029,207.84208666666663,-100.86944533333335,29878
388,413,355,403,300,Harrison Bader,SFG,LF,Batter,195.75297514672448,-104.08184298160742,204.9899833333333,-87.90902066666669,18030
389,439,384,530,300,Adrian Houser,SFG,SP,SP,194.6823347048438,-113.54478101786685,192.2770333333333,-116.43449866666668,12718
390,336,377,237,300,Kevin Ginkel,ARI,RP,RP,194.55333039285762,-83.1082092778932,195.35850000000002,-35.734894666666634,19876
391,484,351,580,300,Joc Pederson,TEX,1B,Batter,194.50484836382861,-129.2039910106614,206.173443,-129.59398493333336,11899
392,361,417,492,300,Nolan Gorman,STL,2B,Batter,193.96373023102421,-90.8160829212049,179.5391493333333,-109.06430000000003,22263
393,337,371,227,213,Garrett Whitlock,BOS,RP,RP,193.70740792505688,-83.95413174569393,197.86684666666667,-33.22654799999998,20191
394,329,367,313,300,Austin Wells,NYY,C,Batter,193.56871178158937,-80.3927450562854,200.29400666666666,-63.22151166666666,27562
395,440,332,444,292,Roki Sasaki,LAD,SP,SP,192.9121151452711,-115.31500057743958,213.27940000000004,-95.43213199999994,35323
396,333,1212,3580,300,Jonah Heim,TEX,C,Batter,192.37302359972,-81.58843323815478,25.639849999999996,-237.87566833333332,16930
397,346,400,264,273,Andrew Kittredge,BAL,RP,RP,192.0051757378639,-85.6563639328869,185.35654,-45.73685466666666,12828
398,367,585,671,300,Christian Moore,LAA,2B,Batter,191.77680313420765,-93.00301001802146,135.25182,-153.35162933333334,34979
399,448,401,555,300,Simeon Woods Richardson,MIN,SP,SP,191.31355798732272,-116.91355773538794,185.32964,-123.38189199999997,24494
400,450,421,584,300,Max Scherzer,TOR,SP,SP,190.73098278751144,-117.49613293519923,178.15368666666663,-130.55784533333335,3137
401,429,416,508,300,Dylan Beavers,BAL,RF,Batter,189.99113893557828,-109.84367919275363,179.93543666666665,-112.96356733333334,31695
402,338,394,358,300,Edgar Quero,CHW,C,Batter,189.7757830794249,-84.18567375844987,187.9349576666667,-75.58056066666663,28022
403,454,410,570,300,Andre Pallante,STL,SP,SP,189.61186913466463,-118.61524658804603,180.90155333333334,-127.80997866666664,26108
404,355,390,248,279,Phil Maton,CHC,RP,RP,189.39374976575044,-88.26778990500037,188.63906,-42.454334666666654,18064
405,343,380,340,256,Samuel Basallo,BAL,C,Batter,189.02504539400667,-84.93641144386811,194.69790633333332,-68.817612,28824
406,456,347,466,300,Michael Soroka,ARI,SP,SP,188.95221890408087,-119.2748968186298,207.81888,-100.89265199999997,18383
407,434,370,439,300,Isaac Collins,KCR,LF,Batter,187.78091132143845,-112.05390680689345,197.89760666666666,-95.00139733333333,25477
408,348,383,349,300,Bo Naylor,CLE,C,Batter,187.12346734366417,-86.8379894942106,192.84666333333334,-70.66885499999998,21865
409,360,418,280,300,Matt Svanson,STL,RP,RP,187.09654129448896,-90.56499837626185,178.88600666666665,-52.20738800000001,29629
410,459,420,281,300,Justin Sterner,ATH,SP,SP,186.8349002322883,-121.39221549042236,178.39766,-52.69573466666665,27694
411,396,439,529,300,Nick Gonzales,PIT,2B,Batter,185.95669540588813,-98.82311774634098,172.67417666666668,-115.92927266666666,27490
412,463,436,596,300,Aaron Civale,ATH,SP,SP,185.88927357126596,-122.3378421514447,173.3913533333333,-135.32017866666666,19479
413,464,374,504,300,Eduardo Rodriguez,ARI,SP,SP,185.38181162021718,-122.84530410249349,196.87585333333337,-111.83567866666661,13164
414,466,437,597,300,Patrick Corbin,TEX,SP,SP,184.57582362047697,-123.6512921022337,172.85869333333332,-135.85283866666666,9323
415,415,407,484,300,Connor Norby,MIA,3B,Batter,184.29925518421996,-104.4483686211444,183.74576,-106.17861026666665,29592
416,417,409,491,300,Luis Rengifo,MIL,3B,Batter,184.03986458900062,-104.70775921636374,181.35107000000002,-108.57330026666662,19858
417,370,403,268,300,Fernando Cruz,NYY,RP,RP,183.53587191631834,-94.12566775443247,184.60728666666668,-46.48610799999997,7048
418,371,402,266,300,Dylan Lee,ATL,RP,RP,183.47344036059644,-94.18809931015437,185.11848666666666,-45.974908,19996
419,376,388,246,237,Tanner Scott,LAD,RP,RP,182.18990852751566,-95.47163114323516,190.38118666666665,-40.712208000000004,17586
420,377,386,242,198,Will Vest,DET,RP,RP,181.89874508134218,-95.76279458940863,191.5469733333333,-39.54642133333334,19769
421,453,399,487,300,Kyle Isbel,KCR,CF,Batter,181.48845097657917,-118.34636715175273,185.99819666666667,-106.90080733333332,21614
422,385,387,245,250,Adrian Morejon,SDP,RP,RP,181.21330143425143,-96.44823823649938,190.4279066666667,-40.665487999999954,20039
423,386,449,308,298,Tony Santillan,CIN,RP,RP,181.09035560621814,-96.57118406453267,169.0192066666667,-62.074187999999964,19926
424,412,471,557,300,Cole Young,SEA,2B,Batter,180.93906209926735,-103.84075105296176,164.68068333333335,-123.922766,31680
425,479,454,622,300,Lance McCullers Jr.,HOU,SP,SP,180.6758483116376,-127.55126741107307,167.42196,-141.28957199999996,14120
426,389,444,303,300,Hogan Harris,ATH,RP,RP,180.1596266055194,-97.5019130652314,171.11718000000005,-59.97621466666661,21520
427,480,502,659,300,Bryce Elder,ATL,SP,SP,179.84075534350083,-128.38636037920983,158.28713333333334,-150.42439866666663,27779
428,391,433,292,293,Matt Strahm,KCR,RP,RP,179.82444633151735,-97.83709333923346,173.78392666666664,-57.30946800000001,13799
429,458,499,594,300,Brooks Baldwin,CHW,LF,Batter,179.32789697516807,-120.50692115316383,159.2428866666667,-133.6561173333333,31394
430,552,425,691,300,Pavin Smith,ARI,1B,Batter,178.38250690440873,-145.3263324700813,177.21843333333334,-158.54899460000001,19892
431,487,337,451,300,Michael McGreevy,STL,SP,SP,178.07380648627702,-130.15330923643364,210.96150000000003,-97.75003199999995,29869
432,379,451,438,300,Freddy Fermin,SDP,C,Batter,178.0135855827122,-95.94787125516257,168.69129333333333,-94.82422499999998,21840
433,460,393,479,300,Tyler Freeman,COL,RF,Batter,177.9845317067609,-121.85028642157101,188.12511000000003,-104.77389399999996,22532
434,489,445,611,71,Spencer Schwellenbach,ATL,SP,SP,177.51971500072474,-130.70740072198592,170.6461666666667,-138.0653653333333,31846
435,388,468,456,300,Victor Caratini,MIN,C,Batter,177.19959462771536,-96.76186221015942,165.31470966666666,-98.20080866666666,14968
436,403,509,356,300,Erik Sabrowski,CLE,RP,RP,176.8411075877258,-100.82043208302503,156.02942000000002,-75.06397466666664,24978
437,491,405,560,300,Luis Morales,ATH,SP,SP,176.77490666506628,-131.45220905764438,184.24842666666666,-124.46310533333332,32227
438,404,396,259,231,Luke Weaver,NYM,RP,RP,176.53382390222956,-101.12771576852126,186.84815333333333,-44.245241333333325,16918
439,395,458,448,300,Carson Kelly,CHC,C,Batter,175.18918764081272,-98.77226919706206,166.88215200000002,-96.6333663333333,13620
440,499,588,764,300,Michael Lorenzen,COL,SP,SP,174.6555400915178,-133.57157563119287,134.88609333333335,-173.82543866666663,14843
441,410,461,318,300,Gregory Soto,PIT,RP,RP,174.39320183971972,-103.26833783103109,166.63449999999997,-64.45889466666668,19677
442,500,513,680,300,Mike Vasil,CHW,SP,SP,174.2531500390385,-133.97396568367216,153.55319999999998,-155.158332,30105
443,397,512,495,300,Carlos Narvaez,BOS,C,Batter,174.10984179845713,-99.85161503941765,154.15594766666666,-109.35957066666666,19722
444,502,423,284,300,Shawn Armstrong,CLE,SP,SP,174.00007415237866,-134.227041570332,177.59142,-53.501974666666655,12857
445,400,466,453,300,Carter Jensen,KCR,C,Batter,173.9792036716457,-99.98225316622907,165.57799333333335,-97.93752499999997,29478
446,504,448,615,300,Chris Paddack,MIA,SP,SP,173.4976129153223,-134.72950280738837,169.29996666666665,-139.41156533333333,20099
447,505,597,779,300,Chase Dollander,COL,SP,SP,173.4570709679862,-134.77004475472447,131.75059999999996,-176.960932,33482
448,414,397,260,300,Alex Vesia,LAD,RP,RP,173.25857073699163,-104.40296893375918,186.4955,-44.59789466666666,25007
449,476,389,475,300,Lane Thomas,KCR,CF,Batter,173.06417647972862,-126.77064164860329,189.04374333333337,-103.85526066666662,16939
450,508,438,599,300,Jared Jones,PIT,SP,SP,172.9392220133868,-135.28789370932387,172.82916,-135.88237199999998,27863
451,418,441,301,300,Mark Leiter Jr.,ATH,RP,RP,172.90912003933093,-104.75241963141988,171.44129999999998,-59.65209466666667,15551
452,419,435,295,300,Yimi Garcia,TOR,RP,RP,172.6616663507302,-104.99987332002061,173.52778666666666,-57.565608,12095
453,478,636,750,300,Heriberto Hernandez,MIA,LF,Batter,172.47983170459904,-127.35498642373287,122.01417,-170.884834,24878
454,422,527,374,300,Jimmy Herget,COL,RP,RP,172.15809822280443,-105.50344144794639,149.77302666666665,-81.320368,17556
455,515,497,646,300,Richard Fitts,STL,SP,SP,171.5671035538391,-136.66001216887156,160.01032666666669,-148.7012053333333,30160
456,423,492,346,300,Calvin Faucher,MIA,RP,RP,171.53349720968862,-106.1280424610622,161.11285333333333,-69.98054133333332,20116
457,518,476,332,295,Brad Keller,PHI,SP,SP,171.42514848106285,-136.80196724164782,163.76041333333336,-67.3329813333333,15734
458,408,479,463,300,Moisés Ballesteros,CHC,C,Batter,171.3636444035325,-102.59781243434227,163.01247,-100.50304833333331,28820
459,519,426,590,300,Jacob Latz,TEX,SP,SP,171.30077691420246,-136.9263388085082,177.14336,-131.56817199999998,21306
460,481,422,523,300,Jake McCarthy,COL,CF,Batter,171.22228448454777,-128.61253364378413,177.59688333333335,-115.30212066666664,21622
461,546,572,910,300,Gabriel Arias,CLE,SS,Batter,170.89901873454303,-143.3712692960689,138.49740233333335,-196.81090366666666,22563
462,520,465,631,284,Ian Seymour,TBR,SP,SP,170.45490301231712,-137.77221271039355,165.75947999999997,-142.952052,27932
463,523,429,288,243,Jordan Leasure,CHW,SP,SP,170.32427036330623,-137.90284535940444,175.74424666666667,-55.349147999999985,29950
464,524,757,1028,300,Jose Quintana,COL,SP,SP,170.21204057189786,-138.0150751508128,97.11938666666663,-211.59214533333335,11423
465,424,375,232,300,Jose A. Ferrer,SEA,RP,RP,170.02291099026058,-107.63862868049023,196.8511266666667,-34.24226799999997,24017
466,486,419,517,300,Tyler O'Neill,BAL,RF,Batter,169.93029869366393,-129.90451943466798,178.72475699999998,-114.17424700000001,15711
467,526,424,285,300,Louie Varland,TOR,SP,SP,169.5508672046417,-138.67624851806897,177.35602666666668,-53.737367999999975,27691
468,416,440,423,300,Tyler Stephenson,CIN,C,Batter,169.2977037394087,-104.66375309846609,171.977109,-91.5384093333333,17988
469,528,411,571,300,Kumar Rocker,TEX,SP,SP,169.2684169746093,-138.95869874810137,180.75841333333335,-127.95311866666663,31843
470,420,506,485,300,Keibert Ruiz,WSN,C,Batter,168.7901052696941,-105.17135156818068,157.12032666666667,-106.39519166666665,19610
471,531,469,633,300,Anthony Kay,CHW,SP,SP,168.67601345413848,-139.55110226857218,165.31445333333335,-143.39707866666663,20387
472,426,501,351,300,Mason Montgomery,PIT,RP,RP,168.43092513175387,-109.23061453899695,158.86567333333335,-72.2277213333333,29770
473,428,542,394,300,Juan Mejia,COL,RP,RP,168.24053935294125,-109.42100031780956,145.35502,-85.73837466666666,23237
474,532,503,664,300,Mick Abel,MIN,SP,SP,168.15558374279007,-140.0715319799206,157.43570666666668,-151.2758253333333,27756
475,533,489,641,300,Kyle Harrison,MIL,SP,SP,168.07079196663813,-140.15632375607254,161.65748,-147.05405199999998,27758
476,493,482,583,300,Cam Smith,HOU,RF,Batter,167.9479367745428,-131.8868813537891,162.64575333333335,-130.25325066666664,35108
477,535,495,347,300,Steven Okert,HOU,SP,SP,167.56652830947186,-140.6605874132388,160.48730666666668,-70.60608799999997,13580
478,495,516,617,300,Austin Martin,MIN,CF,Batter,167.54232987666919,-132.29248825166272,152.58108666666666,-140.31791733333333,27462
479,597,546,876,300,Rhys Hoskins,MIL,1B,Batter,167.24819875934173,-156.4606406151483,143.96006376666665,-191.8073641666667,16472
480,537,430,595,300,Griffin Canning,SDP,SP,SP,167.0675182227821,-141.15959749992857,174.95301333333336,-133.75851866666662,19867
481,430,432,290,300,Jose Alvarado,PHI,RP,RP,166.90049053294126,-110.76104913780955,174.64918666666668,-56.444207999999975,17780
482,431,450,310,300,Bryan Baker,TBR,RP,RP,166.56692996438736,-111.09460970636346,168.9129,-62.18049466666665,19804
483,603,535,850,300,C.J. Kayfus,CLE,1B,Batter,166.18577104352102,-157.523068330969,147.58714666666668,-188.18028126666667,33704
484,455,521,604,300,Mauricio Dubon,ATL,2B,Batter,165.8039105447836,-118.9759026074455,151.44967999999997,-137.15376933333337,16530
485,544,457,627,300,Miles Mikolas,WSN,SP,SP,165.57288486921928,-142.65423085349138,166.97488666666666,-141.7366453333333,9803
486,545,452,618,300,Luis Gil,NYY,SP,SP,165.46781135629186,-142.7593043664188,168.31162666666668,-140.3999053333333,21052
487,435,472,326,300,Tyler Rogers,TOR,RP,RP,165.00350720206967,-112.65803246868114,164.36271333333335,-66.73068133333331,15541
488,547,486,638,300,Kutter Crawford,BOS,SP,SP,164.76225115070173,-143.46486457200893,162.23705,-146.47448199999997,20531
489,436,453,312,300,Hunter Gaddis,CLE,RP,RP,164.48577591965602,-113.17576375109479,168.0002133333333,-63.09318133333335,25636
490,437,392,249,234,Matt Brash,SEA,RP,RP,164.295390289828,-113.36614938092282,188.28261999999998,-42.810774666666674,25756
491,438,540,392,300,Joel Peguero,SFG,RP,RP,164.18224531582257,-113.47929435492824,146.22102,-84.87237466666664,21951
492,511,645,760,300,Michael Conforto,LAD,LF,Batter,163.80654151204462,-136.0282766162873,120.504038,-172.394966,16376
493,472,504,592,300,Yoan Moncada,LAA,3B,Batter,163.46469946935025,-125.2829243360141,157.35887,-132.56550026666665,17232
494,550,500,652,300,Logan Allen,CLE,SP,SP,163.39704244402404,-144.83007327868663,159.17971999999997,-149.531812,27589
495,516,467,569,300,Jake Fraley,TBR,RF,Batter,163.158501375561,-136.6763167527709,165.41519333333335,-127.48381066666664,19260
496,517,594,701,300,Tommy Pham,PIT,LF,Batter,163.07648072014644,-136.75833740818547,132.96408433333332,-159.93491966666667,2967
497,555,488,343,300,Aaron Ashby,MIL,SP,SP,162.30068581351142,-145.92642990919924,161.84009333333333,-69.25330133333333,23550
498,441,477,333,300,Hunter Harvey,CHC,RP,RP,162.23843396436678,-115.42310570638404,163.38728666666668,-67.70610799999997,15507
499,442,481,335,300,A.J. Minter,NYM,RP,RP,162.0911065296161,-115.57043314113471,162.81028,-68.28311466666665,18655
500,556,541,717,300,Tyler Anderson,LAA,SP,SP,161.9103212139536,-146.31679450875706,145.50783333333334,-163.20369866666664,12880
501,444,474,330,216,Kyle Finnegan,DET,RP,RP,161.52635285548055,-116.13518681527026,163.90101333333334,-67.19238133333332,15009
502,445,511,360,300,Blake Treinen,LAD,RP,RP,161.47915206426813,-116.18238760648268,154.60394,-76.48945466666666,12572
503,446,413,277,261,Camilo Doval,NYY,RP,RP,161.2524275890708,-116.40911208168001,180.50464666666667,-50.58874799999998,21992
504,527,545,649,300,Davis Schneider,TOR,LF,Batter,161.101801928598,-138.7330161997339,143.96525866666664,-148.93374533333335,23565
505,447,464,321,300,Caleb Thielbar,CHC,RP,RP,160.9770143407918,-116.684525329959,166.25716666666668,-64.83622799999998,10078
506,449,544,397,300,Cole Winn,TEX,RP,RP,160.3314031843094,-117.3301364864414,144.64602666666667,-86.44736799999998,22113
507,471,543,632,300,Michael Massey,KCR,2B,Batter,159.93876174888766,-124.84105140334145,145.34530433333336,-143.25814499999998,27684
508,451,460,317,300,Bryan King,HOU,RP,RP,159.91346008659994,-117.74807958415087,166.6772,-64.41619466666666,25890
509,452,483,338,300,Erik Miller,SFG,RP,RP,159.6791076820449,-117.98243198870591,162.52203333333333,-68.57136133333333,26252
510,566,490,344,300,Cole Sands,MIN,SP,SP,159.13291335308475,-149.09420236962592,161.59577333333334,-69.49762133333331,21461
511,592,414,677,300,Ha-seong Kim,ATL,SS,Batter,158.9796202187253,-155.29066781188664,180.46049000000002,-154.847816,27506
512,633,427,695,300,Konnor Griffin,PIT,Unknown,Batter,158.95232073525773,-164.7565186392323,176.54203799999996,-159.2253899333334,sa3065496
513,567,533,381,300,Ryan Zeferjahn,LAA,SP,SP,158.89013726137017,-149.3369784613405,148.35350666666668,-82.73988799999998,25420
514,568,459,316,300,Keegan Akin,BAL,SP,SP,158.72251417869904,-149.50460154401162,166.7039,-64.38949466666665,19362
515,634,398,653,300,Giancarlo Stanton,NYY,DH,Batter,158.67272598456736,-165.03611338992266,186.01534012333332,-149.75208781000003,4949
516,457,446,306,300,Eduard Bazardo,SEA,RP,RP,158.14520162222385,-119.51633804852696,169.70864666666668,-61.38474799999997,20997
517,571,573,748,300,Andrew Alvarez,WSN,SP,SP,157.46461356495286,-150.7625021577578,138.35125333333335,-170.36027866666663,29914
518,542,580,686,300,Victor Robles,SEA,RF,Batter,157.27027076336122,-142.56454736497068,135.76925000000003,-157.12975399999996,18363
519,543,570,674,300,Owen Caissie,MIA,RF,Batter,157.20716580870516,-142.62765231962675,138.680287,-154.218717,27496
520,574,493,645,300,Hunter Barco,PIT,SP,SP,156.86228846698125,-151.3648272557294,160.63569333333336,-148.0758386666666,33174
521,643,514,813,300,Bryce Eldridge,SFG,1B,Batter,156.84393813489555,-166.86490123959447,152.88964866666666,-182.8777792666667,33390
522,644,534,846,300,Carlos Santana,ARI,1B,Batter,156.79467914073945,-166.91416023375058,148.32130933333335,-187.4461186,2396
523,461,496,348,300,Graham Ashcraft,CIN,RP,RP,155.77554441181286,-121.88599525893795,160.43794666666665,-70.655448,27552
524,462,462,319,300,Gabe Speier,SEA,RP,RP,155.6419080872695,-122.0196315834813,166.38081333333335,-64.7125813333333,17170
525,649,769,3587,300,Nathaniel Lowe,CIN,1B,Batter,155.09901251071804,-168.60982686377199,94.85767066666669,-240.90975726666665,19566
526,582,515,363,300,Drew Pomeranz,LAA,SP,SP,154.8301016151148,-153.39701410759585,152.65950666666666,-78.433888,11426
527,583,475,331,300,Tyler Holton,DET,SP,SP,154.4816992654421,-153.74541645726856,163.77090666666666,-67.32248799999999,26231
528,586,556,410,300,Tyler Phillips,MIA,SP,SP,154.1881515557822,-154.03896416692845,141.43587999999997,-89.65751466666669,20629
529,465,463,320,300,Jared Koenig,MIL,RP,RP,154.04403524536468,-123.61750442538613,166.3471733333333,-64.74622133333335,27517
530,587,522,688,300,Hurston Waldrep,ATL,SP,SP,153.81039485005283,-154.41672087265783,151.32699333333335,-157.38453866666663,33527
531,588,575,755,300,Taijuan Walker,PHI,SP,SP,153.77660278243093,-154.45051294027974,136.85253333333335,-171.85899866666662,11836
532,467,485,339,300,Kody Funderburk,MIN,RP,RP,153.75460979739688,-123.90692987335393,162.33963333333335,-68.7537613333333,24993
533,656,890,3670,300,Ty France,- - -,1B,Batter,153.49520331837118,-170.21363605611884,69.382846,-266.3845819333334,17982
534,589,523,371,300,Justin Topa,MIN,SP,SP,153.4650970248871,-154.76201869782358,150.70761333333334,-80.38578133333331,15145
535,468,518,365,300,Chris Martin,TEX,RP,RP,153.02176174732392,-124.63977792342689,152.25683666666666,-78.836558,11847
536,469,537,386,300,Paul Sewald,ARI,RP,RP,152.93930619167298,-124.72223347907783,147.44589333333332,-83.64750133333334,13892
537,560,911,1124,300,Mike Tauchman,CHW,RF,Batter,152.81454049752244,-147.02027763080946,66.31773766666667,-226.5812663333333,15274
538,561,595,702,300,Jacob Young,WSN,CF,Batter,152.76297699665548,-147.07184113167642,132.94483066666666,-159.95417333333333,29931
539,473,455,314,276,Kirby Yates,LAA,RP,RP,152.2021646112977,-125.45937505945312,167.23219333333333,-63.86120133333333,9073
540,595,605,796,300,Jonathan Cannon,CHW,SP,SP,152.14259169534495,-156.08452402736572,129.52070666666665,-179.19082533333332,31730
541,598,528,698,300,Sean Newcomb,CHW,SP,SP,151.75343019348134,-156.47368552922933,149.05855999999997,-159.652972,16943
542,474,561,420,300,Greg Weissert,BOS,RP,RP,151.48759170963092,-126.1739479611199,140.52349333333333,-90.56990133333332,20375
543,475,560,419,300,Ryne Stanek,STL,RP,RP,151.40045537536054,-126.26108429539028,140.59385999999998,-90.49953466666668,15947
544,521,494,579,300,Marcelo Mayer,BOS,3B,Batter,150.89679113756543,-137.85083266779893,160.54405,-129.38032026666664,29668
545,477,531,379,300,Brooks Raley,NYM,RP,RP,150.71908695401817,-126.94245271673265,148.80447999999998,-82.28891466666667,10061
546,610,576,756,300,Patrick Sandoval,BOS,SP,SP,149.6761076357544,-158.55100808695627,136.83293333333333,-171.87859866666665,19447
547,509,491,567,300,Luisangel Acuna,CHW,2B,Batter,149.45527805891112,-135.324535093318,161.54380333333333,-127.05964600000001,26548
548,470,624,614,300,Liam Hicks,MIA,C,Batter,149.17119186271623,-124.79026497515855,124.57660633333334,-138.93891199999996,29844
549,613,591,769,300,Hunter Dobbins,STL,SP,SP,148.86744542104165,-159.359670301669,133.75374666666667,-174.9577853333333,30240
550,512,524,610,300,Edouard Julien,COL,2B,Batter,148.65529476078467,-136.12451839144444,150.62946,-137.97398933333335,27534
551,482,584,446,300,Drey Jameson,ARI,RP,RP,148.57424700424843,-129.08729266650238,135.5141,-95.57929466666664,26260
552,513,674,771,300,Kody Clemens,MIN,2B,Batter,148.5740761728504,-136.2057369793787,113.47147999999999,-175.13196933333336,20572
553,483,447,307,300,Orion Kerkering,PHI,RP,RP,148.4956232842116,-129.1659163865392,169.56517333333335,-61.528221333333306,31776
554,615,712,954,300,Ryan Feltner,COL,SP,SP,148.33810563147637,-159.8890100912343,106.77631333333333,-201.93521866666663,21446
555,485,586,447,300,Kade Strowd,ARI,RP,RP,147.92114888616533,-129.7403907845855,135.24286666666666,-95.850528,26191
556,576,554,663,300,George Valera,CLE,RF,Batter,147.80888287819002,-152.02593525014188,141.93523166666668,-150.9637723333333,22541
557,617,539,390,300,David Morgan,SDP,SP,SP,147.754743576497,-160.47237214621367,146.5829666666667,-84.51042799999996,31616
558,679,598,969,300,Romy Gonzalez,BOS,1B,Batter,147.4471224815412,-176.26171689294884,131.61148666666668,-204.15594126666667,21562
559,539,748,873,300,Casey Schmitt,SFG,3B,Batter,147.4108603617104,-141.33676344365395,99.017219,-190.90715126666663,27577
560,488,530,377,300,Tyler Kinley,ATL,RP,RP,147.23672037007822,-130.4248193006726,148.95525333333333,-82.13814133333332,18297
561,490,532,380,300,Lucas Erceg,KCR,RP,RP,146.93249894734151,-130.7290407234093,148.76698,-82.32641466666666,19360
562,580,360,408,300,Lourdes Gurriel Jr.,ARI,LF,Batter,146.57412796339406,-153.26069016493784,203.48124266666665,-89.41776133333335,19238
563,685,431,705,300,Kevin McGonigle,DET,Unknown,Batter,146.35014256023402,-177.358696814256,174.87501666666665,-160.8924112666667,sa3022895
564,622,596,773,300,Luis Medina,ATH,SP,SP,146.32527957253322,-161.90183615017745,132.54697333333334,-176.16455866666664,21649
565,492,566,425,300,Elvis Alvarado,ATH,RP,RP,145.9502410121089,-131.7112986586419,139.25874666666667,-91.83464799999999,21662
566,626,507,667,300,Robert Gasser,MIL,SP,SP,145.82616349842002,-162.40095222429065,156.70456,-152.006972,29812
567,627,568,427,300,Tanner Banks,PHI,SP,SP,145.58241528069587,-162.6447004420148,139.19654,-91.89685466666666,16990
568,628,610,473,300,Dietrich Enns,BAL,SP,SP,145.56634122276415,-162.6607744999465,127.62324666666667,-103.47014799999998,13932
569,631,505,666,300,Justin Steele,CHC,SP,SP,145.20644808908375,-163.0206676336269,157.13557999999998,-151.575952,17312
570,496,567,426,300,Isaac Mattson,PIT,RP,RP,144.61534347780662,-133.0461961929442,139.2026066666667,-91.89078799999996,20385
571,497,547,400,300,PJ Poulin,WSN,RP,RP,144.22917037015577,-133.43236930059504,143.86244666666667,-87.23094799999998,23394
572,498,529,376,300,Ryan Thompson,ARI,RP,RP,144.15265790143877,-133.50888176931204,148.96054666666666,-82.132848,16647
573,599,606,720,300,Jake Mangum,PIT,LF,Batter,143.3430726930855,-156.4917454352464,129.4245,-163.474504,26202
574,503,557,415,300,Julian Fernández,WSN,RP,RP,143.3167394865675,-134.3448001841833,140.79217333333332,-90.30122133333333,18341
575,600,519,620,300,Nick Castellanos,SDP,RF,Batter,143.07542406139075,-156.75939406694116,152.04034666666666,-140.85865733333333,11737
576,693,627,1031,300,Jake Bauers,MIL,1B,Batter,142.87731306356437,-180.83152631092565,124.00691066666667,-211.76051726666668,15194
577,506,579,440,300,Spencer Bivens,SFG,RP,RP,142.77961027471832,-134.8819293960325,136.00729333333334,-95.08610133333332,30226
578,507,601,464,300,Seth Halvorsen,COL,RP,RP,142.7454859899628,-134.91605368078802,130.36416,-100.72923466666666,33294
579,602,553,662,300,Andrew McCutchen,PIT,RF,Batter,142.54925730132237,-157.28556082700953,142.01136033333333,-150.88764366666666,9847
580,510,558,417,300,Pierce Johnson,CIN,RP,RP,141.9678656955026,-135.6936739752482,140.71052666666665,-90.382868,13435
581,494,700,675,300,Luis Campusano,SDP,C,Batter,141.7718684058574,-132.1895884320174,109.12720833333333,-154.38831,22217
582,609,667,780,300,Javier Baez,DET,CF,Batter,141.5137739928577,-158.3210441354742,115.86946733333333,-177.02953666666667,12979
583,514,577,437,300,John Schreiber,KCR,RP,RP,141.35754879561495,-136.30399087513587,136.53579333333332,-94.55760133333334,20020
584,612,564,670,300,Jesse Winker,,LF,Batter,140.87450172668164,-158.96031640165026,140.00529833333334,-152.89370566666665,13590
585,647,484,637,300,Andrew Painter,PHI,SP,SP,140.85271700867128,-167.3743987140394,162.39587999999995,-146.31565200000003,sa3017880
586,702,630,1032,300,Rowdy Tellez,- - -,1B,Batter,139.93142105758346,-183.77741831690656,123.89063280166668,-211.87679513166665,15679
587,673,551,883,300,Jose Caballero,NYY,SS,Batter,139.87364410791076,-174.39664392270117,142.4769666666667,-192.83133933333332,23401
588,501,660,639,300,Nick Fortes,TBR,C,Batter,139.83117275495812,-134.13028408291666,116.83473933333335,-146.68077899999997,21538
589,522,604,470,300,Brendon Little,TOR,RP,RP,139.78089403637318,-137.88064563437763,129.54898666666665,-101.544408,21574
590,648,590,450,300,Brock Burke,CIN,SP,SP,139.76489990972112,-168.46221581298954,134.10681333333332,-96.98658133333333,17968
591,650,508,668,300,Randy Vasquez,SDP,SP,SP,139.60057290036997,-168.6265428223407,156.45033333333336,-152.26119866666662,24719
592,525,562,421,300,Anthony Bender,MIA,RP,RP,139.1496895729456,-138.51185009780522,140.32085999999998,-90.77253466666667,19742
593,652,587,763,300,Janson Junk,MIA,SP,SP,139.0537346586214,-169.17338106408926,135.16700666666665,-173.54452533333333,23301
594,653,552,732,300,Drew Anderson,DET,SP,SP,138.72766735025118,-169.49944837245948,142.0148333333333,-166.69669866666666,15130
595,529,581,443,300,Jose Butto,SFG,RP,RP,138.6595859509428,-139.001953719808,135.68517333333332,-95.40822133333333,23313
596,530,555,409,300,Jakob Junis,TEX,RP,RP,138.58773491254988,-139.07380475820094,141.57575333333332,-89.51764133333333,13619
597,657,681,908,300,Caden Dana,LAA,SP,SP,137.76703229113082,-170.46008343157985,112.05115333333333,-196.66037866666665,31508
598,573,628,730,300,Graham Pauley,MIA,3B,Batter,137.50029095579563,-151.24733284956872,124.006515,-165.91785526666666,31363
599,715,443,724,300,Justin Crawford,PHI,Unknown,Batter,137.38571718716253,-186.3231221873275,171.30460000000002,-164.46282793333333,sa3020240
600,629,701,822,300,Tyrone Taylor,NYM,CF,Batter,137.06632727441126,-162.76849085392064,108.95976666666667,-183.93923733333332,13675
601,630,661,774,300,Randal Grichuk,- - -,RF,Batter,136.85547579458253,-162.97934233374937,116.61619533333335,-176.28280866666665,10243
602,665,641,499,300,Anthony Banda,MIN,SP,SP,136.4325055529048,-171.79461016980588,120.79015333333335,-110.3032413333333,14706
603,538,571,429,300,Andrew Nardi,MIA,RP,RP,136.42141086546795,-141.24012880528286,138.52239999999998,-92.57099466666668,25942
604,666,702,939,300,Walker Buehler,- - -,SP,SP,136.17796289988226,-172.0491528228284,108.87746666666668,-199.83406533333329,19374
605,540,663,520,300,Connor Phillips,CIN,RP,RP,135.75722869848587,-141.90431097226494,116.58540666666669,-114.50798799999997,27649
606,541,616,480,300,Nick Mears,KCR,RP,RP,135.1775937268209,-142.4839459439299,125.90080666666667,-105.19258799999999,25376
607,668,607,798,300,Alek Manoah,LAA,SP,SP,135.136629464167,-173.09048625854368,128.64479333333335,-180.06673866666662,26410
608,584,698,800,300,Amed Rosario,NYY,3B,Batter,134.97862507853472,-153.76899872682964,109.42416766666668,-180.50020259999997,15518
609,669,517,683,300,Robby Snelling,MIA,SP,SP,134.96389727923992,-173.26321844347075,152.27824999999999,-156.433282,sa3020707
610,670,520,684,300,Ryan Weiss,HOU,SP,SP,134.8472555616529,-173.37986016105776,151.91514,-156.79639199999997,sa3007778
611,671,538,709,300,Spencer Arrighetti,HOU,SP,SP,134.62853752911727,-173.5985781935934,147.33930666666666,-161.37222533333332,29921
612,548,582,445,300,Mason Englert,TBR,RP,RP,134.16562775775625,-143.49591191299456,135.64202,-95.45137466666665,22288
613,636,550,655,300,Garrett Mitchell,MIL,CF,Batter,134.05488150060356,-165.77993662772835,142.59411000000003,-150.30489399999996,27555
614,734,678,1112,300,Vaughn Grissom,LAA,Unknown,Batter,133.85107005103237,-189.85776932345766,112.57175666666666,-223.1956712666667,26031
615,534,548,539,300,Danny Jansen,TEX,C,Batter,133.61749970912606,-140.3439571287487,143.81316933333335,-119.70234899999997,16535
616,549,611,474,300,Matt Festa,CLE,RP,RP,133.36982149954557,-144.29171817120525,127.36779999999999,-103.72559466666667,19330
617,536,676,656,300,Miguel Amaya,CHC,C,Batter,133.29883943721603,-140.66261740065875,113.196526,-150.3189923333333,21693
618,675,578,758,300,Josiah Gray,WSN,SP,SP,133.143914922052,-175.08320080065866,136.5303133333333,-172.18121866666667,24580
619,676,559,418,300,Aaron Bummer,ATL,SP,SP,133.09350128598436,-175.1336144367263,140.62113333333332,-90.47226133333334,16258
620,553,593,454,300,Yennier Cano,BAL,RP,RP,132.215090815729,-145.4464488550218,133.0988,-97.99459466666664,25911
621,678,565,745,300,Jake Irvin,WSN,SP,SP,132.20695998251003,-176.02015574020064,139.4503666666666,-169.26116533333337,21504
622,554,589,449,300,Tommy Nance,TOR,RP,RP,132.09794978920706,-145.56358988154375,134.26664666666667,-96.82674799999998,19178
623,601,710,815,300,Matt Shaw,CHC,3B,Batter,131.87114355539282,-156.87648024997154,106.84143999999999,-183.08293026666666,33322
624,680,615,810,300,Rhett Lowder,CIN,SP,SP,131.68914654732646,-176.5379691753842,126.12559333333333,-182.58593866666666,33876
625,558,563,422,300,Justin Slaten,BOS,RP,RP,131.218998216095,-146.4425414546558,140.21746666666667,-90.87592799999999,25648
626,683,602,791,300,Joe Boyle,TBR,SP,SP,131.0456210316073,-177.18149469110335,129.94125333333332,-178.77027866666666,29608
627,686,618,819,300,German Marquez,SDP,SP,SP,130.84701548118537,-177.3801002415253,125.30453999999997,-183.406992,15038
628,559,639,497,300,Michael Kelly,ATH,RP,RP,130.84562949190038,-146.81591017885043,120.95508,-110.13831466666666,12791
629,585,603,693,300,Thomas Saggese,STL,2B,Batter,130.7785276843354,-154.00128546789372,129.76809999999998,-158.83534933333337,27883
630,562,662,519,300,Zack Kelly,BOS,RP,RP,130.53572154636942,-147.1258181243814,116.59183333333334,-114.50156133333331,20349
631,563,683,538,300,Ben Joyce,LAA,RP,RP,130.4034668821784,-147.2580727885724,111.73370666666669,-119.35968799999996,31461
632,654,644,759,300,Denzel Clarke,ATH,CF,Batter,130.1365740393143,-169.6982440890176,120.5992333333333,-172.2997706666667,29858
633,687,617,818,300,Paul Blackburn,NYY,SP,SP,129.48574944645748,-178.7413662762532,125.42210666666665,-183.28942533333333,14739
634,658,470,573,300,JJ Bleday,CIN,CF,Batter,129.1839659111763,-170.6508522171556,164.79243166666666,-128.10657233333333,26368
635,565,640,498,300,Yohan Ramirez,PIT,RP,RP,129.15510520677316,-148.50643446397766,120.93083999999999,-110.16255466666667,19444
636,659,614,731,300,Jonny DeLuca,TBR,CF,Batter,129.06002394046536,-170.77479418786655,126.25374000000001,-166.645264,26365
637,707,650,1067,300,Taylor Walls,TBR,SS,Batter,129.0239728852558,-185.24631514535614,119.23371666666667,-216.07458933333334,22458
638,708,623,1019,300,Carson Williams,TBR,SS,Batter,128.89676206829515,-185.3735259623168,124.63914,-210.66916600000002,30038
639,551,569,561,300,Sean Murphy,ATL,C,Batter,128.80946984059196,-145.15198699728282,138.9254005,-124.59011783333332,19352
640,660,740,885,300,Matt Vierling,DET,CF,Batter,128.7757235732086,-171.0590945551233,99.94159066666667,-192.9574133333333,21558
641,689,759,1037,300,Tomoyuki Sugano,COL,SP,SP,128.76168253431177,-179.4654331883989,96.29062666666668,-212.42090533333328,35321
642,754,626,1030,300,Sung-Mun Song,SDP,Unknown,Batter,128.75783777609595,-194.95100159839407,124.04659266666668,-211.72083526666665,sa3012529
643,711,649,1066,300,Nasim Nuñez,WSN,SS,Batter,128.4133436666117,-185.85694436400024,119.26818666666667,-216.04011933333334,25979
644,661,715,841,300,Angel Martinez,CLE,CF,Batter,128.2941938632712,-171.5406242650607,106.14018,-186.758824,26540
645,691,600,785,300,Tyler Alexander,TEX,SP,SP,128.21531613788238,-180.01179958482828,130.9813,-177.73023199999997,17735
646,692,525,689,300,Tyler Wells,BAL,SP,SP,128.1384889956729,-180.08862672703776,150.29865999999998,-158.412872,20000
647,662,8726,3750,300,Michael A. Taylor,CHW,RF,Batter,128.1235079185109,-171.711310209821,0.0,-292.899004,11489
648,569,612,476,300,Enyel De Los Santos,HOU,RP,RP,127.85461052564787,-149.80692914510294,127.20535333333333,-103.88804133333332,18403
649,557,717,690,300,Joey Bart,PIT,C,Batter,127.52767671311474,-146.43378012476003,105.02154633333333,-158.49397199999999,21524
650,572,647,501,300,A.J. Puk,ARI,RP,RP,126.73694961282015,-150.92459005793066,119.74196266666667,-111.35143199999999,19343
651,696,635,836,300,Brandon Sproat,MIL,SP,SP,126.65264994463087,-181.5744657780798,122.27086666666672,-186.44066533333324,33850
652,608,629,726,300,Javier Sanoja,MIA,2B,Batter,126.48081857712384,-158.29899457510527,123.91806000000001,-164.68538933333332,28253
653,697,664,521,300,Rico Garcia,BAL,SP,SP,126.33756816962128,-181.8895475530894,116.51134666666667,-114.58204799999999,20023
654,575,599,461,300,Hoby Milner,CHC,RP,RP,126.14313224291845,-151.51840742783236,131.0946933333333,-99.99870133333334,13346
655,764,684,1117,300,Andrés Chaparro,WSN,1B,Batter,125.69941136370038,-198.00942801078963,111.63956266666668,-224.12786526666667,21797
656,564,758,733,300,Kyle Higashioka,TEX,C,Batter,125.57594571204824,-148.38551112582655,96.77718646666669,-166.7383318666666,5517
657,672,668,782,300,Troy Johnston,COL,OF,Batter,125.53432679047987,-174.30049133785204,115.53730066666667,-177.3617033333333,26143
658,614,726,827,300,Thairo Estrada,COL,2B,Batter,125.17017304715097,-159.60964010507814,103.69468666666667,-184.9087626666667,16426
659,577,613,478,300,Luis Garcia,NYM,RP,RP,124.95639282366513,-152.7051468470857,126.56123333333333,-104.53216133333332,6984
660,700,583,762,300,Troy Melton,DET,SP,SP,124.88576020378206,-183.3413555189286,135.58329999999998,-173.128232,31807
661,578,670,528,300,Tim Hill,NYY,RP,RP,124.59531519765825,-153.06622447309257,115.28219333333332,-115.81120133333333,16814
662,579,654,510,300,Caleb Ferguson,CIN,RP,RP,124.51663135326379,-153.14490831748702,117.83583333333335,-113.2575613333333,19349
663,704,657,515,300,Scott Barlow,ATH,SP,SP,124.44066470896156,-183.78645101374912,117.36283333333331,-113.73056133333334,14993
664,677,574,681,300,Christopher Morel,MIA,LF,Batter,123.98355511261114,-175.85126301572075,137.47305766666668,-155.42594633333331,21897
665,618,1340,3693,300,Kyle Farmer,COL,2B,Batter,123.83773661593648,-160.94207653629263,14.2043,-274.39914933333336,14813
666,570,703,676,300,Jose Trevino,CIN,C,Batter,123.7101513182059,-150.25130551966888,108.84969695333332,-154.66582138,16725
667,741,803,3614,300,Blaze Alexander,BAL,SS,Batter,123.0642374222707,-191.20605060834123,85.50864000000001,-249.799666,23789
668,709,679,535,300,Brent Suter,LAA,SP,SP,122.70344235583887,-185.52367336687178,112.17236000000001,-118.92103466666664,13942
669,682,672,790,300,Griffin Conine,MIA,LF,Batter,122.66657968765772,-177.1682384406742,114.18639033333334,-178.71261366666664,21626
670,590,608,471,300,Justin Lawrence,PIT,RP,RP,122.60876915712035,-155.05277051363046,128.48324,-102.61015466666666,17639
671,710,609,802,300,Carmen Mlodzinski,PIT,SP,SP,122.45272566122563,-185.77439006148504,127.88514999999998,-180.826382,27572
672,591,704,553,300,Brent Headrick,NYY,RP,RP,122.44214497356532,-155.2193946971855,108.73396666666667,-122.35942799999998,27702
673,625,844,1015,300,Adam Frazier,- - -,2B,Batter,122.42608014105457,-162.35373301117454,78.52018333333334,-210.083266,15223
674,593,592,452,300,Jordan Romano,LAA,RP,RP,122.06121707337974,-155.60032259737108,133.31171333333336,-97.7816813333333,16122
675,594,622,486,300,Grant Anderson,MIL,RP,RP,121.67977904557843,-155.9817606251724,124.67982666666667,-106.41356799999998,20546
676,746,631,1026,300,Jordan Lawlar,ARI,SS,Batter,121.66467860409628,-192.60560942651566,123.84276999999999,-211.46553600000004,29976
677,718,549,402,300,Angel Zerpa,MIL,SP,SP,121.6276074787778,-186.59950824393286,143.45544666666666,-87.637948,22717
678,596,621,483,300,Jake Bird,NYY,RP,RP,121.42184879589195,-156.23969087485887,124.91583333333335,-106.1775613333333,21267
679,719,638,496,300,Jonathan Bowlan,PHI,SP,SP,121.03420196428267,-187.192913758428,121.33376000000003,-109.75963466666663,24607
680,688,768,924,300,Will Benson,CIN,LF,Batter,120.75963947554233,-179.0751786527896,94.91798666666666,-197.98101733333334,21853
681,581,707,682,300,Pedro Pages,STL,C,Batter,120.63376993144288,-153.3276869064319,107.7833833333333,-155.73213500000003,25782
682,721,643,849,300,José Urquidy,PIT,SP,SP,120.3880471397112,-187.83906858299946,120.66131333333333,-188.05021866666664,18413
683,724,686,916,300,Cody Bradford,TEX,SP,SP,120.25548174664277,-187.9716339760679,111.34118,-197.37035199999997,27597
684,604,694,547,300,Jackson Rutledge,WSN,RP,RP,120.06018432407825,-157.60135534667256,110.31072666666667,-120.78266799999999,26215
685,725,648,503,300,Brant Hurter,DET,SP,SP,119.89263223591733,-188.33448348679332,119.5955,-111.49789466666665,30133
686,605,655,513,300,Sam Hentges,SFG,RP,RP,119.8475394949356,-157.8140001758152,117.50830666666667,-113.58508799999998,18548
687,606,620,482,300,Jovani Morán,BOS,RP,RP,119.7864138566407,-157.8751258141101,125.20688,-105.88651466666666,20422
688,607,659,518,300,Tim Herrin,CLE,RP,RP,119.66879198997691,-157.9927476807739,116.84258666666665,-114.250808,25139
689,726,637,494,300,Wandy Peralta,SDP,SP,SP,119.48726287361461,-188.73985284909605,121.76513333333332,-109.32826133333333,14295
690,730,651,506,300,Jack Dreyer,LAD,SP,SP,119.01645445930207,-189.2106612634086,118.48334666666666,-112.61004799999999,30249
691,638,646,739,300,José Fermín,STL,2B,Batter,118.73663090183557,-166.04318225039356,120.23862233333334,-168.364827,21746
692,757,713,1216,300,Ezequiel Duran,TEX,SS,Batter,118.51400663186782,-195.75628139874414,106.76052666666665,-228.54777933333338,23733
693,736,634,835,300,Colin Rea,CHC,SP,SP,118.16553223554122,-190.06158348716946,122.38880666666667,-186.32272533333332,12317
694,737,680,536,300,Cade Gibson,MIA,SP,SP,118.12553165969295,-190.1015840630177,112.05492,-119.03847466666666,31815
695,616,658,516,300,Jason Adam,SDP,RP,RP,117.7469922307975,-159.9145474399533,117.09688666666666,-113.99650799999999,11861
696,739,743,586,300,Brennan Bernardino,COL,SP,SP,117.27882391130059,-190.94829181141006,99.5781,-131.51529466666665,16835
697,742,653,509,300,Ben Casparius,LAD,SP,SP,116.9030577469732,-191.32405797573745,118.11854666666666,-112.974848,30085
698,619,669,527,300,Gordon Graceffo,STL,RP,RP,116.61562669824552,-161.04591297250528,115.29786,-115.79553466666665,29519
699,699,685,806,300,Starling Marte,NYM,LF,Batter,116.49698257313263,-183.33783555519926,111.40973833333332,-181.48926566666665,9241
700,620,632,490,300,Eric Orze,MIN,RP,RP,116.44548450383627,-161.21605516691454,123.4422,-107.65119466666665,27626
701,621,656,514,300,Bennett Sousa,HOU,RP,RP,116.36890270169759,-161.2926369690532,117.48299333333334,-113.61040133333331,21345
702,706,750,893,300,Rob Refsnyder,SEA,RF,Batter,115.40683811817904,-184.42798001015285,98.62526099999998,-194.27374300000002,13770
703,624,675,533,300,Yuki Matsui,SDP,RP,RP,115.40683263113769,-162.25470703961312,113.46660000000001,-117.62679466666664,33826
704,611,808,787,300,Luis Torrens,NYM,C,Batter,115.19933049559835,-158.76212634227642,85.16806700000001,-178.3474513333333,15905
705,749,642,500,300,Braydon Fisher,TOR,SP,SP,115.00632657214005,-193.22078915057062,120.75923999999999,-110.33415466666666,24609
706,750,1408,3770,266,Reese Olson,DET,SP,SP,114.92493281182107,-193.3021829108896,9.874429000000001,-298.83710299999996,24968
707,751,666,522,300,Huascar Brazoban,NYM,SP,SP,114.88850923355042,-193.33860648916024,116.19476666666667,-114.89862799999999,6107
708,632,699,550,300,Cole Sulser,TBR,RP,RP,114.3563689562478,-163.305170714503,109.24030666666668,-121.85308799999997,15256
709,713,714,840,300,Zach Cole,HOU,CF,Batter,113.91658733213991,-185.918230796192,106.17933000000001,-186.719674,31583
710,812,652,1074,300,Tyler Austin,CHC,Unknown,Batter,113.75295566468608,-209.95588370980394,118.17371366666667,-217.59371426666667,11850
711,714,738,881,300,Masataka Yoshida,BOS,LF,Batter,113.73746088227462,-186.0973572460573,100.46911766666666,-192.42988633333334,31837
712,813,810,3619,300,Dominic Smith,SFG,1B,Batter,113.71489686796849,-209.99394250652153,84.70915233333334,-251.0582756,15653
713,756,665,879,300,Eric Lauer,TOR,SP,SP,112.87973837808988,-195.34737734462078,116.36205000000001,-192.34948199999997,19316
714,635,689,542,300,Taylor Clarke,ARI,RP,RP,112.34609911789636,-165.31544055285445,110.81418000000001,-120.27921466666665,17611
715,722,804,998,300,Dane Myers,CIN,CF,Batter,111.98943659933215,-187.84538152899975,85.48303333333332,-207.41597066666668,22054
716,623,764,738,300,Harry Ford,WSN,C,Batter,111.97460748813907,-161.9868493497357,95.27306866666667,-168.24244966666663,29958
717,637,723,568,300,Andrew Chafin,MIN,RP,RP,111.62831061031093,-166.03322906043988,104.01238666666667,-127.08100799999998,12988
718,639,733,577,300,Connor Brogdon,CLE,RP,RP,111.45203180345274,-166.20950786729807,101.76324,-129.33015466666666,21205
719,684,783,934,300,Jose Tena,WSN,3B,Batter,111.39844624315752,-177.34917756220682,90.97988366666668,-198.94448659999995,23691
720,640,708,556,300,Jose Fermin,LAA,RP,RP,111.34117215228945,-166.32036751846135,107.64760000000001,-123.44579466666664,33908
721,759,727,982,300,Marcus Stroman,NYY,SP,SP,111.16391055777967,-197.063205164931,103.46962666666666,-205.2419053333333,13431
722,642,682,537,300,Jacob Webb,CHC,RP,RP,111.14922686308462,-166.5123128076662,112.01099999999998,-119.08239466666667,19274
723,645,721,564,300,Griff McGarry,WSN,RP,RP,110.58099161693568,-167.08054805381514,104.10674000000002,-126.98665466666664,sa3017130
724,646,693,546,300,Carlos Vargas,SEA,RP,RP,110.5702570404154,-167.0912826303354,110.34211999999998,-120.75127466666667,22915
725,763,677,534,300,Casey Legumina,SEA,SP,SP,110.32767029998679,-197.8994454227239,113.03037333333334,-118.06302133333331,25921
726,765,741,1008,300,Justin Wrobleski,LAD,SP,SP,110.18522245059334,-198.0418932721173,99.71036666666667,-209.0011653333333,31204
727,733,858,1084,278,Jasson Dominguez,NYY,OF,Batter,109.98135384582753,-189.85346428250438,74.22209,-218.676914,28080
728,767,718,966,300,Stephen Kolek,KCR,SP,SP,109.91753632424255,-198.30957939846812,104.87215333333332,-203.83937866666668,21487
729,824,536,851,300,Carson Benge,NYM,Unknown,Batter,109.60356588942066,-214.10527348506935,147.55326066666666,-188.2141672666667,sa3025452
730,825,780,3597,300,Wilmer Flores,SFG,1B,Batter,109.55724903883389,-214.15159033565612,91.26798466666666,-244.49944326666667,5827
731,651,692,545,300,Joel Payamps,ATL,RP,RP,108.69859301552754,-168.96294665522328,110.38504,-120.70835466666665,14332
732,655,697,549,300,Porter Hodge,CHC,RP,RP,107.6819857092072,-169.97955396154362,109.52946000000001,-121.56393466666664,26413
733,747,749,892,300,Luke Raley,SEA,RF,Batter,107.12737030892477,-192.70744781940715,98.84741133333334,-194.05159266666664,19354
734,748,756,901,300,Alex Verdugo,ATL,LF,Batter,106.8280410615087,-193.0067770668232,97.42732833333334,-195.47167566666667,17027
735,837,736,3576,300,Ramon Urias,- - -,Unknown,Batter,106.76648356122573,-216.9423558132643,100.98668400000001,-234.78074393333333,18795
736,774,716,958,300,Erick Fedde,CHW,SP,SP,106.54957467365746,-201.67754104905322,105.90087333333334,-202.81065866666665,17425
737,775,671,894,300,Ryan Yarbrough,NYY,SP,SP,106.03032130879488,-202.19679441391577,114.36613333333331,-194.34539866666665,16502
738,663,691,544,300,Brenan Hanifee,DET,RP,RP,105.9319338555508,-171.72960581520002,110.521,-120.57239466666665,22304
739,664,739,585,300,Bryan Hudson,NYM,RP,RP,105.91846607546277,-171.74307359528802,100.03664666666667,-131.05674799999997,19924
740,777,1057,3665,300,Logan Evans,SEA,SP,SP,105.39899973381223,-202.82811598889845,44.01896,-264.692572,33699
741,690,843,1014,300,Miguel Rojas,LAD,2B,Batter,105.1606463939008,-179.6191667583283,78.637473,-209.96597633333334,7802
742,780,711,559,300,Matt Gage,SFG,SP,SP,104.82514865725179,-203.40196706545888,106.82954000000001,-124.26385466666665,17381
743,782,625,824,300,Emerson Hancock,SEA,SP,SP,104.6420613650752,-203.58505435763547,124.42890000000003,-184.28263199999995,27470
744,783,734,578,300,Daniel Lynch IV,KCR,SP,SP,104.47230279335442,-203.75481292935626,101.74135999999999,-129.35203466666667,21537
745,855,835,3634,300,Enrique Hernandez,LAD,1B,Batter,103.64883290818274,-220.0600064663073,80.396059,-255.37136893333337,10472
746,786,722,566,300,Ian Hamilton,ATL,SP,SP,103.33265575995117,-204.8944599627595,104.08855333333331,-127.00484133333335,19261
747,790,690,543,300,Jordan Hicks,CHW,SP,SP,102.82279601192555,-205.4043197107851,110.64570666666667,-120.44768799999999,19618
748,760,753,896,300,Colby Thomas,ATH,RF,Batter,102.76383304888742,-197.07098507944448,98.11654466666666,-194.78245933333335,31855
749,793,696,935,300,J.T. Ginn,ATH,SP,SP,102.70810707406297,-205.51900864864768,109.67896666666665,-199.0325653333333,27889
750,674,705,554,300,Will Klein,LAD,RP,RP,102.67430653069326,-174.98723314005755,108.54633333333335,-122.5470613333333,27787
751,794,709,558,300,Brandon Eisert,CHW,SP,SP,102.6359773528768,-205.59113836983386,106.97159999999998,-124.12179466666667,27668
752,761,720,855,300,Jhostynxon Garcia,PIT,CF,Batter,102.26452054104297,-197.57029758728893,104.14804,-188.750964,28142
753,698,742,857,300,Edmundo Sosa,PHI,2B,Batter,101.46386322559594,-183.31594992663315,99.64394666666668,-188.95950266666665,17022
754,667,732,711,300,Henry Davis,PIT,C,Batter,101.06683641739527,-172.8946204204795,101.94919066666667,-161.56632766666667,29617
755,799,774,1058,300,Hayden Birdsong,SFG,SP,SP,100.88999628038172,-207.33711944232894,94.12448,-214.58705199999997,31635
756,801,802,1111,300,A.J. Blubaugh,HOU,SP,SP,100.86362145346752,-207.36349426924315,85.61718666666665,-223.0943453333333,31764
757,681,772,602,300,Jaden Hill,COL,RP,RP,100.69328327182771,-176.9682563989231,94.40328666666669,-136.69010799999995,30250
758,806,729,990,300,Connor Prielipp,MIN,SP,SP,100.27138218337227,-207.95573353933838,102.3569,-206.35463199999998,sa3020808
759,808,728,985,300,Connelly Early,BOS,SP,SP,99.57488207720665,-208.652233645504,103.16808000000002,-205.54345199999995,33666
760,809,760,1043,300,Bailey Falter,KCR,SP,SP,99.56262117200586,-208.6644945507048,96.01445000000001,-212.69708199999997,20070
761,879,673,1107,300,Colt Emerson,SEA,Unknown,Batter,98.36268263403618,-225.34615674045386,113.58478833333334,-222.18263960000002,sa3022923
762,816,793,1092,300,Ryan Bergert,KCR,SP,SP,97.53806426814904,-210.68905145456162,88.96669999999999,-219.74483199999997,29863
763,817,752,593,300,Lake Bachar,MIA,SP,SP,97.38716468967598,-210.83995103303468,98.41994,-132.67345466666666,19222
764,694,730,574,300,Colin Selby,BAL,RP,RP,96.71546854251498,-180.94607112823581,102.18584666666668,-128.90754799999996,24986
765,744,898,1105,300,Oswald Peraza,LAA,3B,Batter,96.34964580258432,-192.39797800278004,67.981231,-221.94313926666666,22823
766,695,746,589,300,Steven Wilson,TBR,RP,RP,96.28689352732121,-181.3746461434296,99.55872,-131.53467466666666,20353
767,820,791,628,300,Danny Coulombe,- - -,SP,SP,95.78498800845972,-212.44212771425094,89.28190666666666,-141.811488,13293
768,752,848,1035,300,Ben Williamson,TBR,3B,Batter,95.31282449340432,-193.43479931196003,77.72736333333334,-212.19700693333328,33197
769,823,724,976,300,Payton Tolle,BOS,SP,SP,95.25374169343672,-212.97337402927394,103.91655,-204.79498199999998,35466
770,785,879,1108,300,Drew Gilbert,SFG,CF,Batter,95.04254515185178,-204.79227297648012,70.539359,-222.359645,31545
771,792,763,918,300,Sam Haggerty,TEX,CF,Batter,94.38007437139123,-205.45474375694067,95.41564999999999,-197.48335400000002,18054
772,856,872,3662,300,Isiah Kiner-Falefa,BOS,SS,Batter,94.20323963815314,-220.0670483924588,71.20072366666666,-264.10758233333337,16512
773,795,837,1044,300,Blake Perkins,MIL,CF,Batter,93.94750707362326,-205.88731105470865,80.10178666666667,-212.79721733333332,19921
774,703,807,636,300,George Soriano,STL,RP,RP,93.88063074742537,-183.78090892332546,85.31689999999999,-145.77649466666668,21863
775,740,880,1083,300,Daniel Schneemann,CLE,2B,Batter,93.59172875023833,-191.18808440199078,70.026571,-218.57687833333335,25180
776,797,3487,3746,300,Alexander Canario,PIT,LF,Batter,93.36449741861146,-206.47032070972045,1.2874999999999999,-291.61150399999997,22842
777,798,818,1013,300,Robert Hassell III,WSN,CF,Batter,93.27613298431014,-206.55868514402175,83.07603733333333,-209.82296666666667,27482
778,828,762,1047,300,Trevor McDonald,SFG,SP,SP,93.22956184899382,-214.99755387371684,95.63562000000002,-213.07591199999996,26448
779,829,970,3618,300,Antonio Senzatela,COL,SP,SP,93.07894227875187,-215.1481734439588,57.80831999999998,-250.903212,15488
780,830,778,612,300,Rob Zastryzny,MIL,SP,SP,93.06037677190974,-215.16673895080092,92.33668000000002,-138.75671466666665,15094
781,895,820,3629,300,Justin Turner,CHC,1B,Batter,93.02579044337513,-230.6830489311149,82.59427900000001,-253.17314893333332,5235
782,832,761,1045,300,Keider Montero,DET,SP,SP,92.31651357611652,-215.91060214659416,95.798,-212.91353199999998,22630
783,805,806,999,300,Nathan Church,STL,LF,Batter,92.02659131229701,-207.8082268160349,85.40452533333332,-207.49447866666668,31357
784,712,853,679,300,John King,MIA,RP,RP,91.75282586829013,-185.90871380246068,76.20808,-154.88531466666666,22051
785,716,833,660,300,Wikelman Gonzalez,CHW,RP,RP,91.32380249301067,-186.33773717774014,80.43841999999998,-150.65497466666667,26641
786,717,795,630,300,Justin Wilson,BOS,RP,RP,91.08461791540245,-186.57692175534837,88.79964000000001,-142.29375466666664,4301
787,762,754,877,300,Cody Freeman,TEX,3B,Batter,91.06522354542456,-197.6824002599398,97.86658666666666,-192.0577836,25629
788,903,787,3602,300,Andy Ibanez,ATH,Unknown,Batter,90.81633209707877,-232.89250727741126,89.49565466666668,-246.27177326666668,18819
789,840,725,978,300,Tobias Myers,NYM,SP,SP,90.56504817194416,-217.6620675507665,103.69485,-205.01668199999997,22191
790,701,860,861,300,Travis d'Arnaud,LAA,C,Batter,90.39285108173463,-183.56860575614013,73.894917,-189.6206013333333,7739
791,720,812,640,300,Brock Stewart,LAD,RP,RP,90.28931708373383,-187.37222258701698,84.18637333333334,-146.90702133333332,16727
792,842,747,1010,300,Mitchell Parker,WSN,SP,SP,90.198945500152,-218.02817022255866,99.33626666666669,-209.3752653333333,27636
793,845,695,933,300,Javier Assad,CHC,SP,SP,89.78317099914776,-218.4439447235629,109.9237266666667,-198.78780533333327,21741
794,705,822,803,300,Hunter Feduccia,TBR,C,Batter,89.77750429047597,-184.1839525473988,82.47312266666665,-181.04239566666666,23372
795,908,796,3606,300,Otto Kemp,PHI,1B,Batter,89.38563277373261,-234.32320660075743,87.78553066666667,-247.9818972666667,31792
796,770,867,1081,300,Darell Hernaiz,ATH,3B,Batter,89.32605273000281,-199.42157107536156,71.769586,-218.15478426666664,26224
797,728,2721,1414,300,Ryan Pressly,CHC,RP,RP,88.80841237081175,-188.85312729993905,1.7312599999999998,-229.36213466666666,7005
798,849,719,973,300,Ben Brown,CHC,SP,SP,88.76050686773316,-219.4666088549775,104.30167999999999,-204.409852,23590
799,850,792,1091,300,Travis Adams,MIN,SP,SP,88.74195081031769,-219.48516491239297,89.12624666666666,-219.58528533333333,30180
800,851,633,833,300,JP Sears,SDP,SP,SP,88.6305988456987,-219.59651687701196,122.95261333333333,-185.75891866666666,23429
801,853,737,1001,300,Yoendrys Gomez,TBR,SP,SP,88.54257467871324,-219.68454104399743,100.8521,-207.85943199999997,22872
802,854,767,1051,300,Jon Gray,,SP,SP,88.44983557755427,-219.7772801451564,94.92051333333335,-213.79101866666662,14916
803,818,940,3336,300,Jahmai Jones,DET,RF,Batter,88.18550672643082,-211.6493114019011,61.58562033333334,-231.31338366666665,18872
804,732,831,657,300,Mason Fluharty,TOR,RP,RP,87.97712630354798,-189.68441336720284,80.72706133333334,-150.36633333333333,31553
805,735,826,650,300,Dylan Dodd,ATL,RP,RP,87.78189414784441,-189.8796455229064,82.15019333333333,-148.94320133333332,29928
806,859,828,651,300,JT Brubaker,SFG,SP,SP,87.70933729943665,-220.51777842327402,81.74134666666667,-149.35204799999997,17578
807,773,1071,3608,300,Santiago Espinal,CIN,3B,Batter,87.571239862003,-201.17638394336137,41.82180233333334,-248.10256793333332,19997
808,864,771,1056,300,Charlie Morton,- - -,SP,SP,86.54506086786887,-221.6820548548418,94.42326000000001,-214.28827199999995,4676
809,914,829,3632,300,Blaine Crim,COL,1B,Batter,86.27186349925682,-237.4369758752332,81.14893833333333,-254.61848960000003,25714
810,866,731,575,300,DL Hall,MIL,SP,SP,86.2389017250415,-221.98821399766916,101.97861999999999,-129.11477466666668,22207
811,723,813,797,300,Connor Wong,BOS,C,Batter,86.06608241432961,-187.89537442354515,84.108286,-179.4072323333333,19896
812,916,811,3621,300,David Fry,CLE,1B,Batter,85.97101107382458,-237.73782830066546,84.50552466666666,-251.2619032666667,24934
813,743,866,696,300,Grant Wolfram,BAL,RP,RP,85.94960664044521,-191.7119330303056,71.792128,-159.30126666666666,21623
814,745,805,635,300,Ryan Fernandez,STL,RP,RP,85.25551982107274,-192.40601984967807,85.46283333333334,-145.63056133333333,24862
815,727,834,816,300,Yohel Pozo,STL,C,Batter,85.21509614135468,-188.7463606965201,80.42164766666667,-183.09387066666665,18848
816,827,874,1104,300,Alex Call,LAD,RF,Batter,85.18942251773,-214.6453956106019,71.09902566666666,-221.79997833333334,19296
817,729,923,938,300,James McCann,ARI,C,Batter,84.82524591203902,-189.13621092583577,64.07182200000001,-199.44369633333332,12859
818,772,825,989,300,David Hamilton,MIL,2B,Batter,84.3717235080852,-200.4080896441439,82.27433333333333,-206.329116,27531
819,731,845,829,300,Braxton Fulford,COL,C,Batter,84.30377271972738,-189.65768411814742,78.41906,-185.09645833333332,29704
820,788,1238,3671,300,Gio Urshela,ATH,3B,Batter,83.60145636113299,-205.14616744423137,22.7614,-267.16297026666666,10681
821,791,799,961,300,Kyle Karros,COL,3B,Batter,83.33170980180805,-205.4159140035563,86.80350199999998,-203.12086826666666,33252
822,833,915,1129,300,Myles Straw,TOR,CF,Batter,83.1324101700511,-216.7024079582808,65.80820299999999,-227.090801,17620
823,738,882,890,300,Adrian Del Castillo,ARI,C,Batter,83.06492764144554,-190.89652919642924,69.92295833333334,-193.59256,29554
824,836,827,1022,300,Justyn-Henry Malloy,TBR,RF,Batter,82.91773349713253,-216.91708463119937,81.901041,-210.99796299999997,29606
825,755,841,669,300,Tommy Kahnle,DET,RP,RP,82.58886849302766,-195.07267117772315,78.74796,-152.34543466666665,11384
826,922,846,3642,300,Ryan Mountcastle,BAL,1B,Batter,82.49950034446431,-241.20933903002572,78.41325566666667,-257.3541722666667,18373
827,776,949,1193,300,Jose Iglesias,SDP,2B,Batter,82.46103120587547,-202.31878194635362,60.24266033333333,-228.360789,10231
828,883,801,1109,300,Ryan Gusto,MIA,SP,SP,81.82365425364948,-226.4034614690612,86.33079999999998,-222.380732,26440
829,841,956,3571,300,Bryce Teodosio,LAA,CF,Batter,81.81539110242797,-218.01942702590395,59.38963699999999,-233.509367,29524
830,843,918,1154,300,James Outman,MIN,CF,Batter,81.72881151047685,-218.10600661785506,65.03157333333333,-227.86743066666668,24770
831,884,832,658,300,Beau Brieske,DET,SP,SP,81.6449560352884,-226.58215968742226,80.72188666666666,-150.371508,26079
832,844,1025,3599,300,Chris Taylor,LAA,CF,Batter,81.5607362278937,-218.2740819004382,47.89717466666667,-245.00182933333332,13757
833,758,849,672,300,Kevin Kelly,TBR,RP,RP,81.37497616704604,-196.28656350370477,77.27105333333334,-153.82234133333333,25679
834,753,928,946,300,Christian Vazquez,MIN,C,Batter,80.48037861740312,-193.48107822047166,62.866429866666664,-200.64908846666665,9774
835,930,842,3640,300,Triston Casas,BOS,1B,Batter,80.22204276249698,-243.48679661199304,78.71249433333334,-257.0549336,22514
836,810,878,1088,300,Oswaldo Cabrera,NYY,3B,Batter,79.96183837999862,-208.78578542536573,70.72002466666666,-219.20434559999998,21707
837,889,884,707,300,Paxton Schultz,WSN,SP,SP,79.59417616119406,-228.6329395615166,69.87107333333334,-161.2223213333333,25501
838,766,924,735,300,Zach Agnos,COL,RP,RP,79.56997099814399,-198.09156867260683,63.71609333333333,-167.37730133333332,31552
839,891,3001,4696,300,Bowden Francis,TOR,SP,SP,79.39689985128003,-228.83021587143065,1.5055199999999997,-307.206012,20548
840,858,894,1116,300,Max Kepler,PHI,LF,Batter,79.3233355838234,-220.5114825445085,68.83961166666667,-224.05939233333334,12144
841,934,814,3625,300,Abimelec Ortiz,WSN,Unknown,Batter,79.06315227327829,-244.64568710121173,83.81140733333334,-251.95602060000002,sa3016926
842,769,885,708,300,Steven Cruz,KCR,RP,RP,78.8859388271651,-198.77560084358572,69.73704666666667,-161.35634799999997,23165
843,893,790,1090,300,David Festa,MIN,SP,SP,78.85577456246887,-229.3713411602418,89.3306,-219.38093199999997,30056
844,894,922,3598,300,Tanner Gordon,COL,SP,SP,78.27094217459089,-229.95617354811978,64.11558666666666,-244.5959453333333,27669
845,865,847,1063,300,Richie Palacios,TBR,LF,Batter,77.96682498387699,-221.8679931444549,77.94741800000001,-214.95158599999996,24589
846,867,931,2491,300,Luis Matos,SFG,RF,Batter,77.58245920323152,-222.2523589251004,62.639003,-230.260001,26467
847,912,870,3661,300,Ryan Ritter,COL,SS,Batter,77.37768366446831,-236.89260436614364,71.44875,-263.859556,31500
848,804,781,919,300,Jeremiah Jackson,BAL,2B,Batter,76.99093579797984,-207.78887735424928,91.10528699999999,-197.49816233333337,22239
849,869,871,1101,300,Everson Pereira,CHW,CF,Batter,76.9389654204941,-222.8958527078378,71.43206233333335,-221.46694166666663,23695
850,819,946,1400,300,Jon Berti,CHC,3B,Batter,76.87922113640684,-211.86840266895751,60.603624333333336,-229.3207459333333,12037
851,902,856,3572,300,Jason Alexander,HOU,SP,SP,75.65423835838213,-232.57287736432852,74.27,-234.441532,19666
852,768,905,909,300,Mitch Garver,SEA,C,Batter,75.58793851866598,-198.3735183192088,66.77793513333333,-196.7375832,15161
853,945,838,3636,300,Joe Mack,MIA,Unknown,Batter,75.43051897729498,-248.27832039719505,80.07773333333334,-255.6896946,sa3017374
854,946,902,3675,300,Tyler Locklear,ARI,1B,Batter,75.07726613500293,-248.6315732394871,67.26026966666666,-268.5071582666667,31396
855,904,809,1115,300,Joey Wentz,ATL,SP,SP,75.03103428977656,-233.1960814329341,84.81535,-223.89618199999998,19962
856,778,877,704,300,Luke Jackson,- - -,RP,RP,74.80658397542025,-202.85495569533055,70.72192,-160.37147466666664,11752
857,877,863,1095,300,Johnathan Rodríguez,CLE,RF,Batter,74.6545567456457,-225.18026138268618,72.36224233333333,-220.53676166666668,22530
858,779,887,710,300,Andre Granillo,WSN,RP,RP,74.58664161414764,-203.07489805660316,69.62487933333334,-161.4685153333333,29542
859,771,914,920,300,Jake Rogers,DET,C,Batter,74.45814685135586,-199.5033099865189,65.84277666666667,-197.67274166666664,19452
860,815,948,1191,300,Luis Urias,ATH,2B,Batter,74.30034879444706,-210.47946435778204,60.24783666666667,-228.35561266666667,16622
861,907,862,692,300,Ryan Brasier,TEX,SP,SP,74.25360577860039,-233.97350994411028,72.47379333333333,-158.61960133333332,5615
862,781,897,716,300,Chad Green,TOR,RP,RP,74.23375147552677,-203.42778819522403,68.12716666666667,-162.966228,15552
863,784,861,687,300,Kyle Nicolas,PIT,RP,RP,73.36725904734054,-204.29428062341026,73.84740666666667,-157.24598799999998,27775
864,787,892,714,300,Tyler Ferguson,ATH,RP,RP,72.75447351366591,-204.9070661570849,69.03129333333335,-162.06210133333332,19481
865,886,854,1080,300,Alan Roden,MIN,LF,Batter,72.37682686240724,-227.45799126592465,75.01120733333333,-217.88779666666665,31564
866,910,864,3578,300,Corbin Burnes,ARI,SP,SP,72.24244508246427,-235.9846706402464,72.04776,-236.663772,19361
867,888,944,3564,238,Anthony Santander,TOR,OF/DH,Batter,72.01613321341762,-227.8186849149143,60.749301333333335,-232.14970266666666,14551
868,796,973,766,300,Chase Shugart,PHI,RP,RP,71.71557245247925,-205.94596721827156,56.86746933333334,-174.22592533333332,21544
869,911,900,719,300,Jackson Perkins,ATH,SP,SP,71.39466434846558,-236.83245137424507,67.63182266666666,-163.461572,31468
870,913,3622,4956,300,Jose Urena,- - -,SP,SP,71.10238677463653,-237.12472894807414,1.2283600000000001,-307.48317199999997,11589
871,892,1336,3708,300,Austin Slater,- - -,LF,Batter,70.85283457764251,-228.9819835506894,14.400699999999997,-278.498304,16153
872,800,1436,1110,300,Andrew Saalfrank,ARI,RP,RP,70.31383791790222,-207.3477017528486,8.510779,-222.58261566666664,26203
873,802,980,772,300,Luis Mey,CIN,RP,RP,69.9625952867091,-207.6989443840417,55.19923333333333,-175.89416133333333,25620
874,803,909,727,300,Daysbel Hernandez,ATL,RP,RP,69.91280921254457,-207.74873045820624,66.38805599999999,-164.70533866666665,20271
875,957,1221,6031,300,LaMonte Wade Jr.,CHW,1B,Batter,69.56463943079966,-254.14419994369035,24.765619,-311.00180893333334,18126
876,789,855,856,300,Dalton Rushing,LAD,C,Batter,68.6306995702343,-205.33075726764048,74.65487866666666,-188.86063966666666,31382
877,920,876,703,300,Jalen Beeks,ARI,SP,SP,68.23926551194523,-239.98785021076543,70.90706,-160.18633466666665,17192
878,835,988,3575,300,Leo Rivas,SEA,2B,Batter,67.92759555311734,-216.85221759911178,54.009115,-234.59433433333334,21009
879,862,950,1815,300,Brett Harris,ATH,3B,Batter,67.62686682011069,-221.12075698525365,60.12578866666667,-229.79858159999998,29788
880,901,964,3573,300,Nick Loftin,KCR,LF,Batter,67.61429534290187,-232.22052278543003,58.45122933333334,-234.44777466666665,27630
881,905,968,3577,300,Michael Helman,TEX,CF,Batter,66.01305588362064,-233.82176224471127,58.11725033333334,-234.78175366666665,24605
882,807,967,984,300,J.C. Escarra,NYY,C,Batter,65.90444929952689,-208.05700753834788,58.123491666666666,-205.39202666666665,20084
883,925,919,3594,300,Kai-Wei Teng,HOU,SP,SP,65.60292160716281,-242.62419411554785,64.56045,-244.15108199999997,24282
884,928,921,734,300,Tristan Beck,SFG,SP,SP,65.42350994070857,-242.80360578200208,64.14605466666667,-166.94734,21584
885,821,888,712,300,Colin Holderman,CLE,RP,RP,65.1954696640563,-212.4660700066945,69.51543999999998,-161.57795466666667,22361
886,973,881,3669,300,Charlie Condon,COL,Unknown,Batter,65.1006439329586,-258.6081954415314,69.92530433333333,-265.84212360000004,sa3025257
887,822,941,747,300,Joey Lucchesi,SFG,RP,RP,65.02960078806545,-212.63193888268535,61.22678666666667,-169.86660799999999,19320
888,811,963,977,300,Rafael Marchan,PHI,C,Batter,64.96891709066789,-208.99253974720688,58.708914666666665,-204.80660366666666,21646
889,857,1013,3582,300,Adael Amador,COL,2B,Batter,64.44504080866568,-220.33477234356343,49.900433,-238.70301633333335,27962
890,861,942,1142,300,Tim Tawa,ARI,2B,Batter,64.06478005114508,-220.71503310108403,61.139694999999996,-227.46375433333336,29571
891,814,1042,1075,300,Tyler Heineman,TOR,C,Batter,63.66434026876095,-210.29711656911383,45.85270766666665,-217.66281066666667,13897
892,826,934,742,300,Chris Murphy,CHW,RP,RP,63.44223655388449,-214.2193031168663,62.156353333333335,-168.93704133333333,26214
893,937,935,3605,300,Mason Barnett,ATH,SP,SP,62.96012470742095,-245.2669910152897,61.97709999999998,-246.734432,31741
894,868,979,3569,300,Hyeseong Kim,LAD,2B,Batter,62.40687842952085,-222.37293472270827,55.44603666666666,-233.1574126666667,35322
895,831,883,706,300,Jonathan Loaisiga,ARI,RP,RP,62.32984306476921,-215.33169660598162,69.91265333333332,-161.18074133333334,19753
896,939,1005,3646,300,Pierson Ohl,COL,SP,SP,61.904582841834014,-246.32253288087665,50.8806,-257.83093199999996,30179
897,985,896,3674,300,Ryan Waldschmidt,ARI,Unknown,Batter,61.85299666721998,-261.85584270727,68.34807433333333,-267.4193536,sa3025261
898,986,981,3715,300,Eric Wagaman,MIN,1B,Batter,61.70277413302529,-262.00606524146474,54.998442000000004,-280.76898593333334,23395
899,988,869,3663,300,Travis Bazzana,CLE,Unknown,Batter,61.4935762002225,-262.21526317426753,71.65856533333333,-264.1088626,sa3025129
900,885,938,1165,300,Ronny Mauricio,NYM,3B,Batter,61.386467003609134,-227.36115680175521,61.835975999999995,-228.08839426666665,23698
901,943,955,3611,300,Clarke Schmidt,NYY,SP,SP,61.04207634814473,-247.18503937456592,59.53945666666667,-249.1720753333333,19899
902,838,1000,794,300,Alek Jacob,SDP,RP,RP,60.60970296447336,-217.05183670627747,52.282095999999996,-178.81129866666666,29628
903,944,925,736,300,Yariel Rodriguez,TOR,SP,SP,60.414234472305935,-247.81288125040473,63.46714666666666,-167.626248,33838
904,881,1008,3581,300,Zack Gelof,ATH,2B,Batter,58.98671324615593,-225.79309990607317,50.70434533333333,-237.89910400000002,29766
905,950,893,715,300,Colton Gordon,HOU,SP,SP,58.665446301562206,-249.56166942114845,68.95939333333332,-162.13400133333334,31312
906,846,965,761,300,Max Lazar,PHI,RP,RP,58.59812409036828,-219.06341558038253,58.28546399999999,-172.80793066666666,23426
907,847,976,768,300,Chris Roycroft,STL,RP,RP,58.584368793224385,-219.07717087752644,56.20919999999999,-174.88419466666667,31261
908,848,987,778,300,Juan Morillo,ARI,RP,RP,58.312825792273166,-219.34871387847764,54.55552666666667,-176.53786799999997,21924
909,951,920,3595,300,Sawyer Gipson-Long,DET,SP,SP,57.861629809436074,-250.3654859132746,64.30355000000002,-244.40798199999995,26048
910,953,3722,4994,300,Carlos Carrasco,- - -,SP,SP,57.39378564616841,-250.83333007654227,1.19424,-307.517292,6632
911,834,1027,1068,300,Austin Wynns,ATH,C,Batter,57.133555733427734,-216.82790110444705,47.227666666666664,-216.28785166666665,15271
912,860,985,776,300,Yerry De Los Santos,NYY,RP,RP,57.132045979572275,-220.52949369117854,54.67185466666667,-176.42154,21420
913,926,997,3586,300,John Rave,KCR,RF,Batter,57.10527088605703,-242.72954724227486,52.484764666666656,-240.41423933333334,26284
914,954,966,3616,300,Gunnar Hoglund,ATH,SP,SP,56.933960004945895,-251.29315571776476,58.23197333333334,-250.47955866666663,31318
915,839,962,974,300,Drew Millas,WSN,C,Batter,56.78119448343803,-217.18026235443676,59.081953,-204.43356533333332,25643
916,863,1019,809,300,Trent Thornton,CHC,RP,RP,56.53496766496852,-221.1265720057823,48.85196266666666,-182.241432,17948
917,931,1713,3737,300,Joshua Palacios,CHW,RF,Batter,55.76038056462505,-244.07443756370685,3.3356000000000003,-289.563404,19818
918,906,1158,3644,300,Will Wagner,SDP,3B,Batter,54.91890764420503,-233.82871616115932,32.40471900000001,-257.51965126666664,29634
919,935,1073,3620,300,Mark Canha,TEX,LF,Batter,54.88410272304322,-244.9507154052887,41.768897333333335,-251.13010666666665,11445
920,870,1064,847,300,Dan Altavilla,MIN,RP,RP,54.695658709377746,-222.96588096137307,43.47528666666667,-187.61810799999998,16507
921,975,1048,3741,300,Orlando Arcia,MIN,SS,Batter,54.33306908542014,-259.9372189451918,45.32808933333333,-289.9802166666667,13185
922,852,5231,3658,300,Martin Maldonado,SDP,C,Batter,54.28422512635178,-219.677231711523,0.5618000000000001,-262.9537183333333,6887
923,938,1038,3604,300,Nolan Jones,CLE,RF,Batter,54.24811473237121,-245.58670339596068,46.361276,-246.537728,20529
924,976,1037,3733,300,Nick Allen,HOU,SS,Batter,54.24235020187183,-260.0279378287401,46.465364666666666,-288.84294133333333,22277
925,872,993,784,300,Chase Lee,TOR,RP,RP,54.084851582377176,-223.57668808837363,53.41965133333333,-177.67374333333333,29574
926,873,1010,801,300,Orlando Ribalta,WSN,RP,RP,54.03707277884077,-223.62446689191003,50.359140000000004,-180.73425466666666,26247
927,875,1041,830,300,Sam Bachman,LAA,RP,RP,53.34546399423863,-224.31607567651218,45.92223133333332,-185.17116333333334,29754
928,896,1103,3615,300,DJ LeMahieu,NYY,2B,Batter,53.20432932223377,-231.57548382999533,38.46796033333334,-250.135489,9874
929,941,1123,3643,300,Alejandro Osuna,TEX,LF,Batter,53.023324694820296,-246.8114934335116,35.48982433333334,-257.40917966666666,27915
930,898,1053,3593,300,Kristian Campbell,BOS,2B,Batter,52.85231011899401,-231.9275030332351,44.46366166666667,-244.13978766666668,33644
931,942,1124,3645,300,Derek Hill,CHW,CF,Batter,52.7860906895059,-247.048727438826,35.303442999999994,-257.595561,16947
932,900,1056,3596,300,Ildemaro Vargas,ARI,2B,Batter,52.67275784026418,-232.10705531196493,44.158244333333336,-244.44520500000002,13324
933,876,1007,799,300,Michael Tonkin,MIN,RP,RP,52.605864543083015,-225.0556751276678,50.76969333333333,-180.32370133333333,10315
934,878,1034,825,300,Angel Chivilli,NYY,RP,RP,52.41390551559257,-225.24763415515824,46.737152666666674,-184.35624199999998,26790
935,871,1110,1120,300,Elias Diaz,SDP,C,Batter,50.64641118990924,-223.31504564796555,37.70469791666667,-225.81082041666664,11680
936,917,1267,3681,300,Warming Bernabel,WSN,3B,Batter,50.514338360194564,-238.2332854451698,19.910421000000003,-270.01394926666666,26536
937,874,1739,3654,300,Jacob Stallings,- - -,C,Batter,50.30400049464574,-223.65745634322903,3.2448999999999995,-260.27061833333335,13723
938,887,1058,842,300,Jorge Lopez,WSN,RP,RP,50.03527144355206,-227.62626822719875,44.01232666666666,-187.081068,14527
939,952,1147,3652,300,Eli White,ATL,RF,Batter,49.25228416015212,-250.58253396817977,33.182426666666665,-259.7165773333333,19346
940,880,1258,3591,300,Reese McGuire,MIL,C,Batter,48.4918798435436,-225.4695769943312,20.540762,-242.97475633333332,15674
941,977,975,3628,300,Hayden Wesneski,HOU,SP,SP,48.060549243818805,-260.16656647889187,56.36135,-252.35018199999996,27581
942,882,1137,1500,300,Austin Hedges,CLE,C,Batter,47.75771074943992,-226.20374608843485,33.99794703333333,-229.5175713,12976
943,978,1014,807,300,Justin Hagenman,NYM,SP,SP,47.58323992453447,-260.64387579817617,49.59728266666667,-181.49611199999998,21546
944,979,947,749,300,Kyle Hart,SDP,SP,SP,47.44078479069505,-260.78633093201563,60.52972,-170.56367466666666,19646
945,983,1009,3647,300,Brandon Young,BAL,SP,SP,46.72969481836171,-261.4974209043489,50.46724999999999,-258.244282,27819
946,984,969,3617,300,Cade Povich,BAL,SP,SP,46.683246347398544,-261.5438693753121,57.97860666666667,-250.7329253333333,30055
947,956,1083,3626,300,Chas McCormick,CHC,LF,Batter,46.509949499457036,-253.32486862887487,40.901331,-251.997673,19599
948,897,1001,795,300,Rafael Montero,NYY,RP,RP,45.8424984014859,-231.81904126926491,52.27959333333333,-178.81380133333332,12760
949,918,1235,3668,300,Christian Koss,SFG,2B,Batter,45.71558158482885,-239.06423156740027,23.026470666666665,-265.57697866666666,27653
950,899,1088,869,300,Kaleb Ort,LAA,RP,RP,45.64200037376713,-232.01953929698368,40.40584666666666,-190.687548,20061
951,958,913,1128,300,Johan Rojas,PHI,CF,Batter,45.456116907813836,-254.37870122051805,65.874217,-227.024787,24336
952,989,1055,3664,300,Martin Perez,ATL,SP,SP,45.305036410545895,-262.9220793121648,44.33678666666668,-264.3747453333333,6902
953,890,943,957,300,Gary Sanchez,BAL,C,Batter,45.27095485502594,-228.69050198284884,61.05215,-202.46336833333334,11442
954,961,1642,3735,300,Hunter Renfroe,KCR,RF,Batter,45.04033143133657,-254.79448669699534,3.6528,-289.246204,15464
955,963,3552,3747,300,Nick Martini,COL,RF,Batter,44.57862174905797,-255.25619637927394,1.2617499999999997,-291.637254,12005
956,1036,1179,4134,300,Curtis Mead,CHW,1B,Batter,44.0362529245551,-279.6725864499349,29.791788,-305.97563993333335,23986
957,990,1364,3756,300,Brandon Waddell,NYM,SP,SP,43.969289133338634,-264.25782658937203,12.644941999999997,-296.06658999999996,18347
958,991,1046,3659,300,Carson Whisenhunt,SFG,SP,SP,43.754810715255225,-264.4723050074554,45.45202333333334,-263.25950866666665,31676
959,993,1094,3677,300,Trevor Williams,WSN,SP,SP,43.61056845419061,-264.61654726852004,40.07585533333334,-268.63567666666665,16977
960,994,1028,820,300,Tyler Gilbert,CHW,SP,SP,43.5876524656056,-264.63946325710504,47.19756666666666,-183.895828,17964
961,909,1044,832,300,Cionel Perez,WSN,RP,RP,42.949689736427814,-234.711849934323,45.576,-185.51739466666666,19614
962,969,3877,3748,300,Cooper Hummel,- - -,LF,Batter,42.353133598270105,-257.4816845300618,1.13475,-291.764254,19458
963,972,1215,3673,300,Jack Suwinski,PIT,RF,Batter,41.48795536729262,-258.3468627610393,25.576207666666665,-267.3227963333333,22244
964,1041,1299,6053,300,Nick Sogard,BOS,1B,Batter,41.46999824083093,-282.2388411336591,17.613513666666666,-318.1539142666667,25483
965,998,1002,3638,300,Adam Mazur,MIA,SP,SP,41.355436299442054,-266.87167942326863,52.25365,-256.457882,31900
966,974,755,899,300,Joey Loperfido,HOU,LF,Batter,40.94266055363448,-258.8921575746974,97.68398933333333,-195.21501466666666,29630
967,933,1184,3649,300,Dylan Moore,PHI,2B,Batter,40.25962814678814,-244.52018500544096,29.218517000000002,-259.3849323333333,18042
968,915,1141,915,300,Hector Neris,KCR,RP,RP,39.94851427926575,-237.71302539148508,33.768262666666665,-197.325132,11804
969,1011,1196,5510,300,Andruw Monasterio,BOS,SS,Batter,39.49249900198963,-274.7777890286223,27.105614666666668,-308.20269133333335,19455
970,919,1116,3686,300,Dane Dunning,SEA,RP,RP,38.357737106618075,-239.30380256413275,36.19397066666666,-272.51756133333333,19409
971,987,1075,3623,300,Zach Dezenzo,HOU,LF,Batter,37.7764154318311,-262.0584026965008,41.54755933333333,-251.35144466666665,31562
972,1001,1119,3687,300,Landon Knack,LAD,SP,SP,37.56894693057242,-270.6581687921382,35.9697,-272.741832,27487
973,1002,1129,3691,300,Mitch Farris,LAA,SP,SP,37.448544495221924,-270.7785712274887,34.738166666666665,-273.97336533333333,33628
974,1003,1127,905,300,Lou Trivino,PHI,SP,SP,37.25284753583266,-270.974268186878,35.225086000000005,-195.86830866666665,15043
975,1004,1155,3701,300,Bryse Wilson,PHI,SP,SP,36.87794465438772,-271.34917106832296,32.73582266666667,-275.9757093333333,19990
976,1006,1169,944,300,Scott Blewett,STL,SP,SP,36.16252856521407,-272.0645871574966,30.50336066666667,-200.59003399999997,16427
977,1034,1257,6039,300,Trey Sweeney,DET,SS,Batter,35.71021205849524,-278.5600759721167,20.584843666666668,-314.7234623333334,29575
978,923,1450,1114,300,Zach Brzykcy,WSN,RP,RP,35.458668085909494,-242.20287158484132,7.623341,-223.47005366666664,27783
979,924,1160,936,300,Lyon Richardson,CIN,RP,RP,35.29744347274073,-242.3640961980101,31.950017333333335,-199.14337733333332,24581
980,992,1254,3684,300,Dylan Carlson,CHC,LF,Batter,35.29090940892032,-264.5439087194116,20.801112666666665,-272.09789133333334,20126
981,949,1288,3683,300,Tyler Fitzgerald,SFG,2B,Batter,35.230770988510706,-249.5490421637184,18.236347666666667,-270.36710166666666,26208
982,927,1099,878,300,Felix Bautista,BAL,RP,RP,34.926781033726236,-242.73475863702458,38.76636933333334,-192.32702533333332,20666
983,929,1148,923,300,Jorge Alcala,TOR,RP,RP,34.55522120014513,-243.1063184706057,33.121723333333335,-197.97167133333332,19459
984,1055,1290,6048,300,Christian Encarnacion-Strand,CIN,1B,Batter,34.37617390099757,-289.33266547349245,18.127619666666664,-317.6398082666667,30011
985,921,1251,3590,300,Riley Adams,WSN,C,Batter,33.406848445240165,-240.5546083926346,21.001311666666663,-242.51420666666667,19864
986,932,1159,932,300,Ryan Borucki,CHW,RP,RP,33.302540855063754,-244.35899881568707,32.31929866666667,-198.774096,16350
987,936,1180,950,300,Carlos Hernandez,CLE,RP,RP,32.56259304463123,-245.09894662611958,29.788478,-201.30491666666666,22713
988,1019,1176,949,300,Carson Palmquist,COL,SP,SP,32.50852443211216,-275.7185912905985,30.04737,-201.04602466666665,31612
989,967,1266,3680,300,Josh Rojas,KCR,3B,Batter,31.554602426609915,-257.19302137875445,19.98508166666667,-269.9392886,19734
990,968,1317,3690,300,Max Schuemann,NYY,3B,Batter,31.539375625560428,-257.20824817980395,16.186857000000003,-273.7375132666666,24488
991,940,1188,956,300,Genesis Cabrera,PHI,RP,RP,31.17709864940875,-246.48444102134206,28.859424000000004,-202.23397066666666,17490
992,1028,1164,3706,300,Jack Kochanowicz,LAA,SP,SP,30.834182673637716,-277.39293304907295,31.0062,-277.705332,27688
993,1046,1332,6068,300,Nacho Alvarez Jr.,ATL,SS,Batter,30.564370831907162,-283.70591719870475,14.573590666666666,-320.7347153333333,31765
994,971,1259,3679,300,Paul DeJong,NYY,3B,Batter,30.429719967127753,-258.3179038382366,20.481468266666663,-269.442902,18015
995,1030,1167,942,300,Grant Holman,ARI,SP,SP,30.149759615261047,-278.07735610744965,30.621553333333335,-200.47184133333332,30002
996,1033,1177,3710,300,Ronel Blanco,HOU,SP,SP,29.684498655433668,-278.542617067277,29.91442,-278.79711199999997,19407
997,962,1323,3689,300,Kyren Paris,LAA,2B,Batter,29.682331964975653,-255.09748118725346,15.575680666666665,-273.0277686666667,26420
998,947,1166,941,300,Kyle Backhus,PHI,RP,RP,28.91813895972419,-248.74340071102662,30.73638533333333,-200.35700933333334,29615
999,1035,1122,902,300,Carson Seymour,SFG,SP,SP,28.58817337428944,-279.6389423484212,35.530443333333324,-195.56295133333333,30084
1000,948,1170,945,300,Manuel Rodriguez,TBR,RP,RP,28.51769538396809,-249.14384428678272,30.48947933333334,-200.6039153333333,20794
1001,965,1276,3678,300,Brendan Rodgers,BOS,2B,Batter,28.44755859135225,-256.33225456087683,19.228786266666667,-269.3746630666667,17907
1002,1005,1082,3624,300,Leody Taveras,BAL,OF,Batter,27.93047480026432,-271.90434332806757,41.03258833333333,-251.86641566666665,18900
1003,1038,1143,3698,300,Austin Gomber,TEX,SP,SP,27.792442221817403,-280.43467350089327,33.3283,-275.38323199999996,16561
1004,1057,1359,6080,300,Michael Toglia,CIN,1B,Batter,27.70428805224716,-296.0045513222429,12.805582666666668,-322.96184526666667,25845
1005,1058,1210,6013,300,Coby Mayo,BAL,1B,Batter,26.510097056942673,-297.1987423175473,25.874261333333333,-309.89316660000003,28312
1006,955,1078,862,300,Josh Simpson,MIA,RP,RP,26.35142051707687,-251.31011915367395,41.284,-189.80939466666666,25957
1007,1009,1286,3692,300,Brandon Lockridge,MIL,LF,Batter,25.817068167603832,-274.01774996072805,18.572235666666668,-274.32676833333335,21496
1008,1042,1150,3699,300,McCade Brown,COL,SP,SP,25.719202077363892,-282.5079136453468,33.09606666666666,-275.6154653333333,30004
1009,1043,1190,959,300,Mitch Spence,KCR,SP,SP,25.69002546266278,-282.5370902600479,28.154357333333333,-202.93903733333332,27707
1010,1045,1191,960,300,Osvaldo Bido,NYY,SP,SP,24.62872195462417,-283.5983937680865,28.14794333333334,-202.94545133333332,23150
1011,1020,1263,3688,300,Kameron Misner,KCR,CF,Batter,24.11550789066683,-275.71931023766507,20.156642000000005,-272.74236199999996,26374
1012,996,1360,3704,300,Miles Mastrobuoni,SEA,3B,Batter,23.43717539192937,-265.310448413435,12.775924333333336,-277.1484459333333,20017
1013,959,1218,987,300,Hunter Strickland,LAA,RP,RP,23.098722963263395,-254.56281670748743,24.980860000000003,-206.11253466666665,7836
1014,960,1174,948,300,Konnor Pilkington,DET,RP,RP,22.91153705016175,-254.75000262058907,30.14615333333334,-200.94724133333332,21453
1015,1047,1186,953,300,Joe Ross,ARI,SP,SP,22.797875438295417,-285.42924028441524,29.17217333333333,-201.92122133333334,12972
1016,964,1322,1064,300,Collin Snider,CHC,RP,RP,21.61289482780463,-256.0486448429462,15.725485333333332,-215.36790933333333,23307
1017,1032,1452,3727,300,Drew Waters,KCR,LF,Batter,21.540189020302467,-278.2946291080294,7.500431666666667,-285.39857233333333,20505
1018,1051,1229,996,300,Ryan Rolison,CHC,SP,SP,21.242355787276963,-286.9847599354337,23.919533333333334,-207.17386133333332,22200
1019,1078,1392,6097,300,Abraham Toro,KCR,1B,Batter,21.0540651343345,-302.6547742401555,10.747738666666665,-325.01968926666666,19844
1020,966,1310,1059,300,John Brebbia,COL,RP,RP,20.850778614412,-256.81076105633883,16.49348133333333,-214.59991333333332,12777
1021,1037,1357,3714,300,Taylor Trammell,HOU,LF,Batter,19.973444747185486,-279.8613733811464,12.957832333333334,-279.94117166666666,19960
1022,1053,1260,1018,300,Bradley Blalock,MIA,SP,SP,19.638264863509818,-288.5888508592009,20.428360666666663,-210.665034,26419
1023,1054,1204,975,300,Kolby Allard,CLE,SP,SP,19.369129586477673,-288.85798613623297,26.40582066666667,-204.68757399999998,18694
1024,997,1363,3700,300,Tyler Wade,TEX,2B,Batter,19.02086037958057,-265.7589527726485,12.677856666666665,-275.92559266666666,15730
1025,1039,1403,3720,300,Yanquiel Fernandez,NYY,RF,Batter,18.24348519556162,-281.5913329327703,10.173145033333334,-282.72585896666664,28552
1026,999,1413,3711,300,Mickey Gasper,BOS,2B,Batter,16.972684574574743,-267.80712857765434,9.6696557,-278.9337936333333,24759
1027,982,1305,1055,300,Cam Booser,TBR,RP,RP,16.270594407589172,-261.39094526316165,16.80582,-214.28757466666664,16061
1028,1089,1327,6066,300,Enmanuel Valdez,PIT,1B,Batter,16.229877861293595,-307.47896151319645,15.352853566666667,-320.41457436666667,21716
1029,970,1345,3613,300,Alex Jackson,MIN,C,Batter,16.058447455812793,-257.903009382062,13.855126200000003,-249.66039213333332,17276
1030,1090,1356,6079,300,Matt Mervis,WSN,1B,Batter,14.526289743242932,-309.18254963124707,13.0983657,-322.66906223333336,27845
1031,1048,1382,3716,300,Jonatan Clase,TOR,LF,Batter,14.349332430003567,-285.4854856983283,11.572325666666666,-281.32667833333335,26599
1032,1049,1331,3707,300,Heston Kjerstad,BAL,LF,Batter,14.347568041424143,-285.48725008690775,15.0155861,-277.8834179,31166
1033,1050,1519,3731,300,Weston Wilson,BAL,LF,Batter,14.152222086842151,-285.6825960414898,4.825266533333333,-288.07373746666667,19358
1034,1056,1376,1086,300,Shinnosuke Ogasawara,WSN,SP,SP,13.473539862122877,-294.7535758605878,12.065302666666668,-219.028092,35324
1035,980,1443,3635,300,Ben Rortvedt,NYM,C,Batter,13.163035798644954,-260.7984210392298,8.141482166666666,-255.37403616666666,20287
1036,981,1453,3637,300,Willie MacIver,TEX,C,Batter,13.027359078383952,-260.93409775949084,7.448307666666665,-256.06721066666665,24641
1037,995,1333,1069,300,Matt Bowman,MIN,RP,RP,12.86697381664693,-264.7945658541039,14.491119999999999,-216.60227466666666,13528
1038,1052,1324,3705,300,Jhonkensy Noel,BAL,RF,Batter,12.145235698971298,-287.6895824293606,15.559359466666665,-277.33964453333334,24257
1039,1091,1505,6164,300,Donovan Solano,- - -,1B,Batter,11.739498952411516,-311.9693404220785,5.151698966666667,-330.61572896666667,8623
1040,1029,1354,3703,300,Jonah Bride,TEX,3B,Batter,11.163901875421267,-277.58372192994307,13.128016466666667,-276.79635379999996,24703
1041,1031,1397,3712,300,Kevin Newman,KCR,3B,Batter,10.575808465135918,-278.1718153402284,10.282085966666667,-279.6422843,17696
1042,1059,1351,1077,300,AJ Smith-Shawver,ATL,SP,SP,10.35583012292502,-297.87128559978566,13.357818,-217.73557666666665,29960
1043,1060,1388,1094,300,Valente Bellozo,COL,SP,SP,10.233648630559887,-297.99346709215075,11.140626666666668,-219.952768,23899
1044,1061,1496,3795,300,Tylor Megill,NYM,SP,SP,9.257760222416607,-298.96935550029406,5.3918550000000005,-303.31967699999996,21318
1045,1062,1274,3736,300,Cal Quantrill,TEX,SP,SP,8.690864577087003,-299.5362511456237,19.35931333333333,-289.35221866666666,19312
1046,1063,1492,3792,300,Yu Darvish,SDP,SP,SP,8.686657022096876,-299.5404587006138,5.490165,-303.221367,13074
1047,1064,1445,3780,300,Brandon Walter,HOU,SP,SP,8.464154938349443,-299.7629607843612,8.009112666666667,-300.7024193333333,26056
1048,1065,1523,3807,300,Luis L. Ortiz,CLE,SP,SP,8.245692301642515,-299.98142342106814,4.764275,-303.947257,27646
1049,1066,1422,3771,300,Nestor Cortes,- - -,SP,SP,7.498620763506362,-300.7284949592043,9.195341999999995,-299.51619,17874
1050,1067,1370,3759,300,Tony Gonsolin,LAD,SP,SP,7.264938811131588,-300.9621769115791,12.214169999999996,-296.49736199999995,19388
1051,1068,1531,3812,300,Clayton Kershaw,LAD,SP,SP,7.01545189934161,-301.21166382336907,4.534255,-304.177277,2036
1052,1069,1476,3787,300,Jackson Jobe,DET,SP,SP,6.678085444859636,-301.54903027785105,6.276151333333334,-302.4353806666666,30203
1053,1040,1524,3726,300,Emmanuel Rivera,BAL,3B,Batter,6.641304861373258,-282.1063189439911,4.748574266666666,-285.175796,19890
1054,1070,1601,3858,300,Ben Lively,CLE,SP,SP,6.635730934000608,-301.59138478871006,3.8776500000000023,-304.83388199999996,14932
1055,1071,1344,3754,300,Tanner Houck,BOS,SP,SP,6.567112235880015,-301.66000348683065,13.987853333333328,-294.7236786666667,19879
1056,1072,1549,3825,300,Frankie Montas,NYM,SP,SP,6.534847299571593,-301.69226842313907,4.33808,-304.373452,14309
1057,1073,1826,4022,300,Andrew Heaney,- - -,SP,SP,6.240985493043162,-301.9861302296675,3.0021750000000003,-305.70935699999995,15423
1058,1074,1628,3876,300,Anthony DeSclafani,ARI,SP,SP,6.182295635141974,-302.04482008756867,3.7073099999999997,-305.00422199999997,13050
1059,1075,1618,3869,300,Kyle Hendricks,LAA,SP,SP,5.997362045368187,-302.2297536773425,3.751955,-304.95957699999997,12049
1060,1076,1702,3929,300,Caleb Boushley,TEX,SP,SP,5.793708845621085,-302.43340687708957,3.3686049999999996,-305.342927,19736
1061,1077,1798,4005,300,Matt Sauer,LAD,SP,SP,5.587164843129415,-302.63995087958125,3.0602650000000002,-305.65126699999996,22284
1062,1079,2450,4446,300,Connor Gillispie,MIA,SP,SP,5.534762614519574,-302.69235310819107,2.0830800000000003,-306.628452,26171
1063,1044,1920,3730,300,Vinny Capra,BOS,3B,Batter,5.273295491503948,-283.4743283138604,2.8264880333333333,-287.09788223333334,25040
1064,1000,1478,3641,300,Matt Thaiss,BOS,C,Batter,5.208405783578076,-268.7530510542967,6.227227266666667,-257.28829106666666,19318
1065,1080,2118,4233,300,Nabil Crismatt,TEX,SP,SP,5.136391838804248,-303.09072388390643,2.5084800000000005,-306.20305199999996,17732
1066,1081,1405,3769,300,Anthony Molina,ATL,SP,SP,4.378769772833389,-303.8483459498773,9.972653333333335,-298.73887866666666,26952
1067,1007,1675,1146,300,Bryce Jarvis,ARI,RP,RP,4.351150112629564,-273.31038955812124,3.5064313333333335,-227.58696333333333,27477
1068,1082,1495,3794,300,Thomas Hatch,ARI,SP,SP,4.328576392885761,-303.8985393298249,5.475318666666664,-303.2362133333333,19264
1069,1083,1678,3914,300,Chris Flexen,CHC,SP,SP,4.239068102226873,-303.98804762048377,3.49742,-305.214112,13896
1070,1084,2059,4192,300,Anthony Veneziano,- - -,SP,SP,4.042658550037961,-304.1844571726727,2.5959450000000004,-306.115587,27453
1071,1085,1840,4033,300,Easton Lucas,TOR,SP,SP,3.9077928575770993,-304.3193228651336,2.976895,-305.73463699999996,26058
1072,1008,2121,1223,300,Carson Fulmer,LAA,RP,RP,3.7704063829275287,-273.89113328782327,2.5077800000000003,-228.58561466666666,18311
1073,1010,1988,1197,300,Jake Woodford,TBR,RP,RP,3.605042450249772,-274.05649722050106,2.713115,-228.38027966666667,18674
1074,1012,1845,1170,300,Randy Rodriguez,SFG,RP,RP,2.879896627520712,-274.7816430432301,2.9640900000000006,-228.12930466666666,23974
1075,1013,1886,1178,300,Ronny Henriquez,MIA,RP,RP,2.787055468889499,-274.8744842018613,2.8801049999999995,-228.21328966666667,24094
1076,1014,2809,1459,300,Max Kranick,NYM,RP,RP,2.6631685867888573,-274.99837108396196,1.6441649999999997,-229.44922966666667,22175
1077,1015,2707,1405,300,Shawn Dubin,ARI,RP,RP,2.5280137119542276,-275.1335259587966,1.75201,-229.34138466666664,24977
1078,1086,4001,5108,300,Austin Cox,ATL,SP,SP,2.47608771451019,-305.7510280082005,1.088075,-307.623457,24604
1079,1087,2413,4428,300,Reed Garrett,NYM,SP,SP,2.0770634901266196,-306.150052232584,2.118535,-306.59299699999997,16866
1080,1016,2147,1229,300,Shelby Miller,CHC,RP,RP,2.0238193326695417,-275.6377203380813,2.4681949999999997,-228.62519966666665,10197
1081,1017,2808,1458,300,Nic Enright,TOR,RP,RP,1.9990725011015444,-275.6624671696493,1.645095,-229.44829966666666,25553
1082,1018,3099,1618,300,John Curtiss,ARI,RP,RP,1.978683446257161,-275.68285622449366,1.447045,-229.64634966666665,16128
1083,1021,2096,1219,300,Emmanuel Clase,CLE,RP,RP,1.9038963073025903,-275.7576433634482,2.535756,-228.55763866666666,21032
1084,1088,4183,5180,300,Sean Reynolds,SDP,SP,SP,1.8683457416967924,-306.3587699810139,1.0081700000000002,-307.70336199999997,22253
1085,1022,4069,2139,300,Chris Stratton,- - -,RP,RP,1.8554230194853443,-275.8061166512655,1.0516949999999998,-230.04169966666666,13761
1086,1023,4205,2214,300,Eduardo Salazar,WSN,RP,RP,1.7835494400113845,-275.87799023073944,1.0005750000000004,-230.09281966666666,23135
1087,1024,2152,1231,300,Jose Castillo,- - -,RP,RP,1.7187841889709146,-275.9427554817799,2.4616599999999997,-228.63173466666666,17169
1088,1025,4680,2514,300,Tayler Scott,ATL,RP,RP,1.6784675881665958,-275.9830720825842,0.8175750000000002,-230.27581966666665,13652
1089,1026,3475,1821,300,Sam Long,KCR,RP,RP,1.5751459678183575,-276.08639370293247,1.2921999999999993,-229.80119466666665,25379
1090,1027,3703,1940,300,Ian Gibaut,CIN,RP,RP,1.188026110306439,-276.47351356044436,1.2021475000000001,-229.89124716666666,17871
