Name,Team,Position,Avg_Proj_Fpts,PAR,Type,Proj_Raw_Rank,Proj_PAR_Rank
Shohei Ohtani,LAD,DH/SP,528.7243666666667,528.7243666666667,Batter,2,1
Tarik Skubal,DET,SP,539.9194066666668,231.20787466666678,SP,1,2
Juan Soto,NYM,OF,513.8219216666666,211.51223766666664,Batter,3,3
Aaron Judge,NYY,OF/DH,508.4629296666667,206.1532456666667,Batter,4,4
Paul Skenes,PIT,SP,488.4254866666667,179.71395466666672,SP,7,5
Garrett Crochet,BOS,SP,476.04053333333337,167.3290013333334,SP,8,6
José Ramírez,CLE,3B/DH,461.20286000000004,166.49716926666667,Batter,9,7
Bobby Witt Jr.,KCR,SS,488.47452999999996,148.33662959999992,Batter,6,8
Vladimir Guerrero Jr.,TOR,1B/DH,491.5432266666667,146.21634406666675,Batter,5,9
Ronald Acuña Jr.,ATL,OF,448.27283000000006,145.96314600000005,Batter,10,10
Kyle Tucker,LAD,OF,446.6984166666667,144.38873266666667,Batter,11,11
Cristopher Sánchez,PHI,SP,437.61025333333333,128.89872133333336,SP,12,12
Bryan Woo,SEA,SP,433.2572,124.54566800000003,SP,13,13
Fernando Tatis Jr.,SDP,OF,426.0740066666667,123.76432266666671,Batter,14,14
Yordan Alvarez,HOU,OF/DH,421.91601666666674,119.60633266666673,Batter,15,15
Corbin Carroll,ARI,OF,420.22809333333333,117.91840933333333,Batter,16,16
Ketel Marte,ARI,2B/DH,406.40372666666667,110.98246666666665,Batter,21,17
Logan Webb,SFG,SP,417.03740666666664,108.32587466666666,SP,17,18
Hunter Greene,CIN,SP,415.0165399999999,106.30500799999993,SP,19,19
Junior Caminero,TBR,3B,396.7346583333333,102.02896759999993,Batter,25,20
Julio Rodríguez,SEA,OF,401.8628233333333,99.55313933333332,Batter,23,21
Dylan Cease,TOR,SP,407.3329133333334,98.62138133333343,SP,20,22
Chris Sale,ATL,SP,403.6638133333334,94.95228133333342,SP,22,23
Mason Miller,SDP,RP,369.4662733333333,92.16036266666657,RP,41,24
Cal Raleigh,SEA,C/DH,362.206639,87.95674646666669,Batter,50,25
Edwin Díaz,LAD,RP,363.24423333333334,85.93832266666664,RP,48,26
Logan Gilbert,SEA,SP,394.6100933333334,85.89856133333342,SP,26,27
Cole Ragans,KCR,SP,391.4289333333333,82.71740133333333,SP,28,28
Alex Bregman,CHC,3B,375.4005743333334,80.69488360000003,Batter,38,29
Max Fried,NYY,SP,388.4128333333333,79.70130133333333,SP,32,30
Jesús Luzardo,PHI,SP,386.3923866666667,77.68085466666673,SP,33,31
Gunnar Henderson,BAL,SS,416.5444433333334,76.40654293333336,Batter,18,32
Maikel Garcia,KCR,3B,370.37255,75.66685926666662,Batter,40,33
Jacob deGrom,TEX,SP,383.72094666666663,75.00941466666666,SP,34,34
Hunter Brown,HOU,SP,382.33256,73.62102800000002,SP,35,35
Brent Rooker,ATH,OF/DH,369.25066633333336,66.94098233333335,Batter,43,36
William Contreras,MIL,C/DH,339.0817133333333,64.8318208,Batter,73,37
Manny Machado,SDP,3B,359.2703811933333,64.56469045999995,Batter,54,38
Cade Smith,CLE,RP,340.35035999999997,63.04444933333326,RP,71,39
George Kirby,SEA,SP,371.3263666666667,62.614834666666695,SP,39,40
Jackson Chourio,MIL,OF,364.3468533333333,62.03716933333328,Batter,46,41
Mookie Betts,LAD,SS,400.94762,60.80971959999994,Batter,24,42
Framber Valdez,DET,SP,368.21509999999995,59.50356799999997,SP,44,43
Devin Williams,NYM,RP,332.10052,54.79460933333331,RP,81,44
Steven Kwan,CLE,OF,356.04595,53.736266,Batter,57,45
Joe Ryan,MIN,SP,362.22748666666666,53.51595466666669,SP,49,46
Sonny Gray,BOS,SP,361.4005066666667,52.688974666666695,SP,51,47
George Springer,TOR,OF/DH,353.16022666666663,50.85054266666663,Batter,59,48
Jhoan Duran,PHI,RP,328.12027333333333,50.814362666666625,RP,87,49
Nick Pivetta,SDP,SP,358.70733333333334,49.99580133333336,SP,55,50
Nico Hoerner,CHC,2B,344.02045,48.599189999999965,Batter,67,51
Josh Hader,HOU,RP,325.8545466666667,48.54863599999999,RP,92,52
Gleyber Torres,DET,2B,343.9649053333333,48.5436453333333,Batter,68,53
Wyatt Langford,TEX,OF,350.66284666666667,48.35316266666666,Batter,60,54
Bryce Harper,PHI,1B,393.1896233333334,47.862740733333396,Batter,27,55
Cody Bellinger,NYY,OF,348.3529966666667,46.04331266666668,Batter,65,56
Pete Alonso,BAL,1B,389.8622533333334,44.53537073333342,Batter,29,57
Kyle Schwarber,PHI,DH,389.299148,43.972265400000026,Batter,30,58
Freddie Freeman,LAD,1B,389.2184853333333,43.89160273333334,Batter,31,59
Austin Riley,ATL,3B,337.95037333333335,43.244682599999976,Batter,74,60
David Bednar,NYY,RP,320.3527066666667,43.04679599999997,RP,102,61
Jackson Merrill,SDP,OF,345.1530333333333,42.84334933333332,Batter,66,62
Andrés Muñoz,SEA,RP,320.10922,42.80330933333329,RP,103,63
Adley Rutschman,BAL,C,314.87068566666665,40.620793133333336,Batter,111,64
Aroldis Chapman,BOS,RP,317.5591866666667,40.25327599999997,RP,104,65
Yoshinobu Yamamoto,LAD,SP,348.40619999999996,39.69466799999998,SP,64,66
Salvador Perez,KCR,C/1B/DH,313.0270183333333,38.777125799999965,Batter,117,67
Freddy Peralta,NYM,SP,343.8811466666666,35.16961466666663,SP,69,68
Marcus Semien,NYM,2B,329.74200999999994,34.32074999999992,Batter,85,69
Alec Burleson,STL,OF/1B/DH,335.8479996666667,33.538315666666676,Batter,77,70
Vinnie Pasquantino,KCR,1B/DH,377.8063623333333,32.479479733333335,Batter,36,71
Kevin Gausman,TOR,SP,340.60953333333333,31.898001333333355,SP,70,72
Yandy Díaz,TBR,1B/DH,376.4393256666667,31.112443066666742,Batter,37,73
Zack Wheeler,PHI,SP,339.50036,30.788828000000024,SP,72,74
Jose Altuve,HOU,2B/OF/DH,326.146717,30.725457000000006,Batter,91,75
Ben Rice,NYY,1B/C/DH,304.3178766666667,30.06798413333337,Batter,131,76
Jurickson Profar,ATL,OF,331.4929916666667,29.18330766666668,Batter,82,77
Ozzie Albies,ATL,2B,323.40423,27.982969999999966,Batter,95,78
Seiya Suzuki,CHC,OF/DH,329.98502666666667,27.675342666666666,Batter,84,79
Francisco Lindor,NYM,SS,367.68414666666666,27.54624626666663,Batter,45,80
Nathan Eovaldi,TEX,SP,335.02236,26.310828000000015,SP,78,81
Shea Langeliers,ATH,C,300.41597,26.166077466666707,Batter,139,82
Daniel Palencia,CHC,RP,302.89026666666666,25.584355999999957,RP,133,83
Blake Snell,LAD,SP,333.2789533333334,24.567421333333414,SP,79,84
Matt Olson,ATL,1B,369.4123196666667,24.085437066666714,Batter,42,85
Elly De La Cruz,CIN,SS,364.22208666666666,24.08418626666662,Batter,47,86
Emmet Sheehan,LAD,SP,332.6827866666667,23.97125466666671,SP,80,87
Jarren Duran,BOS,OF,324.8017866666667,22.49210266666671,Batter,93,88
Taylor Ward,BAL,OF,324.53531666666663,22.225632666666627,Batter,94,89
MacKenzie Gore,TEX,SP,330.6120933333334,21.900561333333428,SP,83,90
Jazz Chisholm Jr.,NYY,2B/3B,316.3126466666667,21.606955933333325,Batter,107,91
Geraldo Perdomo,ARI,SS,360.2484733333333,20.110572933333287,Batter,52,92
Matt Chapman,SFG,3B,314.59070333333335,19.885012599999982,Batter,113,93
Will Smith,LAD,C,293.8653166666667,19.615424133333363,Batter,150,94
Ian Happ,CHC,OF,321.77704,19.467355999999995,Batter,98,95
Trey Yesavage,TOR,SP,327.6428266666666,18.931294666666645,SP,88,96
Brandon Nimmo,TEX,OF,321.16836333333333,18.858679333333328,Batter,100,97
Brice Turang,MIL,2B,314.05721,18.63594999999998,Batter,115,98
Trea Turner,PHI,SS,357.1016233333333,16.96372293333326,Batter,56,99
Alejandro Kirk,TOR,C,290.820872,16.5709794666667,Batter,157,100
Luis Castillo,SEA,SP,323.1677666666667,14.456234666666717,SP,96,101
Pete Crow-Armstrong,CHC,OF,316.66703333333334,14.357349333333332,Batter,105,102
Rafael Devers,SFG,1B/DH,359.3256333333333,13.998750733333338,Batter,53,103
Riley Greene,DET,OF/DH,316.04660333333334,13.736919333333333,Batter,109,104
Jack Flaherty,DET,SP,321.63480666666663,12.923274666666657,SP,99,105
Jordan Westburg,BAL,3B,307.07763,12.37193926666663,Batter,124,106
Michael King,SDP,SP,321.0468066666667,12.335274666666749,SP,101,107
Bryson Stott,PHI,2B,307.41782333333333,11.996563333333313,Batter,123,108
Hunter Goodman,COL,C/DH,285.1185633333334,10.868670800000075,Batter,168,109
Corey Seager,TEX,SS,350.367012,10.229111599999953,Batter,61,110
Bo Bichette,NYM,SS,349.0469266666667,8.909026266666672,Batter,63,111
Jung Hoo Lee,SFG,OF,310.8573833333333,8.547699333333298,Batter,120,112
Luis Arraez,SFG,1B/DH,353.29667,7.96978740000003,Batter,58,113
Aaron Nola,PHI,SP,316.60333999999995,7.891807999999969,SP,106,114
Pablo López,MIN,SP,316.2956133333334,7.584081333333415,SP,108,115
Tanner Bibee,CLE,SP,315.1584133333334,6.446881333333408,SP,110,116
Randy Arozarena,SEA,OF,308.68170000000003,6.3720160000000305,Batter,121,117
Spencer Strider,ATL,SP,314.72582000000006,6.014288000000079,SP,112,118
Alec Bohm,PHI,3B,300.522494,5.816803266666625,Batter,137,119
Ryan Helsley,BAL,RP,283.09078666666665,5.78487599999994,RP,174,120
Ryan Pepiot,TBR,SP,314.27582,5.564288000000033,SP,114,121
James Wood,WSN,OF/DH,307.5530333333333,5.243349333333299,Batter,122,122
Robbie Ray,SFG,SP,313.8684533333333,5.156921333333344,SP,116,123
Josh Naylor,SEA,1B/DH,350.00993666666665,4.683054066666671,Batter,62,124
Michael Harris II,ATL,OF,306.08689,3.7772059999999783,Batter,126,125
Roman Anthony,BOS,OF,305.8038966666667,3.4942126666666695,Batter,128,126
Chase Burns,CIN,SP,312.0262066666666,3.314674666666633,SP,118,127
Jeff Hoffman,TOR,RP,279.4142266666667,2.108316000000002,RP,183,128
Raisel Iglesias,ATL,RP,278.00138000000004,0.6954693333333353,RP,186,129
Drake Baldwin,ATL,C,274.17678499999994,-0.07310753333337061,Batter,195,130
Yainer Diaz,HOU,C/DH,273.473502,-0.7763905333333128,Batter,197,131
Brendan Donovan,SEA,2B,294.02433666666667,-1.3969233333333477,Batter,148,132
Xavier Edwards,MIA,2B/SS,293.90442666666667,-1.5168333333333521,Batter,149,133
Emilio Pagán,CIN,RP,275.74365333333327,-1.5622573333334344,RP,189,134
Gavin Williams,CLE,SP,306.11188666666663,-2.599645333333342,SP,125,135
Eury Pérez,MIA,SP,305.89834,-2.813191999999958,SP,127,136
Ernie Clement,TOR,3B/2B/SS,291.7347866666667,-2.9709040666666624,Batter,154,137
Drew Rasmussen,TBR,SP,305.65277333333336,-3.0587586666666198,SP,129,138
Jeremy Peña,HOU,SS,337.0718166666667,-3.0660837333333575,Batter,75,139
Miguel Vargas,CHW,3B/1B,291.2000766666667,-3.5056140666666806,Batter,155,140
Zach Neto,LAA,SS,336.56824,-3.569660400000032,Batter,76,141
Brandon Woodruff,MIL,SP,304.42288,-4.288651999999956,SP,130,142
Teoscar Hernández,LAD,OF,296.3089766666667,-6.00070733333331,Batter,145,143
Zac Gallen,ARI,SP,302.5034666666666,-6.208065333333366,SP,134,144
Andy Pages,LAD,OF,295.79562333333337,-6.514060666666637,Batter,146,145
Carlos Rodón,NYY,SP,302.14648,-6.56505199999998,SP,135,146
Abner Uribe,MIL,RP,270.2795066666667,-7.026404000000014,RP,202,147
Cody Ponce,TOR,SP,301.6693666666667,-7.042165333333287,SP,136,148
Ryan Walker,SFG,RP,270.20061333333337,-7.10529733333334,RP,203,149
Caleb Durbin,BOS,3B,287.51899,-7.186700733333396,Batter,163,150
Kazuma Okamoto,TOR,3B,287.20926299999996,-7.496427733333405,Batter,164,151
Otto Lopez,MIA,SS/2B,287.6468933333333,-7.774366666666708,Batter,162,152
Byron Buxton,MIN,OF,294.31772333333333,-7.991960666666671,Batter,147,153
Pete Fairbanks,MIA,RP,269.21358666666663,-8.092324000000076,RP,207,154
Ranger Suárez,BOS,SP,300.4894066666666,-8.222125333333395,SP,138,155
Tyler Soderstrom,ATH,OF/1B,293.79667333333333,-8.513010666666673,Batter,151,156
José Soriano,LAA,SP,300.1583666666666,-8.553165333333368,SP,140,157
Bryan Reynolds,PIT,OF/DH,293.3863066666666,-8.923377333333406,Batter,152,158
Jacob Misiorowski,MIL,SP,298.5254133333333,-10.186118666666687,SP,142,159
Nolan Arenado,ARI,3B,283.17102766666665,-11.534663066666724,Batter,173,160
Yusei Kikuchi,LAA,SP,296.9321866666667,-11.779345333333254,SP,143,161
Matthew Boyd,CHC,SP,296.83405999999997,-11.877472000000012,SP,144,162
Jacob Wilson,ATH,SS,327.63550666666663,-12.502393733333406,Batter,89,163
Eugenio Suárez,CIN,3B,281.7659346666666,-12.939756066666746,Batter,176,164
CJ Abrams,WSN,SS,326.21904,-13.918860400000028,Batter,90,165
Luis García Jr.,WSN,2B,281.3432666666667,-14.077993333333325,Batter,179,166
Luke Keaschall,MIN,2B,280.26366333333334,-15.157596666666677,Batter,180,167
Jeff McNeil,ATH,2B/OF,279.96815666666663,-15.453103333333388,Batter,181,168
Carlos Estévez,KCR,RP,261.41048666666666,-15.895424000000048,RP,230,169
Nick Kurtz,ATH,1B,328.15417333333335,-17.17270926666663,Batter,86,170
Kyle Bradish,BAL,SP,291.1543,-17.557232,SP,156,171
Heliot Ramos,SFG,OF,284.68639,-17.623293999999987,Batter,170,172
Tyler Glasnow,LAD,SP,290.57147333333336,-18.14005866666662,SP,159,173
Willy Adames,SFG,SS,321.8193733333333,-18.318527066666718,Batter,97,174
Ceddanne Rafaela,BOS,OF/2B,276.87337333333335,-18.54788666666667,Batter,187,175
Reid Detmers,LAA,SP,289.9856733333333,-18.72585866666668,SP,160,176
Griffin Jax,TBR,RP,257.2421533333333,-20.0637573333334,RP,240,177
Jo Adell,LAA,OF,282.07359333333335,-20.236090666666655,Batter,175,178
Nick Lodolo,CIN,SP,285.48822666666666,-23.223305333333315,SP,166,179
Sandy Alcantara,MIA,SP,285.32682,-23.38471199999998,SP,167,180
David Peterson,NYM,SP,284.74012,-23.971411999999987,SP,169,181
Merrill Kelly,ARI,SP,284.47363333333334,-24.237898666666638,SP,171,182
Carlos Correa,HOU,SS/3B,270.00890566666664,-24.696785066666735,Batter,204,183
Nolan McLean,NYM,SP,283.89718,-24.814351999999985,SP,172,184
Jorge Polanco,NYM,2B/DH,270.28745100000003,-25.133808999999985,Batter,201,185
Dennis Santana,PIT,RP,252.16330666666667,-25.142604000000034,RP,249,186
Agustín Ramírez,MIA,C/DH,247.6597403333333,-26.590152200000006,Batter,259,187
TJ Friedl,CIN,OF,275.2715833333333,-27.038100666666708,Batter,191,188
Isaac Paredes,HOU,3B,267.52388,-27.18181073333335,Batter,210,189
Joe Musgrove,SDP,SP,281.38518666666664,-27.326345333333336,SP,178,190
Shane Baz,BAL,SP,279.84688666666665,-28.86464533333333,SP,182,191
Jake Cronenworth,SDP,2B,265.73267000000004,-29.688589999999976,Batter,217,192
Trevor Megill,MIL,RP,245.88837333333333,-31.41753733333337,RP,262,193
Munetaka Murakami,CHW,3B,263.2808396666667,-31.42485106666669,Batter,225,194
Lawrence Butler,ATH,OF,270.68912666666665,-31.620557333333352,Batter,200,195
Jakob Marsee,MIA,OF,269.80034666666666,-32.50933733333335,Batter,205,196
Edward Cabrera,CHC,SP,276.0034600000001,-32.7080719999999,SP,188,197
Lars Nootbaar,STL,LF,269.40086,-32.90882399999998,Batter,206,198
Mitch Keller,PIT,SP,275.36274000000003,-33.348791999999946,SP,190,199
Nolan Schanuel,LAA,1B,311.52836,-33.798522599999956,Batter,119,200
Quinn Priester,MIL,SP,274.7968866666667,-33.91464533333328,SP,192,201
Shota Imanaga,CHC,SP,274.7432866666667,-33.9682453333333,SP,193,202
Shohei Ohtani,LAD,SP,274.3618266666667,-34.349705333333304,SP,194,203
Royce Lewis,MIN,3B,260.24097866666665,-34.46471206666672,Batter,234,204
Andrés Giménez,TOR,2B,260.52847333333335,-34.892786666666666,Batter,232,205
Seranthony Domínguez,CHW,RP,242.29069333333334,-35.01521733333337,RP,274,206
Chris Bassitt,BAL,SP,273.16596666666663,-35.54556533333334,SP,198,207
Masyn Winn,STL,SS,304.23922,-35.898680400000046,Batter,132,208
Oneil Cruz,PIT,OF,266.26936,-36.040324,Batter,214,209
Trent Grisham,NYY,OF,266.25991,-36.04977400000001,Batter,215,210
Dylan Crews,WSN,OF,266.09415,-36.21553399999999,Batter,216,211
Grant Taylor,CHW,SP,272.0228466666667,-36.6886853333333,SP,199,212
Jonathan India,KCR,2B/3B/OF/DH,257.9667299999999,-36.73896073333344,Batter,238,213
Ryan Jeffers,MIN,C,237.149001,-37.10089153333331,Batter,281,214
Kyle Stowers,MIA,OF,264.2934133333334,-38.01627066666663,Batter,223,215
Gabriel Moreno,ARI,C,235.68035,-38.569542533333305,Batter,285,216
Daylen Lile,WSN,OF,263.11559666666665,-39.19408733333336,Batter,226,217
Bubba Chandler,PIT,SP,269.10466,-39.60687199999995,SP,208,218
Robert Garcia,TEX,RP,237.67575333333335,-39.63015733333336,RP,279,219
Brady Singer,CIN,SP,269.01306666666665,-39.69846533333333,SP,209,220
Daulton Varsho,TOR,OF,262.42594,-39.88374399999998,Batter,228,221
Kenley Jansen,DET,RP,237.38009333333335,-39.925817333333356,RP,280,222
Brandon Lowe,PIT,2B,255.05831666666666,-40.36294333333336,Batter,246,223
Ezequiel Tovar,COL,SS,299.7172333333333,-40.42066706666674,Batter,141,224
Edwin Uceta,TBR,RP,236.47076,-40.83515066666669,RP,283,225
Sal Stewart,CIN,3B,253.66278466666668,-41.04290606666669,Batter,248,226
Ryne Nelson,ARI,SP,267.1753266666667,-41.53620533333327,SP,212,227
Adolis García,PHI,OF,260.2956526666667,-42.01403133333332,Batter,233,228
Reynaldo López,ATL,SP,265.70824666666664,-43.00328533333334,SP,218,229
Kris Bubic,KCR,SP,265.15174666666667,-43.55978533333331,SP,219,230
Andrew Abbott,CIN,SP,265.08568,-43.62585199999995,SP,220,231
Sean Manaea,NYM,SP,264.93508,-43.77645199999995,SP,221,232
Brandon Pfaadt,ARI,SP,264.7893066666667,-43.9222253333333,SP,222,233
Shane McClanahan,TBR,SP,263.87712000000005,-44.83441199999993,SP,224,234
Wilyer Abreu,BOS,OF,257.23622666666665,-45.07345733333335,Batter,241,235
Ryan O'Hearn,PIT,1B/OF/DH,257.14744333333334,-45.16224066666666,Batter,242,236
Sal Frelick,MIL,OF,255.84028666666669,-46.46939733333332,Batter,243,237
Colt Keith,DET,2B/3B/DH,245.58104,-49.12465073333337,Batter,263,238
Joey Cantillo,CLE,SP,259.4550866666667,-49.25644533333326,SP,235,239
Xander Bogaerts,SDP,SS,290.6583233333333,-49.47957706666671,Batter,158,240
Jack Leiter,TEX,SP,258.43496666666664,-50.27656533333334,SP,237,241
Noelvi Marte,CIN,OF/3B,244.04158666666663,-50.66410406666674,Batter,267,242
Shane Smith,CHW,SP,257.77997999999997,-50.93155200000001,SP,239,243
Brooks Lee,MIN,3B,243.08594333333335,-51.61974740000002,Batter,269,244
Andrew Benintendi,CHW,OF/DH,249.8844133333333,-52.425270666666705,Batter,255,245
Brenton Doyle,COL,OF,249.35827333333336,-52.951410666666646,Batter,256,246
Trevor Rogers,BAL,SP,255.75032666666667,-52.96120533333331,SP,244,247
Spencer Torkelson,DET,1B,291.8932636666666,-53.43361893333338,Batter,153,248
Tatsuya Imai,HOU,SP,255.26639333333333,-53.44513866666665,SP,245,249
Jeremiah Estrada,SDP,RP,223.81350666666665,-53.49240400000005,RP,306,250
Kerry Carpenter,DET,OF/DH,248.10080333333335,-54.20888066666666,Batter,258,251
Mickey Moniak,COL,RF,246.90141333333335,-55.40827066666665,Batter,261,252
Michael Busch,CHC,1B,288.56530000000004,-56.76158259999994,Batter,161,253
Clayton Beeter,WSN,RP,220.12686,-57.17905066666671,RP,312,254
Braxton Ashcraft,PIT,SP,251.30486000000005,-57.40667199999993,SP,250,255
Bryan Abreu,HOU,RP,219.55307333333334,-57.75283733333336,RP,316,256
Mike Trout,LAA,OF/DH,244.38933,-57.920354,Batter,265,257
Bryce Miller,SEA,SP,250.78548666666666,-57.92604533333332,SP,251,258
Luis Robert Jr.,NYM,OF,244.31303333333335,-57.99665066666665,Batter,266,259
Iván Herrera,STL,DH,287.19077866666663,-58.136103933333345,Batter,165,260
Grayson Rodriguez,LAA,SP,250.44744,-58.26409199999998,SP,253,261
Riley O'Brien,STL,RP,219.00314,-58.3027706666667,RP,318,262
Casey Mize,DET,SP,249.95927333333336,-58.75225866666662,SP,254,263
Gerrit Cole,NYY,SP,249.34770000000003,-59.363831999999945,SP,257,264
Willi Castro,COL,LF,242.81887666666668,-59.49080733333332,Batter,271,265
Addison Barger,TOR,3B/OF,233.56432333333336,-61.14136740000001,Batter,287,266
Luis Severino,ATH,SP,247.5324333333333,-61.179098666666675,SP,260,267
Dansby Swanson,CHC,SS,278.57057333333336,-61.56732706666668,Batter,184,268
Jackson Holliday,BAL,2B,233.30597,-62.115290000000016,Batter,288,269
Garrett Cleavinger,TBR,RP,214.83812,-62.4677906666667,RP,329,270
Christian Yelich,MIL,DH,281.6690066666667,-63.65787593333329,Batter,177,271
Will Warren,NYY,SP,243.61736,-65.09417199999999,SP,268,272
Max Meyer,MIA,SP,242.72956,-65.98197199999998,SP,272,273
Jameson Taillon,CHC,SP,242.52463999999995,-66.18689200000003,SP,273,274
Cam Schlittler,NYY,SP,242.23531333333335,-66.47621866666663,SP,275,275
Josh Bell,MIN,1B,278.38765900000004,-66.93922359999993,Batter,185,276
Ryan Weathers,NYY,SP,241.62794,-67.08359199999998,SP,276,277
Chad Patrick,MIL,SP,241.53797333333333,-67.17355866666665,SP,277,278
Matt McLain,CIN,2B,227.98985333333334,-67.43140666666667,Batter,298,279
Mike Burrows,HOU,SP,240.15336000000002,-68.55817199999996,SP,278,280
Ramón Laureano,SDP,RF,233.30150333333333,-69.00818066666668,Batter,289,281
Robert Stephenson,LAA,RP,208.01344666666668,-69.29246400000002,RP,345,282
J.T. Realmuto,PHI,C,203.78317333333334,-70.46671919999997,Batter,357,283
Robert Suarez,ATL,RP,206.4224,-70.8835106666667,RP,349,284
Clay Holmes,NYM,SP,237.06256,-71.64897199999999,SP,282,285
Andrew Vaughn,MIL,1B,273.64525,-71.6816326,Batter,196,286
Taylor Rogers,MIN,RP,205.53914,-71.7667706666667,RP,354,287
Max Muncy,LAD,3B,222.1542333333333,-72.55145740000006,Batter,310,288
Chandler Simpson,TBR,OF,228.75167666666667,-73.55800733333334,Batter,294,289
Francisco Alvarez,NYM,C,200.43024300000002,-73.81964953333329,Batter,366,290
Austin Wells,NYY,C,200.29400666666666,-73.95588586666665,Batter,367,291
Victor Vodnik,COL,RP,203.27086,-74.0350506666667,RP,361,292
JoJo Romero,STL,RP,201.93362666666667,-75.37228400000004,RP,363,293
Dustin May,STL,SP,233.17582000000002,-75.53571199999996,SP,290,294
Jac Caglianone,KCR,RF,225.95355000000004,-76.35613399999997,Batter,300,295
Tommy Edman,LAD,2B/OF,218.8303,-76.59096000000002,Batter,320,296
Joey Ortiz,MIL,SS,263.04118666666665,-77.09671373333339,Batter,227,297
Kyle Manzardo,CLE,1B,267.42287533333337,-77.90400726666661,Batter,211,298
Jake Burger,TEX,1B,266.79794066666665,-78.52894193333333,Batter,213,299
Jordan Beck,COL,LF,223.64694,-78.662744,Batter,308,300
Slade Cecconi,CLE,SP,229.97150000000002,-78.74003199999996,SP,291,301
Zack Littell,,SP,229.7671333333333,-78.94439866666667,SP,292,302
Garrett Whitlock,BOS,RP,197.86684666666667,-79.43906400000003,RP,371,303
Samuel Basallo,BAL,C,194.69790633333332,-79.55198619999999,Batter,380,304
Jacob Lopez,ATH,SP,228.86731999999998,-79.844212,SP,293,305
Braxton Garrett,MIA,SP,228.3832133333333,-80.32831866666669,SP,296,306
Michael Wacha,KCR,SP,228.31954666666664,-80.39198533333334,SP,297,307
Jose A. Ferrer,SEA,RP,196.8511266666667,-80.45478400000002,RP,375,308
Bo Naylor,CLE,C,192.84666333333334,-81.40322919999997,Batter,383,309
Kevin Ginkel,ARI,RP,195.35850000000002,-81.94741066666668,RP,377,310
Cade Cavalli,WSN,SP,226.45700000000002,-82.25453199999995,SP,299,311
Gavin Sheets,SDP,LF,219.68044133333333,-82.62924266666667,Batter,315,312
Josh Jung,TEX,3B,212.06852333333336,-82.63716740000001,Batter,335,313
Christian Walker,HOU,1B,262.3855883333333,-82.94129426666666,Batter,229,314
Zebby Matthews,MIN,SP,225.58636666666666,-83.12516533333331,SP,301,315
Cade Horton,CHC,SP,225.53691333333336,-83.17461866666662,SP,302,316
Brayan Bello,BOS,SP,225.49728000000005,-83.21425199999993,SP,303,317
Bailey Ober,MIN,SP,224.9916466666667,-83.71988533333328,SP,304,318
Willson Contreras,BOS,1B,261.27064333333334,-84.05623926666664,Batter,231,319
Logan Henderson,MIL,SP,224.56392666666667,-84.1476053333333,SP,305,320
Foster Griffin,WSN,SP,223.74214666666668,-84.96938533333329,SP,307,321
Will Vest,DET,RP,191.5469733333333,-85.75893733333339,RP,386,322
Jorge Soler,LAA,RF,216.48220633333338,-85.82747766666662,Batter,324,323
J.P. Crawford,SEA,SS,254.12820666666667,-86.00969373333336,Batter,247,324
Jeffrey Springs,ATH,SP,222.54801333333333,-86.16351866666665,SP,309,325
Edgar Quero,CHW,C,187.9349576666667,-86.31493486666662,Batter,394,326
Jonathan Aranda,TBR,1B,258.7392013333333,-86.58768126666666,Batter,236,327
Adrian Morejon,SDP,RP,190.4279066666667,-86.878004,RP,387,328
Tanner Scott,LAD,RP,190.38118666666665,-86.92472400000005,RP,388,329
Tyler Mahle,SFG,SP,221.29772666666665,-87.41380533333333,SP,311,330
Cedric Mullins,TBR,OF,213.95568666666668,-88.35399733333333,Batter,331,331
Noah Cameron,KCR,SP,220.1016666666667,-88.60986533333329,SP,313,332
Phil Maton,CHC,RP,188.63906,-88.6668506666667,RP,390,333
Matt Brash,SEA,RP,188.28261999999998,-89.02329066666672,RP,392,334
Trevor Story,BOS,SS,250.4715166666667,-89.66638373333333,Batter,252,335
Matthew Liberatore,STL,SP,219.01852666666665,-89.69300533333333,SP,317,336
Kyle Teel,CHW,C,184.53197999999998,-89.71791253333333,Batter,404,337
Dean Kremer,BAL,SP,218.91982,-89.79171199999999,SP,319,338
Luke Weaver,NYM,RP,186.84815333333333,-90.45775733333338,RP,396,339
Alex Vesia,LAD,RP,186.4955,-90.81041066666671,RP,397,340
Jordan Walker,STL,RF,211.31105333333335,-90.99863066666666,Batter,336,341
Mark Vientos,NYM,3B,203.61125633333333,-91.09443440000004,Batter,359,342
Zach Eflin,BAL,SP,217.1281,-91.58343199999999,SP,322,343
Andrew Kittredge,BAL,RP,185.35654,-91.94937066666671,RP,400,344
Kodai Senga,NYM,SP,216.58957999999998,-92.121952,SP,323,345
Dylan Lee,ATL,RP,185.11848666666666,-92.18742400000005,RP,402,346
Colton Cowser,BAL,LF,209.81821633333334,-92.49146766666667,Batter,339,347
Fernando Cruz,NYY,RP,184.60728666666668,-92.69862400000002,RP,403,348
Ke'Bryan Hayes,CIN,3B,201.86647000000002,-92.83922073333335,Batter,364,349
Seth Lugo,KCR,SP,215.6242933333333,-93.08723866666668,SP,325,350
Landen Roupp,SFG,SP,215.62276000000006,-93.08877199999992,SP,326,351
Matt Wallner,MIN,RF,209.11019233333334,-93.19949166666666,Batter,343,352
Cristian Javier,HOU,SP,215.41299333333333,-93.29853866666664,SP,327,353
Shane Bieber,TOR,SP,215.25683333333333,-93.45469866666664,SP,328,354
Taj Bradley,MIN,SP,214.47648666666666,-94.23504533333332,SP,330,355
Chase Meidroth,CHW,SS,245.09268666666665,-95.04521373333338,Batter,264,356
Roki Sasaki,LAD,SP,213.27940000000004,-95.43213199999994,SP,332,357
Evan Carter,TEX,CF,206.23100666666664,-96.07867733333336,Batter,350,358
Josh Lowe,LAA,RF,206.08845666666664,-96.22122733333336,Batter,352,359
Camilo Doval,NYY,RP,180.50464666666667,-96.80126400000003,RP,413,360
Cole Henry,WSN,RP,180.44529333333332,-96.86061733333338,RP,415,361
Harrison Bader,SFG,LF,204.9899833333333,-97.3197006666667,Batter,355,362
Michael McGreevy,STL,SP,210.96150000000003,-97.75003199999995,SP,337,363
Matt Svanson,STL,RP,178.88600666666665,-98.41990400000006,RP,418,364
Jake Meyers,HOU,CF,203.85474766666667,-98.45493633333334,Batter,356,365
Steven Matz,TBR,SP,210.14756666666668,-98.5639653333333,SP,338,366
Wenceel Pérez,DET,RF,203.73396,-98.57572400000001,Batter,358,367
Lourdes Gurriel Jr.,ARI,LF,203.48124266666665,-98.82844133333336,Batter,360,368
Justin Sterner,ATH,RP,178.39766,-98.9082506666667,RP,420,369
Parker Messick,CLE,SP,209.46266,-99.24887199999998,SP,341,370
Lucas Giolito,,SP,209.25698000000003,-99.45455199999995,SP,342,371
Shawn Armstrong,CLE,RP,177.59142,-99.7144906666667,RP,423,372
Parker Meadows,DET,CF,202.55975999999998,-99.74992400000002,Batter,362,373
Louis Varland,TOR,RP,177.35602666666668,-99.94988400000003,RP,424,374
Grant Holmes,ATL,SP,208.71000666666666,-100.00152533333332,SP,344,375
Logan O'Hoppe,LAA,C,173.76306533333332,-100.4868272,Batter,434,376
Sean Burke,CHW,SP,207.84208666666663,-100.86944533333335,SP,346,377
Michael Soroka,ARI,SP,207.81888,-100.89265199999997,SP,347,378
Justin Verlander,DET,SP,207.31101333333334,-101.40051866666664,SP,348,379
Jordan Leasure,CHW,RP,175.74424666666667,-101.56166400000004,RP,429,380
Mike Yastrzemski,ATL,RF,200.25968966666665,-102.04999433333336,Batter,368,381
Tyler Stephenson,CIN,C,171.977109,-102.2727835333333,Batter,440,382
Marcell Ozuna,PIT,DH,242.95965,-102.36723259999997,Batter,270,383
José Alvarado,PHI,RP,174.64918666666668,-102.65672400000003,RP,432,384
Matt Strahm,KCR,RP,173.78392666666664,-103.52198400000006,RP,433,385
Yimi García,TOR,RP,173.52778666666666,-103.77812400000005,RP,435,386
Isaac Collins,KCR,LF,197.89760666666666,-104.41207733333334,Batter,370,387
Victor Scott II,STL,CF,197.75884333333332,-104.55084066666669,Batter,372,388
Brandon Marsh,PHI,CF,197.52421333333334,-104.78547066666667,Batter,373,389
Freddy Fermin,SDP,C,168.69129333333333,-105.55859919999997,Batter,451,390
Mark Leiter Jr.,ATH,RP,171.44129999999998,-105.86461066666672,RP,441,391
Zach McKinstry,DET,3B,188.57309,-106.13260073333336,Batter,391,392
Hogan Harris,ATH,RP,171.11718000000005,-106.18873066666666,RP,444,393
Carson Kelly,CHC,C,166.88215200000002,-107.36774053333329,Batter,458,394
Trevor Larnach,MIN,RF,194.860067,-107.44961700000002,Batter,379,395
José Berríos,TOR,SP,201.22272666666663,-107.48880533333335,SP,365,396
Brett Baty,NYM,3B,187.19706366666665,-107.50862706666672,Batter,395,397
Eduard Bazardo,SEA,RP,169.70864666666668,-107.59726400000002,RP,446,398
Orion Kerkering,PHI,RP,169.56517333333335,-107.74073733333336,RP,447,399
Tony Santillan,CIN,RP,169.0192066666667,-108.28670400000001,RP,449,400
Bryan Baker,TBR,RP,168.9129,-108.3930106666667,RP,450,401
Carter Jensen,KCR,C,165.57799333333335,-108.67189919999996,Batter,466,402
Victor Caratini,MIN,C,165.31470966666666,-108.93518286666665,Batter,468,403
Hunter Gaddis,CLE,RP,168.0002133333333,-109.3056973333334,RP,453,404
Chase DeLauter,CLE,Unknown,235.91487066666664,-109.41201193333333,Batter,284,405
Kirby Yates,LAA,RP,167.23219333333333,-110.07371733333338,RP,455,406
Keegan Akin,BAL,RP,166.7039,-110.6020106666667,RP,459,407
Bryan King,HOU,RP,166.6772,-110.6287106666667,RP,460,408
Gregory Soto,PIT,RP,166.63449999999997,-110.67141066666673,RP,461,409
Spencer Horwitz,PIT,1B,234.5163186666667,-110.81056393333327,Batter,286,410
Gabe Speier,SEA,RP,166.38081333333335,-110.92509733333335,RP,462,411
Jared Koenig,MIL,RP,166.3471733333333,-110.9587373333334,RP,463,412
Connor Norby,MIA,3B,183.74576,-110.95993073333338,Batter,407,413
Caleb Thielbar,CHC,RP,166.25716666666668,-111.04874400000003,RP,464,414
Moisés Ballesteros,CHC,C,163.01247,-111.2374225333333,Batter,479,415
Eduardo Rodriguez,ARI,SP,196.87585333333337,-111.83567866666661,SP,374,416
Nick Martinez,TBR,SP,196.06354,-112.64799199999999,SP,376,417
Tyler Rogers,TOR,RP,164.36271333333335,-112.94319733333336,RP,472,418
Lane Thomas,KCR,CF,189.04374333333337,-113.26594066666664,Batter,389,419
Luis Rengifo,MIL,3B,181.35107000000002,-113.35462073333335,Batter,409,420
Kyle Finnegan,DET,RP,163.90101333333334,-113.40489733333337,RP,474,421
Brad Lord,WSN,SP,195.28501333333335,-113.42651866666662,SP,378,422
Tyler Holton,DET,RP,163.77090666666666,-113.53500400000004,RP,475,423
Brad Keller,PHI,RP,163.76041333333336,-113.54549733333334,RP,476,424
Hunter Harvey,CHC,RP,163.38728666666668,-113.91862400000002,RP,477,425
Tyler Freeman,COL,RF,188.12511000000003,-114.18457399999997,Batter,393,426
A.J. Minter,NYM,RP,162.81028,-114.4956306666667,RP,481,427
Erik Miller,SFG,RP,162.52203333333333,-114.78387733333338,RP,483,428
Dillon Dingler,DET,C,159.30999566666665,-114.93989686666666,Batter,498,429
Kody Funderburk,MIN,RP,162.33963333333335,-114.96627733333335,RP,485,430
Johan Oviedo,BOS,SP,193.40889333333334,-115.30263866666664,SP,381,431
Aaron Ashby,MIL,RP,161.84009333333333,-115.46581733333338,RP,488,432
Cole Sands,MIN,RP,161.59577333333334,-115.71013733333336,RP,490,433
Davis Martin,CHW,SP,192.97142666666664,-115.74010533333333,SP,382,434
Nolan Gorman,STL,2B,179.5391493333333,-115.8821106666667,Batter,417,435
Calvin Faucher,MIA,RP,161.11285333333333,-116.19305733333337,RP,492,436
Kyle Isbel,KCR,CF,185.99819666666667,-116.31148733333333,Batter,399,437
Adrian Houser,SFG,SP,192.2770333333333,-116.43449866666668,SP,384,438
Kyle Leahy,STL,SP,192.17588666666668,-116.53564533333329,SP,385,439
JJ Wetherholt,STL,Unknown,228.70555,-116.62133259999999,Batter,295,440
Steven Okert,HOU,RP,160.48730666666668,-116.81860400000002,RP,495,441
Graham Ashcraft,CIN,RP,160.43794666666665,-116.86796400000006,RP,496,442
Keibert Ruiz,WSN,C,157.12032666666667,-117.12956586666664,Batter,506,443
Mason Montgomery,PIT,RP,158.86567333333335,-118.44023733333336,RP,501,444
Austin Hays,CHW,LF,183.80681333333337,-118.50287066666664,Batter,406,445
Carlos Narváez,BOS,C,154.15594766666666,-120.09394486666665,Batter,512,446
Josh Smith,TEX,SS,219.83675000000002,-120.30115040000001,Batter,314,447
Dominic Canzone,SEA,RF,181.4779453333333,-120.8317386666667,Batter,408,448
Erik Sabrowski,CLE,RP,156.02942000000002,-121.27649066666669,RP,509,449
Colson Montgomery,CHW,SS,218.57632999999998,-121.56157040000005,Batter,321,450
Gavin Lux,TBR,LF,180.60687666666664,-121.70280733333337,Batter,412,451
Dylan Beavers,BAL,RF,179.93543666666665,-122.37424733333336,Batter,416,452
Blake Treinen,LAD,RP,154.60394,-122.70197066666671,RP,511,453
Nick Gonzales,PIT,2B,172.67417666666668,-122.74708333333334,Batter,439,454
Simeon Woods Richardson,MIN,SP,185.32964,-123.38189199999997,SP,401,455
Tyler O'Neill,BAL,RF,178.72475699999998,-123.58492700000002,Batter,419,456
Patrick Bailey,SFG,C,149.9851963333333,-124.2646962,Batter,526,457
Luis Morales,ATH,SP,184.24842666666666,-124.46310533333332,SP,405,458
Drew Pomeranz,LAA,RP,152.65950666666666,-124.64640400000005,RP,515,459
Jake McCarthy,COL,CF,177.59688333333335,-124.71280066666665,Batter,422,460
Chris Martin,TEX,RP,152.25683666666666,-125.04907400000005,RP,518,461
Justin Topa,MIN,RP,150.70761333333334,-126.59829733333336,RP,523,462
Jared Triolo,PIT,SS,213.2486966666667,-126.88920373333335,Batter,333,463
Anthony Volpe,NYY,SS,213.18503666666666,-126.95286373333337,Batter,334,464
Jimmy Herget,COL,RP,149.77302666666665,-127.53288400000005,RP,527,465
Andre Pallante,STL,SP,180.90155333333334,-127.80997866666664,SP,410,466
Kumar Rocker,TEX,SP,180.75841333333335,-127.95311866666663,SP,411,467
Ryan Thompson,ARI,RP,148.96054666666666,-128.34536400000005,RP,529,468
Tyler Kinley,ATL,RP,148.95525333333333,-128.35065733333337,RP,530,469
Brooks Raley,NYM,RP,148.80447999999998,-128.50143066666672,RP,531,470
Lucas Erceg,KCR,RP,148.76698,-128.53893066666672,RP,532,471
Ryan Zeferjahn,LAA,RP,148.35350666666668,-128.95240400000003,RP,533,472
Paul Sewald,ARI,RP,147.44589333333332,-129.8600173333334,RP,537,473
Danny Jansen,TEX,C,143.81316933333335,-130.43672319999996,Batter,548,474
Max Scherzer,,SP,178.15368666666663,-130.55784533333335,SP,421,475
David Morgan,SDP,RP,146.5829666666667,-130.722944,RP,539,476
Cole Young,SEA,2B,164.68068333333335,-130.74057666666667,Batter,471,477
Miguel Andujar,SDP,LF,171.40192000000002,-130.907764,Batter,442,478
Joel Peguero,SFG,RP,146.22102,-131.0848906666667,RP,540,479
Lenyn Sosa,CHW,2B,163.929156,-131.492104,Batter,473,480
Jacob Latz,TEX,SP,177.14336,-131.56817199999998,SP,426,481
Brady House,WSN,3B,162.92224666666667,-131.7834440666667,Batter,480,482
Juan Mejia,COL,RP,145.35502,-131.9508906666667,RP,542,483
Cole Winn,TEX,RP,144.64602666666667,-132.65988400000003,RP,544,484
Ryan McMahon,NYY,3B,161.94880633333335,-132.75688440000002,Batter,487,485
PJ Poulin,WSN,RP,143.86244666666667,-133.44346400000003,RP,547,486
Griffin Canning,SDP,SP,174.95301333333336,-133.75851866666662,SP,430,487
Angel Zerpa,MIL,RP,143.45544666666666,-133.85046400000004,RP,549,488
Luisangel Acuña,CHW,2B,161.54380333333333,-133.8774566666667,Batter,491,489
Brayan Rocchio,CLE,SS,206.0442833333333,-134.09361706666672,Batter,353,490
Marcelo Mayer,BOS,3B,160.54405,-134.16164073333337,Batter,494,491
Aaron Civale,ATH,SP,173.3913533333333,-135.32017866666666,SP,436,492
Sean Murphy,ATL,C,138.9254005,-135.3244920333333,Batter,569,493
Jakob Junis,TEX,RP,141.57575333333332,-135.73015733333338,RP,555,494
Jesús Sánchez,TOR,Unknown,209.527914,-135.79896859999997,Batter,340,495
Patrick Corbin,,SP,172.85869333333332,-135.85283866666666,SP,437,496
Tyler Phillips,MIA,RP,141.43587999999997,-135.87003066666674,RP,556,497
Jared Jones,PIT,SP,172.82916,-135.88237199999998,SP,438,498
Julian Fernández,WSN,RP,140.79217333333332,-136.51373733333338,RP,557,499
Pierce Johnson,CIN,RP,140.71052666666665,-136.59538400000005,RP,558,500
Aaron Bummer,ATL,RP,140.62113333333332,-136.6847773333334,RP,559,501
Ryne Stanek,STL,RP,140.59385999999998,-136.71205066666673,RP,560,502
Greg Weissert,BOS,RP,140.52349333333333,-136.78241733333337,RP,561,503
Jake Fraley,TBR,RF,165.41519333333335,-136.89449066666666,Batter,467,504
Anthony Bender,MIA,RP,140.32085999999998,-136.98505066666672,RP,562,505
Justin Slaten,BOS,RP,140.21746666666667,-137.08844400000004,RP,563,506
Yoán Moncada,LAA,3B,157.35887,-137.34682073333337,Batter,504,507
JJ Bleday,CIN,CF,164.79243166666666,-137.51725233333335,Batter,470,508
Elvis Alvarado,ATH,RP,139.25874666666667,-138.04716400000004,RP,566,509
Spencer Schwellenbach,ATL,SP,170.6461666666667,-138.0653653333333,SP,445,510
Isaac Mattson,PIT,RP,139.2026066666667,-138.103304,RP,567,511
Tanner Banks,PHI,RP,139.19654,-138.1093706666667,RP,568,512
Andrew Nardi,MIA,RP,138.52239999999998,-138.78351066666673,RP,571,513
Alek Thomas,ARI,CF,163.16267666666667,-139.14700733333333,Batter,478,514
Joc Pederson,TEX,1B,206.173443,-139.15343959999998,Batter,351,515
Chris Paddack,MIA,SP,169.29996666666665,-139.41156533333333,SP,448,516
Cam Smith,HOU,RF,162.64575333333335,-139.66393066666666,Batter,482,517
Luis Gil,NYY,SP,168.31162666666668,-140.3999053333333,SP,452,518
John Schreiber,KCR,RP,136.53579333333332,-140.7701173333334,RP,577,519
Lance McCullers Jr.,HOU,SP,167.42196,-141.28957199999996,SP,454,520
Spencer Bivens,SFG,RP,136.00729333333334,-141.29861733333337,RP,579,521
Kyle Freeland,COL,SP,167.11271999999994,-141.59881200000004,SP,456,522
José Buttó,SFG,RP,135.68517333333332,-141.62073733333338,RP,581,523
Mason Englert,TBR,RP,135.64202,-141.6638906666667,RP,582,524
Miles Mikolas,WSN,SP,166.97488666666666,-141.7366453333333,SP,457,525
Drey Jameson,ARI,RP,135.5141,-141.7918106666667,RP,584,526
Kade Strowd,ARI,RP,135.24286666666666,-142.06304400000005,RP,586,527
Ian Seymour,TBR,SP,165.75947999999997,-142.952052,SP,465,528
Tommy Nance,TOR,RP,134.26664666666667,-143.03926400000003,RP,589,529
Brooks Baldwin,CHW,LF,159.2428866666667,-143.0667973333333,Batter,499,530
Brock Burke,CIN,RP,134.10681333333332,-143.19909733333338,RP,590,531
Anthony Kay,CHW,SP,165.31445333333335,-143.39707866666663,SP,469,532
Mauricio Dubón,ATL,2B,151.44967999999997,-143.97158000000005,Batter,521,533
Jordan Romano,LAA,RP,133.31171333333336,-143.99419733333335,RP,592,534
Yennier Cano,BAL,RP,133.0988,-144.2071106666667,RP,593,535
Edouard Julien,COL,2B,150.62946,-144.79180000000002,Batter,524,536
Hoby Milner,CHC,RP,131.0946933333333,-146.2112173333334,RP,599,537
Andrew Painter,PHI,SP,162.39587999999995,-146.31565200000003,SP,484,538
Kutter Crawford,BOS,SP,162.23705,-146.47448199999997,SP,486,539
Seth Halvorsen,COL,RP,130.36416,-146.9417506666667,RP,601,540
Kyle Harrison,MIL,SP,161.65748,-147.05405199999998,SP,489,541
Spencer Steer,CIN,Unknown,198.09829666666664,-147.22858593333333,Batter,369,542
Nathan Lukes,TOR,RF,155.02574333333334,-147.28394066666667,Batter,510,543
Brendon Little,TOR,RP,129.54898666666665,-147.75692400000005,RP,604,544
Hunter Barco,PIT,SP,160.63569333333336,-148.0758386666666,SP,493,545
Richard Fitts,STL,SP,160.01032666666669,-148.7012053333333,SP,497,546
Justin Lawrence,PIT,RP,128.48324,-148.8226706666667,RP,608,547
Logan Allen,CLE,SP,159.17971999999997,-149.531812,SP,500,548
Liam Hicks,MIA,C,124.57660633333334,-149.67328619999995,Batter,624,549
Dietrich Enns,BAL,RP,127.62324666666667,-149.68266400000005,RP,610,550
Austin Martin,MIN,CF,152.58108666666666,-149.72859733333334,Batter,516,551
Matt Festa,CLE,RP,127.36779999999999,-149.93811066666672,RP,611,552
Michael Massey,KCR,2B,145.34530433333336,-150.07595566666666,Batter,543,553
Enyel De Los Santos,HOU,RP,127.20535333333333,-150.10055733333337,RP,612,554
Nick Castellanos,SDP,RF,152.04034666666666,-150.26933733333334,Batter,519,555
Bryce Elder,ATL,SP,158.28713333333334,-150.42439866666663,SP,502,556
Luis García,NYM,RP,126.56123333333333,-150.74467733333336,RP,613,557
Mick Abel,MIN,SP,157.43570666666668,-151.2758253333333,SP,503,558
Nick Mears,KCR,RP,125.90080666666667,-151.40510400000005,RP,616,559
Justin Steele,CHC,SP,157.13557999999998,-151.575952,SP,505,560
Robert Gasser,MIL,SP,156.70456,-152.006972,SP,507,561
Alexis Díaz,TEX,RP,125.29398000000002,-152.01193066666667,RP,619,562
Jovani Morán,BOS,RP,125.20688,-152.0990306666667,RP,620,563
Randy Vásquez,SDP,SP,156.45033333333336,-152.26119866666662,SP,508,564
Jake Bird,NYY,RP,124.91583333333335,-152.39007733333335,RP,621,565
Grant Anderson,MIL,RP,124.67982666666667,-152.62608400000005,RP,622,566
Eric Orze,MIN,RP,123.4422,-153.8637106666667,RP,632,567
Mike Vasil,CHW,SP,153.55319999999998,-155.158332,SP,513,568
Wandy Peralta,SDP,RP,121.76513333333332,-155.54077733333338,RP,637,569
Jonathan Bowlan,PHI,RP,121.33376000000003,-155.97215066666666,RP,638,570
Michael Kelly,ATH,RP,120.95508,-156.3508306666667,RP,639,571
Yohan Ramírez,PIT,RP,120.93083999999999,-156.37507066666672,RP,640,572
Robby Snelling,MIA,SP,152.27824999999999,-156.433282,SP,517,573
Anthony Banda,MIN,RP,120.79015333333335,-156.51575733333334,RP,641,574
Braydon Fisher,TOR,RP,120.75923999999999,-156.54667066666673,RP,642,575
Ryan Weiss,HOU,SP,151.91514,-156.79639199999997,SP,520,576
Hurston Waldrep,ATL,SP,151.32699333333335,-157.38453866666663,SP,522,577
Nick Fortes,TBR,C,116.83473933333335,-157.41515319999996,Batter,660,578
A.J. Puk,ARI,RP,119.74196266666667,-157.56394800000004,RP,647,579
Brant Hurter,DET,RP,119.5955,-157.7104106666667,RP,648,580
Davis Schneider,TOR,LF,143.96525866666664,-158.34442533333336,Batter,545,581
Tyler Wells,BAL,SP,150.29865999999998,-158.412872,SP,525,582
Jack Dreyer,LAD,RP,118.48334666666666,-158.82256400000006,RP,651,583
Ben Casparius,LAD,RP,118.11854666666666,-159.18736400000006,RP,653,584
Giancarlo Stanton,NYY,DH,186.01534012333332,-159.31154247666666,Batter,398,585
Caleb Ferguson,CIN,RP,117.83583333333335,-159.47007733333334,RP,654,586
Sean Newcomb,CHW,SP,149.05855999999997,-159.652972,SP,528,587
Ha-Seong Kim,ATL,SS,180.46049000000002,-159.6774104,Batter,414,588
Garrett Mitchell,MIL,CF,142.59411000000003,-159.71557399999998,Batter,550,589
Sam Hentges,SFG,RP,117.50830666666667,-159.79760400000004,RP,655,590
Bennett Sousa,HOU,RP,117.48299333333334,-159.82291733333335,RP,656,591
Scott Barlow,ATH,RP,117.36283333333331,-159.9430773333334,RP,657,592
Christian Moore,LAA,2B,135.25182,-160.16944,Batter,585,593
Jason Adam,SDP,RP,117.09688666666666,-160.20902400000006,RP,658,594
Andrew McCutchen,,RF,142.01136033333333,-160.29832366666668,Batter,553,595
George Valera,CLE,RF,141.93523166666668,-160.37445233333332,Batter,554,596
Tim Herrin,CLE,RP,116.84258666666665,-160.46332400000006,RP,659,597
Zack Kelly,BOS,RP,116.59183333333334,-160.71407733333336,RP,662,598
Connor Phillips,CIN,RP,116.58540666666669,-160.720504,RP,663,599
Rico Garcia,BAL,RP,116.51134666666667,-160.79456400000004,RP,664,600
Miguel Amaya,CHC,C,113.196526,-161.0533665333333,Batter,676,601
Huascar Brazobán,NYM,RP,116.19476666666667,-161.11114400000002,RP,666,602
Spencer Arrighetti,HOU,SP,147.33930666666666,-161.37222533333332,SP,538,603
Gordon Graceffo,STL,RP,115.29786,-162.0080506666667,RP,669,604
Tim Hill,NYY,RP,115.28219333333332,-162.02371733333337,RP,670,605
Jesse Winker,,LF,140.00529833333334,-162.30438566666666,Batter,564,606
Tyler Anderson,,SP,145.50783333333334,-163.20369866666664,SP,541,607
Owen Caissie,MIA,RF,138.680287,-163.629397,Batter,570,608
Yuki Matsui,SDP,RP,113.46660000000001,-163.83931066666668,RP,675,609
Casey Legumina,SEA,RP,113.03037333333334,-164.27553733333338,RP,677,610
Christopher Morel,MIA,LF,137.47305766666668,-164.83662633333333,Batter,574,611
Luis Campusano,SDP,C,109.12720833333333,-165.12268419999998,Batter,700,612
Brent Suter,LAA,RP,112.17236000000001,-165.13355066666668,RP,679,613
Cade Gibson,MIA,RP,112.05492,-165.25099066666672,RP,680,614
Jacob Webb,CHC,RP,112.01099999999998,-165.29491066666674,RP,682,615
Jose Trevino,CIN,C,108.84969695333332,-165.40019558,Batter,703,616
Ben Joyce,LAA,RP,111.73370666666669,-165.572204,RP,683,617
Thomas Saggese,STL,2B,129.76809999999998,-165.65316000000004,Batter,603,618
Justin Bruihl,STL,RP,110.88895333333335,-166.41695733333336,RP,687,619
Nate Pearson,HOU,RP,110.85630666666668,-166.44960400000002,RP,688,620
Pedro Pagés,STL,C,107.7833833333333,-166.46650920000002,Batter,707,621
Taylor Clarke,ARI,RP,110.81418000000001,-166.49173066666668,RP,689,622
Victor Robles,SEA,RF,135.76925000000003,-166.54043399999998,Batter,580,623
Jordan Hicks,CHW,RP,110.64570666666667,-166.66020400000002,RP,690,624
Drew Anderson,DET,SP,142.0148333333333,-166.69669866666666,SP,552,625
Brenan Hanifee,DET,RP,110.521,-166.7849106666667,RP,691,626
Joel Payamps,ATL,RP,110.38504,-166.9208706666667,RP,692,627
Carlos Vargas,SEA,RP,110.34211999999998,-166.96379066666674,RP,693,628
Jackson Rutledge,WSN,RP,110.31072666666667,-166.99518400000005,RP,694,629
Porter Hodge,CHC,RP,109.52946000000001,-167.77645066666668,RP,697,630
Cole Sulser,TBR,RP,109.24030666666668,-168.065604,RP,699,631
Pavin Smith,ARI,1B,177.21843333333334,-168.10844926666664,Batter,425,632
Brent Headrick,NYY,RP,108.73396666666667,-168.57194400000003,RP,704,633
Will Klein,LAD,RP,108.54633333333335,-168.75957733333337,RP,705,634
Konnor Griffin,PIT,Unknown,176.54203799999996,-168.7848446,Batter,427,635
Joey Bart,PIT,C,105.02154633333333,-169.22834619999998,Batter,717,636
Jake Irvin,WSN,SP,139.4503666666666,-169.26116533333337,SP,565,637
Tommy Pham,,LF,132.96408433333332,-169.3455996666667,Batter,594,638
Jacob Young,WSN,CF,132.94483066666666,-169.36485333333334,Batter,595,639
Paul Goldschmidt,NYY,1B,175.93789999999998,-169.3889826,Batter,428,640
José Fermin,LAA,RP,107.64760000000001,-169.6583106666667,RP,708,641
Brandon Eisert,CHW,RP,106.97159999999998,-170.33431066666674,RP,709,642
Andrew Alvarez,WSN,SP,138.35125333333335,-170.36027866666663,SP,573,643
Kevin McGonigle,DET,Unknown,174.87501666666665,-170.45186593333332,Batter,431,644
Matt Gage,SFG,RP,106.82954000000001,-170.4763706666667,RP,711,645
Graham Pauley,MIA,3B,124.006515,-170.6991757333334,Batter,628,646
Javier Sanoja,MIA,2B,123.91806000000001,-171.5032,Batter,629,647
Taijuan Walker,PHI,SP,136.85253333333335,-171.85899866666662,SP,575,648
Patrick Sandoval,BOS,SP,136.83293333333333,-171.87859866666665,SP,576,649
Josiah Gray,WSN,SP,136.5303133333333,-172.18121866666667,SP,578,650
Henry Davis,PIT,C,101.94919066666667,-172.30070186666666,Batter,732,651
Jake Mangum,PIT,LF,129.4245,-172.885184,Batter,606,652
Troy Melton,DET,SP,135.58329999999998,-173.128232,SP,583,653
Griff McGarry,WSN,RP,104.10674000000002,-173.1991706666667,RP,721,654
Ian Hamilton,ATL,RP,104.08855333333331,-173.21735733333338,RP,722,655
Andrew Chafin,MIN,RP,104.01238666666667,-173.29352400000005,RP,723,656
Janson Junk,MIA,SP,135.16700666666665,-173.54452533333333,SP,587,657
Michael Lorenzen,COL,SP,134.88609333333335,-173.82543866666663,SP,588,658
Justin Crawford,PHI,Unknown,171.30460000000002,-174.02228259999995,Batter,443,659
Hunter Dobbins,STL,SP,133.75374666666667,-174.9577853333333,SP,591,660
Colin Selby,BAL,RP,102.18584666666668,-175.120064,RP,730,661
José Fermín,STL,2B,120.23862233333334,-175.18263766666666,Batter,646,662
DL Hall,MIL,RP,101.97861999999999,-175.32729066666673,RP,731,663
Connor Brogdon,CLE,RP,101.76324,-175.5426706666667,RP,733,664
Daniel Lynch IV,KCR,RP,101.74135999999999,-175.56455066666672,RP,734,665
Evan Sisk,PIT,RP,101.42435333333334,-175.88155733333338,RP,735,666
Jonny DeLuca,TBR,CF,126.25374000000001,-176.055944,Batter,614,667
Luis Medina,ATH,SP,132.54697333333334,-176.16455866666664,SP,596,668
Chase Dollander,COL,SP,131.75059999999996,-176.960932,SP,597,669
Bryan Hudson,NYM,RP,100.03664666666667,-177.26926400000002,RP,739,670
Kyle Higashioka,TEX,C,96.77718646666669,-177.4727060666666,Batter,758,671
Brennan Bernardino,COL,RP,99.5781,-177.7278106666667,RP,743,672
Brandyn Garcia,ARI,RP,99.57627333333333,-177.72963733333336,RP,744,673
Tyler Alexander,TEX,SP,130.9813,-177.73023199999997,SP,600,674
Brusdar Graterol,LAD,RP,99.55894666666666,-177.74696400000005,RP,745,675
Steven Wilson,TBR,RP,99.55872,-177.7471906666667,RP,746,676
Joe Boyle,TBR,SP,129.94125333333332,-178.77027866666666,SP,602,677
Eduarniel Núñez,ATH,RP,98.52832000000001,-178.7775906666667,RP,751,678
Lake Bachar,MIA,RP,98.41994,-178.8859706666667,RP,752,679
Harry Ford,WSN,C,95.27306866666667,-178.97682386666662,Batter,764,680
Jonathan Cannon,CHW,SP,129.52070666666665,-179.19082533333332,SP,605,681
Alek Manoah,LAA,SP,128.64479333333335,-180.06673866666662,SP,607,682
Heriberto Hernández,MIA,LF,122.01417,-180.29551400000003,Batter,636,683
Carmen Mlodzinski,PIT,SP,127.88514999999998,-180.826382,SP,609,684
Denzel Clarke,ATH,CF,120.5992333333333,-181.7104506666667,Batter,644,685
Michael Conforto,,LF,120.504038,-181.80564600000002,Batter,645,686
Kody Clemens,MIN,2B,113.47147999999999,-181.94978000000003,Batter,674,687
Alex Lange,KCR,RP,95.22821333333333,-182.0776973333334,RP,765,688
Troy Taylor,SEA,RP,95.2039,-182.1020106666667,RP,766,689
Matt Pushard,STL,RP,94.7904,-182.5155106666667,RP,770,690
Rhett Lowder,CIN,SP,126.12559333333333,-182.58593866666666,SP,615,691
Jaden Hill,COL,RP,94.40328666666669,-182.902624,RP,772,692
Roddery Muñoz,HOU,RP,94.13929333333333,-183.16661733333336,RP,773,693
Paul Blackburn,NYY,SP,125.42210666666665,-183.28942533333333,SP,617,694
Germán Márquez,SDP,SP,125.30453999999997,-183.406992,SP,618,695
Bradgley Rodriguez,SDP,RP,93.71480000000003,-183.59111066666668,RP,775,696
Zach Maxwell,CIN,RP,93.49176,-183.8141506666667,RP,776,697
Chase Silseth,LAA,RP,93.21972666666666,-184.08618400000006,RP,777,698
Emerson Hancock,SEA,SP,124.42890000000003,-184.28263199999995,SP,625,699
Rob Zastryzny,MIL,RP,92.33668000000002,-184.9692306666667,RP,778,700
Richard Lovelady,WSN,RP,92.29025333333334,-185.01565733333337,RP,779,701
Amed Rosario,NYY,3B,109.42416766666668,-185.2815230666667,Batter,698,702
Randal Grichuk,,RF,116.61619533333335,-185.69348866666667,Batter,661,703
JP Sears,SDP,SP,122.95261333333333,-185.75891866666666,SP,633,704
Max Muncy,ATH,3B,108.45679366666667,-186.2488970666667,Batter,706,705
Austin Warren,NYM,RP,91.03145333333335,-186.27445733333337,RP,782,706
Colin Rea,CHC,SP,122.38880666666667,-186.32272533333332,SP,634,707
Javier Báez,DET,CF,115.86946733333333,-186.4402166666667,Batter,667,708
Brandon Sproat,MIL,SP,122.27086666666672,-186.44066533333324,SP,635,709
Josh White,MIA,RP,90.61959999999999,-186.6863106666667,RP,784,710
Troy Johnston,COL,OF,115.53730066666667,-186.77238333333332,Batter,668,711
Hunter Bigge,TBR,RP,89.85766666666667,-187.44824400000005,RP,785,712
RJ Petit,COL,RP,89.74610000000001,-187.5598106666667,RP,786,713
Ryan Watson,BOS,RP,89.49205999999998,-187.81385066666672,RP,788,714
Josh Sborz,TEX,RP,89.47541333333334,-187.83049733333337,RP,789,715
Matt Shaw,CHC,3B,106.84143999999999,-187.8642507333334,Batter,710,716
Danny Coulombe,,RP,89.28190666666666,-188.02400400000005,RP,791,717
José Urquidy,PIT,SP,120.66131333333333,-188.05021866666664,SP,643,718
Griffin Conine,MIA,LF,114.18639033333334,-188.12329366666665,Batter,672,719
Brady Basso,ATH,RP,88.90227333333333,-188.4036373333334,RP,794,720
Justin Wilson,,RP,88.79964000000001,-188.5062706666667,RP,795,721
Luis Torrens,NYM,C,85.16806700000001,-189.0818255333333,Batter,808,722
Connor Wong,BOS,C,84.108286,-190.1416065333333,Batter,813,723
Zach Pop,PHI,RP,86.83965333333333,-190.46625733333337,RP,798,724
Starling Marte,,LF,111.40973833333332,-190.89994566666667,Batter,685,725
Thairo Estrada,COL,2B,103.69468666666667,-191.72657333333336,Batter,726,726
Hunter Feduccia,TBR,C,82.47312266666665,-191.77676986666665,Batter,822,727
Ryan Fernandez,STL,RP,85.46283333333334,-191.84307733333338,RP,805,728
George Soriano,STL,RP,85.31689999999999,-191.98901066666673,RP,807,729
Eric Lauer,TOR,SP,116.36205000000001,-192.34948199999997,SP,665,730
Bryce Eldridge,SFG,1B,152.88964866666666,-192.43723393333332,Batter,514,731
Brock Stewart,LAD,RP,84.18637333333334,-193.11953733333337,RP,812,732
Tyrone Taylor,NYM,CF,108.95976666666667,-193.34991733333334,Batter,701,733
Craig Yoho,MIL,RP,83.78125,-193.5246606666667,RP,815,734
Edgardo Henriquez,LAD,RP,83.70249999999999,-193.60341066666672,RP,816,735
Yohel Pozo,STL,C,80.42164766666667,-193.82824486666664,Batter,834,736
Zach McCambley,PHI,RP,83.03880666666667,-194.26710400000002,RP,819,737
Ryan Yarbrough,NYY,SP,114.36613333333331,-194.34539866666665,SP,671,738
Gus Varland,WSN,RP,82.36402666666667,-194.94188400000002,RP,823,739
Carter Baumler,TEX,RP,82.35229999999999,-194.95361066666672,RP,824,740
Dylan Dodd,ATL,RP,82.15019333333333,-195.15571733333337,RP,826,741
JT Brubaker,SFG,RP,81.74134666666667,-195.56456400000002,RP,828,742
Casey Schmitt,SFG,3B,99.017219,-195.68847173333336,Batter,748,743
Edmundo Sosa,PHI,2B,99.64394666666668,-195.77731333333332,Batter,742,744
Braxton Fulford,COL,C,78.41906,-195.8308325333333,Batter,845,745
Zach Cole,HOU,CF,106.17933000000001,-196.130354,Batter,714,746
Angel Martínez,CLE,CF,106.14018,-196.16950400000002,Batter,715,747
Andrew Walters,CLE,RP,80.91355000000001,-196.3923606666667,RP,830,748
Mason Fluharty,TOR,RP,80.72706133333334,-196.57884933333338,RP,831,749
Beau Brieske,DET,RP,80.72188666666666,-196.58402400000006,RP,832,750
Caden Dana,LAA,SP,112.05115333333333,-196.66037866666665,SP,681,751
Cody Freeman,TEX,3B,97.86658666666666,-196.83910406666672,Batter,754,752
Wikelman González,CHW,RP,80.43841999999998,-196.86749066666673,RP,833,753
Adbert Alzolay,NYM,RP,80.39600666666665,-196.90990400000004,RP,836,754
Carlos Santana,ARI,1B,148.32130933333335,-197.00557326666663,Batter,534,755
Cody Bradford,TEX,SP,111.34118,-197.37035199999997,SP,686,756
José Caballero,NYY,SS,142.4769666666667,-197.66093373333334,Batter,551,757
Peyton Pallette,CLE,RP,79.58461333333334,-197.72129733333338,RP,840,758
CJ Kayfus,CLE,1B,147.58714666666668,-197.7397359333333,Batter,535,759
Carson Benge,NYM,Unknown,147.55326066666666,-197.77362193333332,Batter,536,760
Jhostynxon Garcia,PIT,CF,104.14804,-198.16164400000002,Batter,720,761
Tommy Kahnle,,RP,78.74796,-198.5579506666667,RP,841,762
Javier Assad,CHC,SP,109.9237266666667,-198.78780533333327,SP,695,763
J.T. Ginn,ATH,SP,109.67896666666665,-199.0325653333333,SP,696,764
Dalton Rushing,LAD,C,74.65487866666666,-199.59501386666665,Batter,855,765
Walker Buehler,SDP,SP,108.87746666666668,-199.83406533333329,SP,702,766
Kevin Kelly,TBR,RP,77.27105333333334,-200.03485733333338,RP,849,767
Yaramil Hiraldo,BAL,RP,77.19624999999999,-200.1096606666667,RP,850,768
Travis d'Arnaud,LAA,C,73.894917,-200.3549755333333,Batter,860,769
Hayden Harris,ATL,RP,76.22502333333334,-201.08088733333335,RP,852,770
John King,MIA,RP,76.20808,-201.0978306666667,RP,853,771
Rhys Hoskins,,1B,143.96006376666665,-201.36681883333333,Batter,546,772
Gabriel Arias,CLE,SS,138.49740233333335,-201.64049806666668,Batter,572,773
Masataka Yoshida,BOS,LF,100.46911766666666,-201.84056633333336,Batter,738,774
Ryan Feltner,COL,SP,106.77631333333333,-201.93521866666663,SP,712,775
Matt Vierling,DET,CF,99.94159066666667,-202.36809333333332,Batter,740,776
Erick Fedde,CHW,SP,105.90087333333334,-202.81065866666665,SP,716,777
Ron Marinaccio,SDP,RP,74.18065333333334,-203.12525733333337,RP,859,778
Kyle Nicolas,PIT,RP,73.84740666666667,-203.45850400000003,RP,861,779
Luke Raley,SEA,RF,98.84741133333334,-203.46227266666665,Batter,749,780
Rob Refsnyder,SEA,RF,98.62526099999998,-203.68442300000004,Batter,750,781
José Tena,WSN,3B,90.97988366666668,-203.72580706666668,Batter,783,782
Stephen Kolek,KCR,SP,104.87215333333332,-203.83937866666668,SP,718,783
Colby Thomas,ATH,RF,98.11654466666666,-204.19313933333336,Batter,753,784
Jeremiah Jackson,BAL,2B,91.10528699999999,-204.31597300000004,Batter,781,785
Adrian Del Castillo,ARI,C,69.92295833333334,-204.32693419999998,Batter,882,786
Ben Brown,CHC,SP,104.30167999999999,-204.409852,SP,719,787
Joey Loperfido,HOU,LF,97.68398933333333,-204.62569466666667,Batter,755,788
Payton Tolle,BOS,SP,103.91655,-204.79498199999998,SP,724,789
Ryan Brasier,TEX,RP,72.47379333333333,-204.83211733333337,RP,862,790
Alex Verdugo,,LF,97.42732833333334,-204.88235566666668,Batter,756,791
Tobias Myers,NYM,SP,103.69485,-205.01668199999997,SP,725,792
Marcus Stroman,,SP,103.46962666666666,-205.2419053333333,SP,727,793
Dylan Ross,NYM,RP,71.93245,-205.3734606666667,RP,865,794
Grant Wolfram,BAL,RP,71.792128,-205.5137826666667,RP,866,795
Connelly Early,BOS,SP,103.16808000000002,-205.54345199999995,SP,728,796
Ethan Roberts,CHC,RP,71.67600066666667,-205.62991000000005,RP,868,797
Sam Moll,CIN,RP,71.16686,-206.13905066666672,RP,873,798
Connor Prielipp,MIN,SP,102.3569,-206.35463199999998,SP,729,799
Jalen Beeks,,RP,70.90706,-206.3988506666667,RP,876,800
Luke Jackson,,RP,70.72192,-206.5839906666667,RP,877,801
Sam Haggerty,TEX,CF,95.41564999999999,-206.89403400000003,Batter,763,802
Will Benson,CIN,LF,94.91798666666666,-207.39169733333335,Batter,768,803
Jonathan Loáisiga,ARI,RP,69.91265333333332,-207.3932573333334,RP,883,804
Paxton Schultz,WSN,RP,69.87107333333334,-207.43483733333335,RP,884,805
Mitch Garver,,C,66.77793513333333,-207.47195739999998,Batter,905,806
Steven Cruz,KCR,RP,69.73704666666667,-207.56886400000002,RP,885,807
Andre Granillo,WSN,RP,69.62487933333334,-207.68103133333335,RP,887,808
Colin Holderman,CLE,RP,69.51543999999998,-207.79047066666672,RP,888,809
Yoendrys Gómez,TBR,SP,100.8521,-207.85943199999997,SP,737,810
Bailey Horn,DET,RP,69.43491999999999,-207.87099066666673,RP,889,811
Kyle Karros,COL,3B,86.80350199999998,-207.9021887333334,Batter,799,812
Tyler Ferguson,ATH,RP,69.03129333333335,-208.27461733333337,RP,892,813
Colton Gordon,HOU,RP,68.95939333333332,-208.3465173333334,RP,893,814
Jake Rogers,DET,C,65.84277666666667,-208.40711586666663,Batter,914,815
Justin Wrobleski,LAD,SP,99.71036666666667,-209.0011653333333,SP,741,816
Chad Green,,RP,68.12716666666667,-209.17874400000005,RP,897,817
Mitchell Parker,WSN,SP,99.33626666666669,-209.3752653333333,SP,747,818
Robinson Ortiz,SEA,RP,67.76075,-209.5451606666667,RP,899,819
Jack Perkins,ATH,RP,67.63182266666666,-209.67408800000004,RP,900,820
Michael Kopech,,RP,67.49030666666668,-209.815604,RP,901,821
José Leclerc,,RP,67.22496,-210.0809506666667,RP,903,822
James McCann,ARI,C,64.07182200000001,-210.1780705333333,Batter,923,823
Kendry Rojas,MIN,RP,66.91243333333335,-210.39347733333335,RP,904,824
Andrew Hoffmann,ARI,RP,66.48882666666667,-210.81708400000002,RP,907,825
Daysbel Hernández,ATL,RP,66.38805599999999,-210.9178546666667,RP,909,826
Anthony Nunez,BAL,RP,66.33989999999999,-210.9660106666667,RP,910,827
Dauri Moreta,,RP,65.97461333333332,-211.3312973333334,RP,912,828
Christian Vázquez,,C,62.866429866666664,-211.38346266666665,Batter,928,829
Jose Quintana,COL,SP,97.11938666666663,-211.59214533333335,SP,757,830
Tomoyuki Sugano,COL,SP,96.29062666666668,-212.42090533333328,SP,759,831
Bailey Falter,KCR,SP,96.01445000000001,-212.69708199999997,SP,760,832
Keider Montero,DET,SP,95.798,-212.91353199999998,SP,761,833
Trevor McDonald,SFG,SP,95.63562000000002,-213.07591199999996,SP,762,834
David Hamilton,MIL,2B,82.27433333333333,-213.14692666666667,Batter,825,835
Tristan Beck,SFG,RP,64.14605466666667,-213.15985600000005,RP,921,836
Gary Sánchez,MIL,C,61.05215,-213.19774253333333,Batter,943,837
Zach Agnos,COL,RP,63.71609333333333,-213.58981733333337,RP,924,838
Romy Gonzalez,BOS,1B,131.61148666666668,-213.7153959333333,Batter,598,839
Jon Gray,,SP,94.92051333333335,-213.79101866666662,SP,767,840
Yariel Rodríguez,TOR,RP,63.46714666666666,-213.83876400000005,RP,925,841
Charlie Morton,,SP,94.42326000000001,-214.28827199999995,SP,771,842
Nick Sandlin,LAA,RP,62.99884,-214.3070706666667,RP,926,843
Hayden Birdsong,SFG,SP,94.12448,-214.58705199999997,SP,774,844
Luinder Avila,KCR,RP,62.65314466666667,-214.65276600000004,RP,929,845
Jedixson Paez,CHW,RP,62.64012133333335,-214.66578933333335,RP,930,846
Chris Murphy,CHW,RP,62.156353333333335,-215.14955733333338,RP,934,847
Drew Millas,WSN,C,59.081953,-215.1679395333333,Batter,962,848
James McArthur,KCR,RP,61.86449933333332,-215.44141133333338,RP,936,849
Reiver Sanmartin,SFG,RP,61.84377333333333,-215.46213733333337,RP,937,850
Carson Williams,TBR,SS,124.63914,-215.49876040000004,Batter,623,851
Rafael Marchán,PHI,C,58.708914666666665,-215.54097786666665,Batter,963,852
Brandan Bidois,PIT,RP,61.68875000000001,-215.61716066666668,RP,939,853
Joey Lucchesi,,RP,61.22678666666667,-216.07912400000004,RP,941,854
J.C. Escarra,NYY,C,58.123491666666666,-216.12640086666664,Batter,967,855
Jordan Lawlar,ARI,SS,123.84276999999999,-216.29513040000006,Batter,631,856
Kyle Hart,SDP,RP,60.52972,-216.7761906666667,RP,947,857
Miguel Rojas,LAD,2B,78.637473,-216.78378700000002,Batter,843,858
Dane Myers,CIN,CF,85.48303333333332,-216.8266506666667,Batter,804,859
Adam Frazier,LAA,2B,78.52018333333334,-216.90107666666668,Batter,844,860
Nathan Church,STL,LF,85.40452533333332,-216.9051586666667,Batter,806,861
Ben Williamson,TBR,3B,77.72736333333334,-216.9783274,Batter,848,862
Drew Smith,WSN,RP,59.80384,-217.5020706666667,RP,953,863
Evan Phillips,LAD,RP,59.61070266666666,-217.69520800000004,RP,954,864
Prelander Berroa,CHW,RP,59.346747333333326,-217.95916333333338,RP,958,865
Shane Drohan,MIL,RP,59.334135333333336,-217.97177533333337,RP,959,866
Craig Kimbrel,NYM,RP,59.21255133333333,-218.09335933333338,RP,961,867
Max Lazar,PHI,RP,58.28546399999999,-219.02044666666671,RP,965,868
Robert Hassell III,WSN,CF,83.07603733333333,-219.2336466666667,Batter,818,869
David Festa,MIN,SP,89.3306,-219.38093199999997,SP,790,870
Travis Adams,MIN,SP,89.12624666666666,-219.58528533333333,SP,792,871
Ryan Bergert,KCR,SP,88.96669999999999,-219.74483199999997,SP,793,872
Cade Winquest,NYY,RP,56.920199999999994,-220.3857106666667,RP,972,873
Justyn-Henry Malloy,TBR,RF,81.901041,-220.40864299999998,Batter,827,874
Chase Shugart,PHI,RP,56.86746933333334,-220.43844133333337,RP,973,875
Ty Adcock,SDP,RP,56.594600000000014,-220.7113106666667,RP,974,876
Nasim Nuñez,WSN,SS,119.26818666666667,-220.86971373333336,Batter,649,877
Taylor Walls,TBR,SS,119.23371666666667,-220.90418373333335,Batter,650,878
Chris Roycroft,STL,RP,56.20919999999999,-221.09671066666672,RP,976,879
Sung-Mun Song,SDP,Unknown,124.04659266666668,-221.28028993333328,Batter,626,880
Jason Foley,SFG,RP,56.019349999999996,-221.2865606666667,RP,977,881
Jake Bauers,MIL,1B,124.00691066666667,-221.3199719333333,Batter,627,882
Rowdy Tellez,,1B,123.89063280166668,-221.43624979833328,Batter,630,883
Cooper Criswell,SEA,SP,86.9317,-221.77983199999997,SP,797,884
Jordan Wicks,CHC,SP,86.6432,-222.068332,SP,800,885
Luis Mey,CIN,RP,55.19923333333333,-222.10667733333338,RP,980,886
Blake Perkins,MIL,CF,80.10178666666667,-222.20789733333334,Batter,837,887
Ryan Gusto,MIA,SP,86.33079999999998,-222.380732,SP,801,888
Luis Curvelo,TEX,RP,54.70946933333334,-222.59644133333336,RP,983,889
Yerry De los Santos,NYY,RP,54.67185466666667,-222.63405600000004,RP,985,890
Justin Martinez,ARI,RP,54.631554,-222.6743566666667,RP,986,891
Juan Morillo,ARI,RP,54.55552666666667,-222.75038400000003,RP,987,892
Darell Hernaiz,ATH,3B,71.769586,-222.93610473333337,Batter,867,893
AJ Blubaugh,HOU,SP,85.61718666666665,-223.0943453333333,SP,802,894
Keegan Thompson,COL,RP,53.967600000000004,-223.3383106666667,RP,989,895
Paul Gervase,LAD,RP,53.63230000000001,-223.6736106666667,RP,991,896
Chase Lee,TOR,RP,53.41965133333333,-223.88625933333338,RP,993,897
Joey Wentz,ATL,SP,84.81535,-223.89618199999998,SP,809,898
Tayler Saucedo,LAA,RP,53.3307,-223.9752106666667,RP,994,899
Oswaldo Cabrera,NYY,3B,70.72002466666666,-223.9856660666667,Batter,878,900
Richie Palacios,TBR,LF,77.94741800000001,-224.36226599999998,Batter,847,901
Nick Raquet,STL,RP,52.61303466666667,-224.69287600000004,RP,995,902
John Klein,MIN,RP,52.542950000000005,-224.7629606666667,RP,996,903
Kyle Keller,BOS,RP,52.30364666666666,-225.00226400000005,RP,998,904
Jesse Scholtens,TBR,RP,52.289662,-225.0162486666667,RP,999,905
Alek Jacob,SDP,RP,52.282095999999996,-225.0238146666667,RP,1000,906
Rafael Montero,NYY,RP,52.27959333333333,-225.02631733333337,RP,1001,907
Daniel Schneemann,CLE,2B,70.026571,-225.39468900000003,Batter,880,908
Jordan Montgomery,TEX,SP,82.5732666666667,-226.13826533333327,SP,821,909
Michael Tonkin,MIN,RP,50.76969333333333,-226.53621733333338,RP,1007,910
Oswald Peraza,LAA,3B,67.981231,-226.7244597333334,Batter,898,911
Orlando Ribalta,WSN,RP,50.359140000000004,-226.9467706666667,RP,1010,912
Austin Wynns,ATH,C,47.227666666666664,-227.02222586666664,Batter,1027,913
Tyler Austin,CHC,Unknown,118.17371366666667,-227.1531689333333,Batter,652,914
Alan Roden,MIN,LF,75.01120733333333,-227.29847666666666,Batter,854,915
Ryan Harbin,PIT,RP,49.90759999999999,-227.3983106666667,RP,1012,916
Justin Hagenman,NYM,RP,49.59728266666667,-227.70862800000003,RP,1014,917
Jasson Domínguez,NYY,OF,74.22209,-228.08759400000002,Batter,858,918
Easton McGee,MIL,RP,49.00599733333333,-228.29991333333336,RP,1018,919
Tyler Heineman,TOR,C,45.85270766666665,-228.39718486666666,Batter,1042,920
Trent Thornton,CHC,RP,48.85196266666666,-228.45394800000005,RP,1019,921
Marc Church,TEX,RP,48.37965,-228.9262606666667,RP,1021,922
Garrett Hawkins,SDP,RP,48.36104999999999,-228.94486066666673,RP,1022,923
Christian Scott,NYM,SP,79.7036,-229.00793199999998,SP,839,924
Joe Jiménez,ATL,RP,48.07792599999999,-229.2279846666667,RP,1023,925
Jayden Murray,HOU,RP,47.984383333333334,-229.32152733333336,RP,1024,926
Johnathan Rodríguez,CLE,RF,72.36224233333333,-229.9474416666667,Batter,863,927
Tyler Gilbert,CHW,RP,47.19756666666666,-230.10834400000005,RP,1028,928
Michael Petersen,MIA,RP,47.17196533333333,-230.13394533333337,RP,1029,929
Tyler Samaniego,BOS,RP,46.980000000000004,-230.3259106666667,RP,1031,930
Angel Chivilli,NYY,RP,46.737152666666674,-230.56875800000003,RP,1034,931
Tim Mayza,PHI,RP,46.679758666666665,-230.62615200000005,RP,1035,932
Everson Pereira,CHW,CF,71.43206233333335,-230.87762166666664,Batter,871,933
Alex Call,LAD,RF,71.09902566666666,-231.21065833333336,Batter,874,934
Hunter Stratton,ATL,RP,46.05755200000001,-231.2483586666667,RP,1039,935
Sam Bachman,LAA,RP,45.92223133333332,-231.3836793333334,RP,1041,936
Austin Love,STL,RP,45.63555,-231.6703606666667,RP,1043,937
Cionel Pérez,WSN,RP,45.576,-231.7299106666667,RP,1044,938
Colt Emerson,SEA,Unknown,113.58478833333334,-231.74209426666664,Batter,673,939
Kyle Hurt,LAD,SP,76.96894666666665,-231.74258533333332,SP,851,940
Drew Gilbert,SFG,CF,70.539359,-231.770325,Batter,879,941
Yosver Zulueta,SEA,RP,44.86442333333333,-232.44148733333338,RP,1050,942
Jayvien Sandridge,LAA,RP,44.647514,-232.6583966666667,RP,1051,943
Vaughn Grissom,LAA,Unknown,112.57175666666666,-232.75512593333332,Batter,678,944
Dylan Smith,DET,RP,44.54359466666667,-232.76231600000003,RP,1052,945
Ronny Mauricio,NYM,3B,61.835975999999995,-232.86971473333338,Batter,938,946
Welinton Herrera,COL,RP,44.37955,-232.9263606666667,RP,1054,947
Jorge López,,RP,44.01232666666666,-233.29358400000004,RP,1058,948
Daniel Espino,CLE,RP,44.0,-233.3059106666667,RP,1059,949
Kendall Graveman,,RP,43.95236666666667,-233.35354400000003,RP,1060,950
Ezequiel Duran,TEX,SS,106.76052666666665,-233.3773737333334,Batter,713,951
Max Kepler,,LF,68.83961166666667,-233.47007233333335,Batter,894,952
Michel Otañez,TEX,RP,43.71166533333332,-233.5942453333334,RP,1061,953
Andrés Chaparro,WSN,1B,111.63956266666668,-233.6873199333333,Batter,684,954
Dan Altavilla,MIN,RP,43.47528666666667,-233.83062400000003,RP,1064,955
Franco Aleman,CLE,RP,43.26876,-234.03715066666672,RP,1065,956
Jon Berti,,3B,60.603624333333336,-234.10206640000004,Batter,946,957
Tim Tawa,ARI,2B,61.139694999999996,-234.28156500000003,Batter,942,958
Jason Alexander,HOU,SP,74.27,-234.441532,SP,856,959
Colin Poche,,RP,42.86148666666666,-234.44442400000005,RP,1066,960
Brandon Williamson,CIN,SP,74.22515333333332,-234.48637866666667,SP,857,961
Brett Harris,ATH,3B,60.12578866666667,-234.5799020666667,Batter,950,962
Cody Laweryson,MIN,RP,42.663321333333336,-234.64258933333338,RP,1068,963
Scott Alexander,SFG,RP,42.60560666666667,-234.70030400000005,RP,1069,964
Luis Urías,,2B,60.24783666666667,-235.17342333333335,Batter,948,965
Jose Iglesias,,2B,60.24266033333333,-235.17859966666668,Batter,949,966
Cameron Foster,BAL,RP,42.0321,-235.2738106666667,RP,1070,967
Juan Burgos,ARI,RP,41.64459,-235.6613206666667,RP,1074,968
Bobby Miller,LAD,RP,41.527754666666674,-235.77815600000002,RP,1076,969
Mike Tauchman,NYM,RF,66.31773766666667,-235.99194633333332,Batter,911,970
Josh Simpson,SEA,RP,41.284,-236.0219106666667,RP,1078,971
Danny Young,ATL,RP,41.252889333333336,-236.05302133333336,RP,1079,972
Riley Martin,CHC,RP,41.24209999999999,-236.0638106666667,RP,1080,973
Joey Estes,ATH,RP,40.890504,-236.4154066666667,RP,1084,974
Johan Rojas,PHI,CF,65.874217,-236.43546700000002,Batter,913,975
Lazaro Estrada,TOR,RP,40.85753333333333,-236.44837733333338,RP,1085,976
Cole Wilcox,SEA,RP,40.823406,-236.4825046666667,RP,1086,977
Myles Straw,TOR,CF,65.80820299999999,-236.501481,Batter,915,978
Elias Díaz,,C,37.70469791666667,-236.54519461666663,Batter,1110,979
Corbin Burnes,ARI,SP,72.04776,-236.663772,SP,864,980
Cam Sanders,PIT,RP,40.513609333333335,-236.79230133333337,RP,1087,981
Kaleb Ort,LAA,RP,40.40584666666666,-236.90006400000004,RP,1088,982
Samy Natera Jr.,LAA,RP,40.38235,-236.9235606666667,RP,1089,983
Alex Carrillo,NYM,RP,40.25694,-237.04897066666672,RP,1090,984
Luke Little,CHC,RP,40.23803,-237.0678806666667,RP,1091,985
William Kempner,MIA,RP,40.18275,-237.1231606666667,RP,1092,986
James Outman,MIN,CF,65.03157333333333,-237.2781106666667,Batter,918,987
Andrew Morris,MIN,RP,39.96465,-237.3412606666667,RP,1095,988
Carlos Rodriguez,MIL,SP,71.06672666666668,-237.6448053333333,SP,875,989
Félix Bautista,BAL,RP,38.76636933333334,-238.53954133333337,RP,1099,990
Chayce McDermott,BAL,RP,38.71895000000001,-238.5869606666667,RP,1100,991
Luis Peralta,COL,RP,38.499453333333335,-238.80645733333336,RP,1102,992
Kyle Wright,CHC,RP,38.248239999999996,-239.0576706666667,RP,1105,993
Drew Thorpe,CHW,SP,69.6391333333333,-239.0723986666667,SP,886,994
Alex Hoppe,SEA,RP,38.017300000000006,-239.2886106666667,RP,1107,995
Eli Morgan,KCR,RP,37.952706666666664,-239.35320400000003,RP,1108,996
River Ryan,LAD,SP,69.34755333333334,-239.36397866666664,SP,891,997
Zak Kent,STL,RP,37.805672,-239.5002386666667,RP,1109,998
Luis Matos,SFG,RF,62.639003,-239.670681,Batter,931,999
José Suarez,ATL,RP,37.617958666666674,-239.68795200000002,RP,1111,1000
Hyeseong Kim,LAD,2B,55.44603666666666,-239.97522333333336,Batter,979,1001
Drew Sommers,DET,RP,37.090109999999996,-240.21580066666672,RP,1112,1002
Ricky Tiedemann,TOR,SP,68.48304999999999,-240.22848199999999,SP,895,1003
Austin Hedges,CLE,C,33.99794703333333,-240.25194549999998,Batter,1137,1004
Jahmai Jones,DET,RF,61.58562033333334,-240.72406366666667,Batter,940,1005
Liam Hendriks,MIN,RP,36.504443333333334,-240.80146733333336,RP,1113,1006
Rolddy Muñoz,ATL,RP,36.263221333333334,-241.04268933333339,RP,1114,1007
Ryan Loutos,SEA,RP,36.094688,-241.2112226666667,RP,1118,1008
Leo Rivas,SEA,2B,54.009115,-241.412145,Batter,988,1009
Anthony Santander,TOR,OF/DH,60.749301333333335,-241.56038266666667,Batter,944,1010
Yilber Díaz,ARI,RP,35.65828066666666,-241.64763000000005,RP,1121,1011
Carson Seymour,SFG,RP,35.530443333333324,-241.77546733333338,RP,1122,1012
Albert Suárez,BAL,RP,35.231564666666664,-242.07434600000005,RP,1125,1013
Gregory Santos,SFG,RP,35.22905733333334,-242.07685333333336,RP,1126,1014
Lou Trivino,PHI,RP,35.225086000000005,-242.0808246666667,RP,1127,1015
Jonah Tong,NYM,SP,66.51209999999999,-242.199432,SP,906,1016
Quinn Mathews,STL,SP,66.46094999999998,-242.250582,SP,908,1017
Bryan Hoeing,SDP,RP,34.773872666666676,-242.53203800000003,RP,1128,1018
Derek Law,ARI,RP,34.68201266666667,-242.62389800000003,RP,1130,1019
Bryce Teodosio,LAA,CF,59.38963699999999,-242.920047,Batter,956,1020
Josh Ekness,MIA,RP,34.27159999999999,-243.03431066666673,RP,1132,1021
Coleman Crow,MIL,SP,65.52545,-243.18608199999997,SP,916,1022
Ryan Johnson,LAA,RP,34.06201,-243.24390066666672,RP,1136,1023
Kervin Castro,NYY,RP,33.924579333333334,-243.38133133333338,RP,1138,1024
Seth Martinez,BOS,RP,33.887764,-243.4181466666667,RP,1139,1025
Héctor Neris,KCR,RP,33.768262666666665,-243.53764800000005,RP,1141,1026
Jack Neely,CHC,RP,33.64176,-243.6641506666667,RP,1142,1027
Nick Loftin,KCR,LF,58.45122933333334,-243.85845466666666,Batter,964,1028
Scott McGough,,RP,33.290726666666664,-244.01518400000003,RP,1144,1029
Tyson Neighbors,BAL,RP,33.19929,-244.10662066666671,RP,1145,1030
Kai-Wei Teng,HOU,SP,64.56045,-244.15108199999997,SP,919,1031
Jorge Alcala,TOR,RP,33.121723333333335,-244.18418733333337,RP,1148,1032
Michael Helman,TEX,CF,58.11725033333334,-244.19243366666666,Batter,968,1033
Chris Devenski,PIT,RP,33.09790733333333,-244.20800333333338,RP,1149,1034
Victor Mederos,LAA,RP,33.00821933333334,-244.29769133333338,RP,1151,1035
Ramón Urías,,Unknown,100.98668400000001,-244.34019859999995,Batter,736,1036
Sawyer Gipson-Long,DET,SP,64.30355000000002,-244.40798199999995,SP,920,1037
Nick Anderson,ATH,RP,32.881374,-244.4245366666667,RP,1152,1038
Miguel Ullola,HOU,RP,32.86263466666667,-244.44327600000003,RP,1153,1039
Duncan Davitt,CHW,RP,32.850100000000005,-244.4558106666667,RP,1154,1040
Tanner Gordon,COL,SP,64.11558666666666,-244.5959453333333,SP,922,1041
Angel Bastardo,TOR,RP,32.690217999999994,-244.61569266666672,RP,1156,1042
Zack Gelof,ATH,2B,50.70434533333333,-244.7169146666667,Batter,1008,1043
Seth Johnson,PHI,RP,32.49614933333333,-244.80976133333337,RP,1157,1044
Ryan Borucki,CHW,RP,32.31929866666667,-244.98661200000004,RP,1159,1045
Lyon Richardson,CIN,RP,31.950017333333335,-245.35589333333337,RP,1160,1046
Adael Amador,COL,2B,49.900433,-245.52082700000003,Batter,1013,1047
Domingo Gonzalez,SEA,RP,31.691853999999996,-245.6140566666667,RP,1161,1048
Alex Cobb,,SP,62.93801333333332,-245.77351866666666,SP,927,1049
Luis Perales,WSN,SP,62.62899999999999,-246.082532,SP,932,1050
Blade Tidwell,SFG,SP,62.29554999999998,-246.41598199999999,SP,933,1051
Luis Guerrero,TBR,RP,30.76866533333333,-246.53724533333337,RP,1165,1052
Kyle Backhus,PHI,RP,30.73638533333333,-246.5695253333334,RP,1166,1053
Grant Holman,ARI,RP,30.621553333333335,-246.68435733333337,RP,1167,1054
Mason Barnett,ATH,SP,61.97709999999998,-246.734432,SP,935,1055
Gavin Hollowell,CHC,RP,30.505128666666664,-246.80078200000003,RP,1168,1056
Scott Blewett,STL,RP,30.50336066666667,-246.80255000000002,RP,1169,1057
Manuel Rodríguez,TBR,RP,30.48947933333334,-246.81643133333336,RP,1170,1058
T.J. McFarland,,RP,30.153019999999998,-247.1528906666667,RP,1173,1059
Konnor Pilkington,DET,RP,30.14615333333334,-247.15975733333337,RP,1174,1060
Carson Palmquist,COL,RP,30.04737,-247.2585406666667,RP,1176,1061
Carlos Hernández,CLE,RP,29.788478,-247.5174326666667,RP,1180,1062
Garrett Acton,MIA,RP,29.495215333333334,-247.81069533333337,RP,1182,1063
Jonathan Pintaro,NYM,SP,60.7085,-248.00303199999996,SP,945,1064
Jhony Brito,SDP,RP,29.19464066666667,-248.11127000000005,RP,1185,1065
Joe Ross,ARI,RP,29.17217333333333,-248.13373733333339,RP,1186,1066
Sean Guenther,DET,RP,29.07280666666667,-248.23310400000003,RP,1187,1067
Génesis Cabrera,PHI,RP,28.859424000000004,-248.44648666666671,RP,1188,1068
Jonah Heim,ATL,C,25.639849999999996,-248.6100425333333,Batter,1212,1069
Keaton Winn,SFG,SP,60.02855266666668,-248.6829793333333,SP,951,1070
Chase Petty,CIN,SP,59.98595000000002,-248.72558199999997,SP,952,1071
Mitch Spence,KCR,RP,28.154357333333333,-249.15155333333337,RP,1190,1072
Osvaldo Bido,NYY,RP,28.14794333333334,-249.15796733333337,RP,1191,1073
Clarke Schmidt,NYY,SP,59.53945666666667,-249.1720753333333,SP,955,1074
Gavin Stone,LAD,SP,59.3842,-249.32733199999998,SP,957,1075
Alexander Alberto,CHW,RP,27.952149999999996,-249.35376066666672,RP,1192,1076
Philip Abner,ARI,RP,27.57338,-249.73253066666672,RP,1193,1077
John Rave,KCR,RF,52.484764666666656,-249.82491933333336,Batter,997,1078
Gavin Collyer,TEX,RP,27.36471,-249.9412006666667,RP,1194,1079
Sammy Peralta,MIL,RP,27.35530066666666,-249.95061000000004,RP,1195,1080
Joey Gerber,NYM,RP,27.067921999999996,-250.2379886666667,RP,1197,1081
Spencer Miles,TOR,RP,27.0,-250.3059106666667,RP,1198,1082
David Sandlin,CHW,RP,26.84077,-250.4651406666667,RP,1201,1083
Nathaniel Lowe,CIN,1B,94.85767066666669,-250.46921193333327,Batter,769,1084
Jackson Kowar,BAL,RP,26.83244666666666,-250.47346400000004,RP,1202,1085
Gunnar Hoglund,ATH,SP,58.23197333333334,-250.47955866666663,SP,966,1086
Shane Murphy,CHW,RP,26.735169999999993,-250.57074066666672,RP,1203,1087
Cade Povich,BAL,SP,57.97860666666667,-250.7329253333333,SP,969,1088
Kolby Allard,CLE,RP,26.40582066666667,-250.90009000000003,RP,1204,1089
Antonio Senzatela,COL,SP,57.80831999999998,-250.903212,SP,970,1090
Kristian Campbell,BOS,2B,44.46366166666667,-250.95759833333335,Batter,1053,1091
Ildemaro Vargas,ARI,2B,44.158244333333336,-251.2630156666667,Batter,1056,1092
Ryan Lambert,NYM,RP,25.99621,-251.3097006666667,RP,1205,1093
Tanner McDougal,CHW,SP,57.40055000000001,-251.31098199999997,SP,971,1094
Jose Corniell,TEX,RP,25.984957999999995,-251.3209526666667,RP,1206,1095
Tanner Rainey,DET,RP,25.95345933333333,-251.35245133333336,RP,1207,1096
Angel Perdomo,LAA,RP,25.74725066666667,-251.55866000000003,RP,1211,1097
Trevor Stephan,CLE,RP,25.34950733333333,-251.95640333333338,RP,1217,1098
Hunter Strickland,LAA,RP,24.980860000000003,-252.3250506666667,RP,1218,1099
Hayden Wesneski,HOU,SP,56.36135,-252.35018199999996,SP,975,1100
Brycen Mautz,STL,RP,24.916520000000002,-252.3893906666667,RP,1219,1101
Santiago Espinal,LAD,3B,41.82180233333334,-252.88388840000005,Batter,1071,1102
Evan Reifert,TBR,RP,24.39906,-252.9068506666667,RP,1224,1103
Jake Eder,WSN,RP,24.249828000000004,-253.0560826666667,RP,1225,1104
Jose Espada,BAL,RP,24.14767066666667,-253.15824000000003,RP,1226,1105
Riley Adams,WSN,C,21.001311666666663,-253.24858086666666,Batter,1251,1106
Nolan Hoffman,PHI,RP,24.04394933333334,-253.26196133333337,RP,1227,1107
James Karinchak,ATL,RP,23.96465866666667,-253.34125200000003,RP,1228,1108
Ryan Rolison,CHC,RP,23.919533333333334,-253.38637733333337,RP,1229,1109
Emiliano Teodo,TEX,RP,23.917593999999998,-253.3883166666667,RP,1230,1110
Reese McGuire,MIL,C,20.540762,-253.7091305333333,Batter,1258,1111
Eric Cerantola,KCR,RP,23.501242666666666,-253.80466800000005,RP,1232,1112
Pedro Avila,CLE,SP,54.797653333333336,-253.91387866666665,SP,982,1113
Mason Black,KCR,SP,54.6927,-254.01883199999997,SP,984,1114
Wilmer Flores,,1B,91.26798466666666,-254.0588979333333,Batter,780,1115
Vinny Nittoli,BOS,RP,23.03515666666667,-254.27075400000004,RP,1234,1116
Jose Franco,CIN,RP,22.908900666666664,-254.39701000000005,RP,1236,1117
Chris Taylor,LAA,CF,47.89717466666667,-254.41250933333333,Batter,1025,1118
Juan Sanchez,SFG,RP,22.809260000000002,-254.4966506666667,RP,1237,1119
Blaze Alexander,BAL,SS,85.50864000000001,-254.62926040000002,Batter,803,1120
Daison Acosta,SDP,RP,22.60051066666666,-254.70540000000005,RP,1239,1121
Ronan Kopp,LAD,RP,22.24316466666666,-255.06274600000003,RP,1241,1122
Yunior Marte,CIN,RP,22.17211466666667,-255.13379600000005,RP,1243,1123
DJ Herz,WSN,SP,53.44423666666666,-255.26729533333332,SP,992,1124
Jake Bloss,TOR,RP,21.990012000000007,-255.3158986666667,RP,1244,1125
Dom Hamel,NYY,RP,21.717460000000006,-255.5884506666667,RP,1245,1126
Andy Ibáñez,ATH,Unknown,89.49565466666668,-255.8312279333333,Batter,787,1127
Nolan Jones,CLE,RF,46.361276,-255.948408,Batter,1038,1128
Dax Fulton,MIA,RP,21.272646,-256.0332646666667,RP,1249,1129
Andry Lara,WSN,RP,20.918582,-256.3873286666667,RP,1252,1130
Ken Waldichuk,WSN,RP,20.91574,-256.3901706666667,RP,1253,1131
Adam Mazur,MIA,SP,52.25365,-256.457882,SP,1002,1132
Ty Madden,DET,SP,52.0668,-256.644732,SP,1003,1133
Bradley Blalock,MIA,RP,20.428360666666663,-256.87755000000004,RP,1260,1134
DJ LeMahieu,,2B,38.46796033333334,-256.9532996666667,Batter,1103,1135
J.P. France,HOU,RP,20.316679333333337,-256.98923133333335,RP,1261,1136
Gabriel Hughes,COL,RP,20.097349999999995,-257.2085606666667,RP,1264,1137
Tejay Antone,CIN,RP,20.013049999999996,-257.2928606666667,RP,1265,1138
Jeff Criswell,COL,RP,19.882351333333332,-257.4235593333334,RP,1269,1139
Otto Kemp,PHI,1B,87.78553066666667,-257.5413519333333,Batter,796,1140
Brendan Beck,NYY,RP,19.671670000000002,-257.6342406666667,RP,1270,1141
Scott Effross,DET,RP,19.581382666666666,-257.724528,RP,1272,1142
Henry Baez,ATH,RP,19.492475333333335,-257.81343533333336,RP,1273,1143
Pierson Ohl,COL,SP,50.8806,-257.83093199999996,SP,1005,1144
A.J. Causey,ATH,RP,19.211750000000002,-258.0941606666667,RP,1277,1145
Brandon Young,BAL,SP,50.46724999999999,-258.244282,SP,1009,1146
Jhancarlos Lara,ATL,RP,18.946150000000003,-258.3597606666667,RP,1279,1147
Jaden Woods,PIT,RP,18.76757,-258.5383406666667,RP,1280,1148
Dale Stanavich,MIA,RP,18.665239999999997,-258.6406706666667,RP,1281,1149
Randy Dobnak,SEA,RP,18.654577333333332,-258.65133333333335,RP,1282,1150
Josh Staumont,CIN,RP,18.64291066666667,-258.663,RP,1283,1151
Tom Cosgrove,HOU,RP,18.600857333333334,-258.70505333333335,RP,1284,1152
Lucas Sims,CHW,RP,18.586340666666672,-258.71957000000003,RP,1285,1153
Cristian Mena,ARI,SP,49.506049999999995,-259.20548199999996,SP,1015,1154
K.C. Hunt,MIL,RP,18.08663,-259.2192806666667,RP,1292,1155
Reggie Crawford,SFG,RP,17.96036,-259.3455506666667,RP,1295,1156
Zack Thompson,STL,RP,17.885430000000003,-259.4204806666667,RP,1296,1157
Braden Nett,ATH,SP,49.203950000000006,-259.50758199999996,SP,1016,1158
Thomas White,MIA,SP,49.1088,-259.60273199999995,SP,1017,1159
Blas Castaño,SEA,RP,17.641218666666667,-259.66469200000006,RP,1298,1160
George Klassen,LAA,SP,48.7652,-259.946332,SP,1020,1161
Ryder Ryan,LAD,RP,17.23291,-260.0730006666667,RP,1301,1162
Jake Bennett,BOS,RP,17.067520000000002,-260.2383906666667,RP,1303,1163
Wilber Dotel,PIT,RP,16.945051333333335,-260.3608593333334,RP,1304,1164
Alex Jackson,MIN,C,13.855126200000003,-260.3947663333333,Batter,1345,1165
Cam Booser,TBR,RP,16.80582,-260.5000906666667,RP,1305,1166
Mark Canha,TEX,LF,41.768897333333335,-260.5407866666667,Batter,1073,1167
Dominic Smith,,1B,84.70915233333334,-260.6177302666666,Batter,810,1168
Jake Miller,DET,RP,16.613210000000002,-260.6927006666667,RP,1309,1169
Zach Dezenzo,HOU,LF,41.54755933333333,-260.7621246666667,Batter,1075,1170
John Brebbia,COL,RP,16.49348133333333,-260.8124293333334,RP,1310,1171
Taylor Rashi,ARI,RP,16.491797999999996,-260.8141126666667,RP,1311,1172
David Fry,CLE,1B,84.50552466666666,-260.82135793333333,Batter,811,1173
Nick Burdi,NYM,RP,16.415204,-260.8907066666667,RP,1312,1174
Isaiah Campbell,ARI,RP,16.301481000000003,-261.0044296666667,RP,1314,1175
Spencer Turnbull,,SP,47.66317333333334,-261.0483586666666,SP,1026,1176
Leody Taveras,BAL,OF,41.03258833333333,-261.2770956666667,Batter,1082,1177
Chas McCormick,CHC,LF,40.901331,-261.40835300000003,Batter,1083,1178
Abimelec Ortiz,WSN,Unknown,83.81140733333334,-261.5154752666666,Batter,814,1179
Collin Snider,CHC,RP,15.725485333333332,-261.5804253333334,RP,1322,1180
Jett Williams,MIL,Unknown,83.57410666666668,-261.7527759333333,Batter,817,1181
Julian Aguiar,CIN,SP,46.74113,-261.970402,SP,1033,1182
Guillo Zuñiga,SEA,RP,15.269794,-262.0361166666667,RP,1328,1183
Doug Nikhazy,CLE,SP,46.58675,-262.124782,SP,1036,1184
Will Wagner,SDP,3B,32.40471900000001,-262.30097173333337,Batter,1158,1185
Justin Turner,,1B,82.59427900000001,-262.73260359999995,Batter,820,1186
Matt Bowman,MIN,RP,14.491119999999999,-262.8147906666667,RP,1333,1187
Austin Voth,CHW,RP,14.418650000000001,-262.8872606666667,RP,1335,1188
Tate Kuehner,MIL,RP,14.25828,-263.0476306666667,RP,1337,1189
Jake Miller,CLE,RP,14.220632666666665,-263.085278,RP,1339,1190
Dylan Coleman,NYY,RP,14.096156666666667,-263.20975400000003,RP,1342,1191
Carson Whisenhunt,SFG,SP,45.45202333333334,-263.25950866666665,SP,1046,1192
Kohl Drake,ARI,SP,44.97980000000001,-263.73173199999997,SP,1049,1193
Chen Zhong-Ao Zhuang,ATH,RP,13.409119999999998,-263.89679066666673,RP,1349,1194
AJ Smith-Shawver,ATL,RP,13.357818,-263.9480926666667,RP,1351,1195
Andrew Sears,DET,RP,13.278910000000003,-264.0270006666667,RP,1352,1196
Corbin Martin,CHC,RP,13.264984666666665,-264.040926,RP,1353,1197
Blaine Crim,COL,1B,81.14893833333333,-264.17794426666666,Batter,829,1198
Martín Pérez,ATL,SP,44.33678666666668,-264.3747453333333,SP,1055,1199
Jairo Iriarte,CHW,RP,12.733812,-264.5720986666667,RP,1361,1200
Logan Evans,SEA,SP,44.01896,-264.692572,SP,1057,1201
Enrique Hernández,LAD,1B,80.396059,-264.9308236,Batter,835,1202
Joe Rock,TBR,SP,43.674549999999996,-265.03698199999997,SP,1062,1203
Alan Rangel,PHI,SP,43.65294999999999,-265.058582,SP,1063,1204
Francis Pena,SDP,RP,12.228940000000001,-265.0769706666667,RP,1369,1205
Shinnosuke Ogasawara,WSN,RP,12.065302666666668,-265.24060800000007,RP,1376,1206
Joe Mack,MIA,Unknown,80.07773333333334,-265.2491492666666,Batter,838,1207
Tucker Davidson,PHI,RP,11.946242666666668,-265.35966800000006,RP,1377,1208
Kevin Abel,CIN,RP,11.781860666666667,-265.52405000000005,RP,1379,1209
Elmer Rodríguez,NYY,RP,11.27254,-266.0333706666667,RP,1385,1210
Ben Rortvedt,NYM,C,8.141482166666666,-266.10841036666665,Batter,1443,1211
Valente Bellozo,COL,RP,11.140626666666668,-266.16528400000004,RP,1388,1212
Dylan Moore,PHI,2B,29.218517000000002,-266.202743,Batter,1184,1213
Triston Casas,BOS,1B,78.71249433333334,-266.61438826666665,Batter,842,1214
Willie MacIver,TEX,C,7.448307666666665,-266.80158486666664,Batter,1453,1215
Alejandro Osuna,TEX,LF,35.48982433333334,-266.8198596666667,Batter,1123,1216
Josh Fleming,TOR,RP,10.395947333333334,-266.9099633333334,RP,1396,1217
Ryan Mountcastle,BAL,1B,78.41325566666667,-266.9136269333333,Batter,846,1218
Derek Hill,CHW,CF,35.303442999999994,-267.006241,Batter,1124,1219
Walbert Urena,LAA,RP,10.203690000000002,-267.1022206666667,RP,1401,1220
Hobie Harris,BOS,RP,10.189687333333335,-267.1162233333334,RP,1402,1221
Tyler Uberstine,BOS,SP,41.455600000000004,-267.255932,SP,1077,1222
Triston McKenzie,SDP,RP,9.91448533333333,-267.39142533333336,RP,1407,1223
Trevor Gott,WSN,RP,9.71575,-267.5901606666667,RP,1411,1224
Miguel Castro,,RP,9.495492999999998,-267.8104176666667,RP,1416,1225
Matt Thaiss,BOS,C,6.227227266666667,-268.02266526666665,Batter,1478,1226
Austin Peterson,CLE,SP,40.135400000000004,-268.576132,SP,1093,1227
Trevor Williams,WSN,SP,40.07585533333334,-268.63567666666665,SP,1094,1228
Ryan Ritter,COL,SS,71.44875,-268.6891504,Batter,870,1229
Andrew Saalfrank,ARI,RP,8.510779,-268.7951316666667,RP,1436,1230
Isiah Kiner-Falefa,BOS,SS,71.20072366666666,-268.9371767333334,Batter,872,1231
Eli White,ATL,RF,33.182426666666665,-269.1272573333333,Batter,1147,1232
Nick Hernandez,ATH,RP,7.688735333333334,-269.61717533333336,RP,1448,1233
Zach Brzykcy,MIA,RP,7.623341,-269.6825696666667,RP,1450,1234
Joe La Sorsa,PIT,RP,6.521227999999997,-270.7846826666667,RP,1467,1235
Jacob Stallings,BAL,C,3.2448999999999995,-271.00499253333334,Batter,1739,1236
Hans Crouse,BAL,RP,5.643976666666667,-271.66193400000003,RP,1488,1237
Gio Urshela,MIN,3B,22.7614,-271.9442907333334,Batter,1238,1238
Thomas Pannone,MIL,RP,5.1931650000000005,-272.1127456666667,RP,1503,1239
Carl Edwards Jr.,NYM,RP,5.078657333333333,-272.22725333333335,RP,1507,1240
Christian Koss,SFG,2B,23.026470666666665,-272.39478933333334,Batter,1235,1241
Sam Aldegheri,LAA,SP,36.21187333333333,-272.4996586666666,SP,1115,1242
Dane Dunning,SEA,SP,36.19397066666666,-272.51756133333333,SP,1116,1243
Landon Knack,LAD,SP,35.9697,-272.741832,SP,1119,1244
Brandon Leibrandt,CIN,RP,4.466514999999999,-272.8393956666667,RP,1540,1245
Kevin Herget,NYM,RP,4.339713333333333,-272.96619733333335,RP,1548,1246
Adam Kloffenstein,NYY,RP,4.275675,-273.0302356666667,RP,1556,1247
Daniel Robert,PHI,RP,3.9893606666666663,-273.31655000000006,RP,1587,1248
Darren McCaughan,CIN,RP,3.9769400000000004,-273.3289706666667,RP,1589,1249
Jojo Ingrassia,BOS,RP,3.9527049999999995,-273.3532056666667,RP,1592,1250
Kenta Maeda,,RP,3.91006,-273.3958506666667,RP,1594,1251
Humberto Castellanos,,RP,3.894309999999999,-273.4116006666667,RP,1597,1252
Robinson Piña,,RP,3.8940400000000004,-273.4118706666667,RP,1598,1253
Robert Stock,NYM,RP,3.8477,-273.45821066666673,RP,1607,1254
Drew Smyly,,RP,3.8455950000000003,-273.4603156666667,RP,1608,1255
Max Castillo,,RP,3.7743900000000004,-273.5315206666667,RP,1614,1256
Kyle Muller,,RP,3.71418,-273.5917306666667,RP,1626,1257
Wes Parsons,,RP,3.7061450000000002,-273.5997656666667,RP,1629,1258
Brian Van Belle,TBR,RP,3.640115,-273.6657956666667,RP,1648,1259
Travis Bazzana,CLE,Unknown,71.65856533333333,-273.66831726666663,Batter,869,1260
Martín Maldonado,,C,0.5618000000000001,-273.6880925333333,Batter,5231,1261
Bryan Sammons,DET,RP,3.567380000000001,-273.7385306666667,RP,1667,1262
Cody Poteet,,RP,3.5134799999999995,-273.7924306666667,RP,1671,1263
Nathan Wiles,,RP,3.507035,-273.79887566666673,RP,1674,1264
Bryce Jarvis,ARI,RP,3.5064313333333335,-273.79947933333335,RP,1675,1265
Justin Armbruester,NYM,RP,3.5053300000000003,-273.8005806666667,RP,1676,1266
Zach Logue,,RP,3.4502300000000004,-273.85568066666673,RP,1687,1267
Antonio Santos,,RP,3.40788,-273.8980306666667,RP,1698,1268
Mitch Farris,LAA,SP,34.738166666666665,-273.97336533333333,SP,1129,1269
Trevor Martin,TBR,RP,3.318245,-273.9876656666667,RP,1718,1270
Hunter Stanley,CLE,RP,3.2657149999999997,-274.0401956666667,RP,1734,1271
Tommy Henry,ARI,RP,3.2540399999999994,-274.05187066666673,RP,1736,1272
Mitch White,,RP,3.244895,-274.0610156666667,RP,1740,1273
Cory Abbott,,RP,3.1326499999999995,-274.1732606666667,RP,1770,1274
Gerson Garabito,MIL,RP,3.115785,-274.1901256666667,RP,1777,1275
Jimmy Joyce,SEA,RP,3.112565,-274.1933456666667,RP,1778,1276
Jordan Lyles,,RP,3.1016350000000004,-274.2042756666667,RP,1786,1277
Connor Lunn,,RP,3.0941850000000013,-274.2117256666667,RP,1787,1278
Shaun Anderson,LAA,RP,3.0858549999999996,-274.2200556666667,RP,1791,1279
Paul DeJong,NYY,3B,20.481468266666663,-274.22422246666673,Batter,1259,1280
Omar Cruz,SDP,RP,3.058085,-274.2478256666667,RP,1799,1281
Blane Abeyta,,RP,3.0348249999999997,-274.2710856666667,RP,1806,1282
Collin Wiles,,RP,3.0254250000000003,-274.2804856666667,RP,1812,1283
Christian Roa,HOU,RP,3.0125049999999995,-274.29340566666673,RP,1817,1284
Tanner Franklin,STL,RP,3.0,-274.3059106666667,RP,1830,1285
Chase Mobley,CLE,RP,3.0,-274.3059106666667,RP,1832,1286
Alex Cook,TBR,RP,2.9918850000000003,-274.3140256666667,RP,1834,1287
Brandon Bielak,,RP,2.9732350000000003,-274.3326756666667,RP,1842,1288
Randy Rodríguez,SFG,RP,2.9640900000000006,-274.3418206666667,RP,1845,1289
Carson Ragsdale,,RP,2.9498599999999997,-274.3560506666667,RP,1853,1290
Forrest Whitley,,RP,2.944185,-274.3617256666667,RP,1855,1291
Nick Mondak,,RP,2.9328200000000004,-274.3730906666667,RP,1859,1292
Luke Craig,ARI,RP,2.9219730000000004,-274.3839376666667,RP,1866,1293
JJ Goss,ATH,RP,2.91681,-274.3891006666667,RP,1869,1294
Connor Thomas,ATL,RP,2.9141149999999993,-274.3917956666667,RP,1872,1295
Hunter Cranton,ARI,RP,2.886615,-274.4192956666667,RP,1885,1296
Ronny Henriquez,MIA,RP,2.8801049999999995,-274.4258056666667,RP,1886,1297
Wil Jensen,,RP,2.875755,-274.4301556666667,RP,1889,1298
Saul Garcia,NYM,RP,2.85579,-274.4501206666667,RP,1901,1299
Nick Nelson,,RP,2.8503300000000005,-274.4555806666667,RP,1903,1300
Rylan Kaufman,CHW,RP,2.84163,-274.4642806666667,RP,1910,1301
Kyle Virbitsky,,RP,2.82068,-274.4852306666667,RP,1925,1302
Luis Garcia,HOU,SP,34.22477666666666,-274.4867553333333,SP,1133,1303
Ty Johnson,TBR,SP,34.21095999999999,-274.500572,SP,1134,1304
Glenn Otto Jr.,HOU,RP,2.792089999999999,-274.51382066666673,RP,1946,1305
Garrett Davila,,RP,2.7886300000000004,-274.5172806666667,RP,1947,1306
Mike Clevinger,PIT,SP,34.178200000000004,-274.533332,SP,1135,1307
Thaddeus Ward,,RP,2.7687099999999996,-274.5372006666667,RP,1957,1308
Josimar Cousin,,RP,2.7677250000000004,-274.5381856666667,RP,1959,1309
Roel Garcia III,TBR,RP,2.752015,-274.5538956666667,RP,1966,1310
Johan Simon,DET,RP,2.7491500000000006,-274.5567606666667,RP,1968,1311
Leonard Garcia,LAA,RP,2.7467749999999995,-274.5591356666667,RP,1970,1312
Andrew Dutkanych IV,STL,RP,2.7333300000000005,-274.5725806666667,RP,1978,1313
David Buchanan,,RP,2.73146,-274.5744506666667,RP,1979,1314
Michael Fowler,MIL,RP,2.73,-274.5759106666667,RP,1980,1315
Kyle Barraclough,,RP,2.7258799999999996,-274.5800306666667,RP,1982,1316
Jake Woodford,TBR,RP,2.713115,-274.5927956666667,RP,1988,1317
Michael Mariot,,RP,2.7116800000000008,-274.5942306666667,RP,1989,1318
Josh Winckowski,TOR,RP,2.6982799999999996,-274.6076306666667,RP,1998,1319
Kyle Jones,MIN,RP,2.69163,-274.61428066666673,RP,2004,1320
Jordi Martinez,,RP,2.6814099999999996,-274.6245006666667,RP,2008,1321
Chris Vallimont,,RP,2.6621799999999998,-274.6437306666667,RP,2018,1322
Wilian Bormie,TEX,RP,2.653725,-274.6521856666667,RP,2025,1323
Dinelson Lamet,,RP,2.644305,-274.66160566666673,RP,2029,1324
Kyle McGowin,,RP,2.6423549999999993,-274.6635556666667,RP,2030,1325
Noah Davis,PIT,RP,2.63511,-274.6708006666667,RP,2035,1326
Blaine Knight,,RP,2.62275,-274.6831606666667,RP,2041,1327
Luis Vargas,ATL,RP,2.615895,-274.6900156666667,RP,2047,1328
Fernando Sanchez,SDP,RP,2.6089350000000002,-274.69697566666673,RP,2050,1329
Freddy Tarnok,,RP,2.6013349999999997,-274.7045756666667,RP,2055,1330
Cole Percival,MIN,RP,2.5917649999999997,-274.7141456666667,RP,2061,1331
Josh Rojas,KCR,3B,19.98508166666667,-274.7206090666667,Batter,1266,1332
Tyler Woessner,,RP,2.5800349999999996,-274.7258756666667,RP,2067,1333
Taylor Widener,,RP,2.5550599999999997,-274.7508506666667,RP,2078,1334
Alix Hernandez,SFG,RP,2.5492500000000002,-274.75666066666673,RP,2084,1335
Diosmerky Taveras,,RP,2.547005,-274.7589056666667,RP,2087,1336
Josh Winder,,RP,2.5437749999999997,-274.7621356666667,RP,2091,1337
Ryan Burr,TOR,RP,2.5387250000000003,-274.7671856666667,RP,2095,1338
Emmanuel Clase,CLE,RP,2.535756,-274.7701546666667,RP,2096,1339
Codi Heuer,CLE,RP,2.52347,-274.78244066666673,RP,2108,1340
Nick Kahle,,RP,2.520597,-274.7853136666667,RP,2109,1341
Andy Weber,,RP,2.52,-274.7859106666667,RP,2110,1342
Warming Bernabel,WSN,3B,19.910421000000003,-274.7952697333334,Batter,1267,1343
Carson Fulmer,,RP,2.5077800000000003,-274.7981306666667,RP,2121,1344
J.B. Bukauskas,MIL,RP,2.49062,-274.8152906666667,RP,2135,1345
Nick Garcia,,RP,2.4868449999999998,-274.8190656666667,RP,2138,1346
Cam Alldred,,RP,2.4825049999999997,-274.8234056666667,RP,2139,1347
Edgar Portes,BAL,RP,2.4734249999999998,-274.8324856666667,RP,2143,1348
Jonathan Heasley,KCR,RP,2.4727250000000005,-274.8331856666667,RP,2144,1349
Shelby Miller,CHC,RP,2.4681949999999997,-274.8377156666667,RP,2147,1350
Mauricio Llovera,,RP,2.4627250000000003,-274.8431856666667,RP,2150,1351
José Castillo,,RP,2.4616599999999997,-274.8442506666667,RP,2152,1352
Misael Tamarez,SDP,RP,2.4591899999999995,-274.8467206666667,RP,2154,1353
Daniel Corniel,MIL,RP,2.4560200000000005,-274.8498906666667,RP,2156,1354
Pedro Da Costa Lemos,SEA,RP,2.45505,-274.8508606666667,RP,2158,1355
Joe Kelly,,RP,2.4537205,-274.85219016666673,RP,2161,1356
Austin Troesser,NYM,RP,2.4479300000000004,-274.8579806666667,RP,2164,1357
Sam Gardner,,RP,2.447925,-274.8579856666667,RP,2165,1358
Robert Gsellman,,RP,2.44755,-274.8583606666667,RP,2166,1359
Ivan Oviedo,,RP,2.4443200000000003,-274.8615906666667,RP,2171,1360
Jake Cousins,,RP,2.4412719999999997,-274.8646386666667,RP,2174,1361
Josh Maciejewski,,RP,2.44018,-274.8657306666667,RP,2177,1362
Ignacio Feliz,,RP,2.430764999999999,-274.8751456666667,RP,2184,1363
Tristan Stevens,MIA,RP,2.4293900000000006,-274.8765206666667,RP,2186,1364
Daniel Duarte,NYM,RP,2.4280850000000003,-274.8778256666667,RP,2187,1365
John Rooney,TBR,RP,2.422805,-274.8831056666667,RP,2188,1366
Alimber Santa,HOU,RP,2.4106450000000006,-274.8952656666667,RP,2194,1367
Yency Almonte,,RP,2.4092599999999997,-274.8966506666667,RP,2197,1368
Daniel Hudson,,RP,2.4015445,-274.9043661666667,RP,2203,1369
Ryan Verdugo,HOU,RP,2.4000000000000004,-274.9059106666667,RP,2204,1370
Patrick Monteverde,MIA,RP,2.394065000000001,-274.9118456666667,RP,2213,1371
Lisandro Almonte,CHC,RP,2.3936400000000004,-274.9122706666667,RP,2215,1372
Zach Thompson,,RP,2.3878450000000004,-274.9180656666667,RP,2219,1373
Wade Miley,,SP,33.78918,-274.922352,SP,1140,1374
Logan Gillaspie,SDP,RP,2.3799599999999996,-274.9259506666667,RP,2222,1375
Nicolas Herold,,RP,2.37045,-274.9354606666667,RP,2227,1376
Keynan Middleton,,RP,2.3563945,-274.9495161666667,RP,2235,1377
Julian Merryweather,MIN,RP,2.3439925,-274.9619181666667,RP,2237,1378
José Quijada,,RP,2.3262725,-274.9796381666667,RP,2247,1379
José Cisnero,,RP,2.320373,-274.9855376666667,RP,2254,1380
Hagen Danner,CIN,RP,2.3119349999999996,-274.9939756666667,RP,2263,1381
Joe Mantiply,,RP,2.3082274999999997,-274.9976831666667,RP,2267,1382
Kyle Crick,,RP,2.307775,-274.9981356666667,RP,2268,1383
Deivi García,,RP,2.30537,-275.0005406666667,RP,2269,1384
Ken Giles,,RP,2.3049195,-275.0009911666667,RP,2271,1385
Logan Rinehart,,RP,2.3045849999999994,-275.00132566666673,RP,2273,1386
Manuel Castro,SDP,RP,2.2971150000000002,-275.0087956666667,RP,2276,1387
Dedniel Núñez,NYM,RP,2.2849900000000005,-275.0209206666667,RP,2284,1388
Ryan Jennings,TOR,RP,2.27177,-275.0341406666667,RP,2290,1389
JT Chargois,,RP,2.2652265,-275.0406841666667,RP,2294,1390
Victor Castaneda,,RP,2.2564499999999996,-275.04946066666673,RP,2301,1391
Carter Lovasz,ATL,RP,2.25,-275.0559106666667,RP,2305,1392
Andrew Suárez,,RP,2.245005,-275.0609056666667,RP,2307,1393
Patrick Wicklander,,RP,2.24392,-275.0619906666667,RP,2310,1394
Jesus Cruz,,RP,2.241635,-275.06427566666673,RP,2311,1395
Dominic Leone,,RP,2.2329725,-275.0729381666667,RP,2321,1396
Angel Macuare,,RP,2.230545,-275.0753656666667,RP,2327,1397
Ben Heller,CHC,RP,2.2234199999999995,-275.08249066666673,RP,2333,1398
Matt Andriese,,RP,2.2120200000000003,-275.0938906666667,RP,2339,1399
Joely Rodríguez,BOS,RP,2.2031885,-275.1027221666667,RP,2342,1400
Drew Strotman,,RP,2.2025799999999993,-275.1033306666667,RP,2344,1401
Joel Valdez,CIN,RP,2.198965,-275.1069456666667,RP,2349,1402
Jeff Lindgren,,RP,2.1950700000000003,-275.1108406666667,RP,2350,1403
Trey Wingenter,,RP,2.19304,-275.1128706666667,RP,2355,1404
Connor Seabold,TOR,RP,2.1901650000000004,-275.1157456666667,RP,2361,1405
Adam Ottavino,,RP,2.188514,-275.1173966666667,RP,2362,1406
Wilson Esterlin,,RP,2.18729,-275.1186206666667,RP,2364,1407
Ian Anderson,,RP,2.1844799999999998,-275.1214306666667,RP,2365,1408
Tyler Matzek,,RP,2.1829734999999997,-275.1229371666667,RP,2367,1409
Kyle Hill,,RP,2.1796349999999998,-275.1262756666667,RP,2370,1410
Owen White,,RP,2.1776600000000004,-275.1282506666667,RP,2371,1411
Austin Aldeano,,RP,2.1758650000000004,-275.1300456666667,RP,2372,1412
Tyler Cleveland,SEA,RP,2.17464,-275.1312706666667,RP,2373,1413
Jackson Stephens,,RP,2.172005,-275.1339056666667,RP,2379,1414
Tanner Tully,,RP,2.1662050000000006,-275.1397056666667,RP,2381,1415
Mark Manfredi,MIL,RP,2.16347,-275.1424406666667,RP,2383,1416
Peter Solomon,,RP,2.15896,-275.1469506666667,RP,2385,1417
Zach Penrod,WSN,RP,2.15835,-275.1475606666667,RP,2386,1418
Austin Emener,COL,RP,2.1540399999999993,-275.1518706666667,RP,2387,1419
Angel Tejada,,RP,2.142858,-275.1630526666667,RP,2397,1420
Austin Adams,,RP,2.140072,-275.16583866666673,RP,2398,1421
Alex Young,CIN,RP,2.13808,-275.1678306666667,RP,2401,1422
Wyatt Cheney,,RP,2.1346249999999998,-275.1712856666667,RP,2402,1423
Nick Davila,SEA,RP,2.13403,-275.1718806666667,RP,2403,1424
Logan Allen,,RP,2.1304250000000002,-275.1754856666667,RP,2406,1425
David Robertson,,RP,2.12548,-275.1804306666667,RP,2408,1426
Easton Sikorski,CIN,RP,2.1215399999999995,-275.1843706666667,RP,2409,1427
Jake Diekman,,RP,2.1175264999999994,-275.1883841666667,RP,2415,1428
Jarret Whorff,MIN,RP,2.114265,-275.1916456666667,RP,2418,1429
Erik Swanson,,RP,2.1135450000000002,-275.1923656666667,RP,2419,1430
Inohan Paniagua,DET,RP,2.112034999999999,-275.1938756666667,RP,2421,1431
Kent Emanuel,,RP,2.1107700000000005,-275.1951406666667,RP,2422,1432
Chris Villaman,,RP,2.105205,-275.2007056666667,RP,2427,1433
Kirby Snead,,RP,2.101348,-275.20456266666673,RP,2431,1434
Ben Madison,,RP,2.10063,-275.2052806666667,RP,2432,1435
Jean Walters,ARI,RP,2.096679,-275.2092316666667,RP,2436,1436
Randy Wynne,,RP,2.0918749999999995,-275.2140356666667,RP,2439,1437
Cole Waites,DET,RP,2.090887,-275.2150236666667,RP,2441,1438
Houston Harding,LAA,RP,2.08873,-275.2171806666667,RP,2443,1439
Daniel Federman,BAL,RP,2.0879049999999997,-275.2180056666667,RP,2445,1440
Jimmy Robbins,,RP,2.087875,-275.2180356666667,RP,2446,1441
Carlos Duran,LAD,RP,2.07975,-275.2261606666667,RP,2452,1442
Wil Crowe,,RP,2.0686599999999995,-275.2372506666667,RP,2460,1443
Raul Brito,MIN,RP,2.0662999999999996,-275.2396106666667,RP,2461,1444
Beau Sulser,,RP,2.064945,-275.2409656666667,RP,2463,1445
Garrett Hill,,RP,2.0644299999999998,-275.2414806666667,RP,2465,1446
Joey Volini,MIA,RP,2.04999,-275.2559206666667,RP,2475,1447
Brooks Wilson,,RP,2.0407499999999996,-275.2651606666667,RP,2479,1448
Sam McWilliams,,RP,2.0374899999999996,-275.2684206666667,RP,2483,1449
Adam Cimber,,RP,2.032828,-275.2730826666667,RP,2487,1450
Corey Knebel,,RP,2.030942,-275.2749686666667,RP,2489,1451
Bryan Mata,,RP,2.0306450000000003,-275.2752656666667,RP,2490,1452
Franck De La Rosa,,RP,2.0241950000000006,-275.2817156666667,RP,2492,1453
Houston Roth,,RP,2.0216499999999997,-275.2842606666667,RP,2493,1454
Roansy Contreras,,RP,2.0196899999999998,-275.2862206666667,RP,2495,1455
Luis Gastelum,STL,RP,2.0177300000000002,-275.2881806666667,RP,2497,1456
Will Bednar,SFG,RP,2.0134299999999996,-275.29248066666673,RP,2501,1457
Tyler Chatwood,,RP,2.0078605000000005,-275.2980501666667,RP,2505,1458
Naoyuki Uwasawa,,RP,2.00481,-275.3011006666667,RP,2506,1459
Nick Merkel,MIL,RP,2.0040449999999996,-275.3018656666667,RP,2507,1460
Jon Olsen,NYY,RP,2.0000100000000005,-275.30590066666673,RP,2510,1461
Derek Clark,LAA,RP,2.0,-275.3059106666667,RP,2512,1462
Jacob Remily,CLE,RP,2.0,-275.3059106666667,RP,2513,1463
Bryce Montes de Oca,WSN,RP,1.996648,-275.3092626666667,RP,2515,1464
Kendeglys Virguez,CLE,RP,1.9923250000000006,-275.3135856666667,RP,2517,1465
Matt McShane,BOS,RP,1.9921599999999997,-275.3137506666667,RP,2518,1466
Luis Ortiz,,RP,1.9858349999999998,-275.3200756666667,RP,2521,1467
Nate Garkow,TOR,RP,1.9692500000000002,-275.3366606666667,RP,2532,1468
Andrew Wantz,TBR,RP,1.9691599999999998,-275.3367506666667,RP,2533,1469
Jonah Scolaro,,RP,1.9688500000000002,-275.33706066666673,RP,2534,1470
Cody Morris,,RP,1.9613099999999997,-275.3446006666667,RP,2541,1471
Juan De Los Santos,BAL,RP,1.947775,-275.3581356666667,RP,2546,1472
Charlie Beilenson,SEA,RP,1.9465800000000002,-275.3593306666667,RP,2547,1473
Kyle Nelson,ARI,RP,1.9464590000000002,-275.3594516666667,RP,2548,1474
Luis Hernandez,,RP,1.9460149999999994,-275.3598956666667,RP,2550,1475
Packy Naughton,STL,RP,1.945675,-275.3602356666667,RP,2551,1476
José Marte,NYM,RP,1.9422400000000004,-275.3636706666667,RP,2553,1477
Touki Toussaint,,RP,1.9383250000000003,-275.3675856666667,RP,2554,1478
Jake Wong,,RP,1.9381449999999993,-275.3677656666667,RP,2555,1479
Nick Krauth,TEX,RP,1.9362550000000005,-275.3696556666667,RP,2557,1480
Heath Hembree,,RP,1.928819,-275.37709166666673,RP,2563,1481
Gunner Mayer,SEA,RP,1.928595,-275.37731566666673,RP,2564,1482
Trevor Brigden,,RP,1.923175,-275.3827356666667,RP,2570,1483
Austin Gomber,TEX,SP,33.3283,-275.38323199999996,SP,1143,1484
Drew Christo,ATL,RP,1.92,-275.3859106666667,RP,2572,1485
Aneurys Zabala,LAA,RP,1.9133799999999992,-275.3925306666667,RP,2576,1486
Charlie Condon,COL,Unknown,69.92530433333333,-275.40157826666666,Batter,881,1487
Mason Nichols,TBR,RP,1.9000000000000004,-275.4059106666667,RP,2583,1488
Brady Feigl,,RP,1.8984200000000002,-275.4074906666667,RP,2584,1489
Daniel Camarena,,RP,1.8863799999999997,-275.41953066666673,RP,2589,1490
Angel Hernandez,,RP,1.8800099999999995,-275.4259006666667,RP,2599,1491
Ricardo Pinto,,RP,1.878005,-275.42790566666673,RP,2600,1492
Juan Sanchez,,RP,1.87134,-275.43457066666673,RP,2607,1493
Yolmer Sánchez,LAA,RP,1.868268,-275.4376426666667,RP,2610,1494
Yacksel Ríos,CHC,RP,1.8612700000000002,-275.4446406666667,RP,2614,1495
Brayan De Paula,,RP,1.86082,-275.4450906666667,RP,2615,1496
Jake Clemente,MIA,RP,1.8600000000000003,-275.4459106666667,RP,2618,1497
Elijah Dale,SEA,RP,1.8524500000000002,-275.45346066666673,RP,2623,1498
James Norwood,NYY,RP,1.8509399999999998,-275.4549706666667,RP,2625,1499
Darwinzon Hernández,,RP,1.8503600000000002,-275.4555506666667,RP,2626,1500
Eligio Paredes,,RP,1.8480050000000001,-275.4579056666667,RP,2629,1501
Michael Cuevas,,RP,1.847235,-275.4586756666667,RP,2631,1502
Jason Woodward,MIL,RP,1.8428699999999996,-275.4630406666667,RP,2633,1503
Phil Fox,CHW,RP,1.829265,-275.4766456666667,RP,2641,1504
Will Christophersen,,RP,1.82841,-275.4775006666667,RP,2642,1505
Joseph Menefee,CIN,RP,1.8258699999999999,-275.4800406666667,RP,2646,1506
Bradley Brehmer,BAL,RP,1.8227099999999996,-275.48320066666673,RP,2648,1507
M.D. Johnson,,RP,1.8224100000000005,-275.4835006666667,RP,2649,1508
Jesus Flores,MIL,RP,1.8196050000000001,-275.4863056666667,RP,2651,1509
Frank German,,RP,1.8186600000000006,-275.4872506666667,RP,2652,1510
Andrew Moore,SDP,RP,1.8140349999999996,-275.4918756666667,RP,2655,1511
Penn Murfee,,RP,1.8125204999999998,-275.4933901666667,RP,2656,1512
Micah Ashman,BAL,RP,1.81012,-275.4957906666667,RP,2659,1513
Brian Moran,,RP,1.8035949999999996,-275.50231566666673,RP,2662,1514
Wyatt Olds,BOS,RP,1.80117,-275.5047406666667,RP,2664,1515
Luis González,,RP,1.7986300000000002,-275.5072806666667,RP,2668,1516
Jhonathan Díaz,SEA,RP,1.78702,-275.5188906666667,RP,2673,1517
Trent Harris,SFG,RP,1.78443,-275.5214806666667,RP,2674,1518
Jesse Hahn,TOR,RP,1.7836999999999998,-275.5222106666667,RP,2676,1519
Zac Kristofak,,RP,1.7818650000000005,-275.5240456666667,RP,2677,1520
Miguel Del Pozo,,RP,1.77994,-275.5259706666667,RP,2678,1521
Tyler Cyr,,RP,1.7786199999999999,-275.5272906666667,RP,2679,1522
Jeremy Wu-Yelland,BOS,RP,1.7706699999999995,-275.5352406666667,RP,2688,1523
Wander Guante,,RP,1.7660550000000006,-275.5398556666667,RP,2697,1524
Matt Bush,,RP,1.76514,-275.54077066666673,RP,2698,1525
Michael Rucker,SEA,RP,1.7555350000000003,-275.5503756666667,RP,2706,1526
Shawn Dubin,ARI,RP,1.75201,-275.5539006666667,RP,2707,1527
Oliver Ortega,,RP,1.7511050000000001,-275.5548056666667,RP,2708,1528
Irv Carter,TOR,RP,1.7476049999999999,-275.5583056666667,RP,2710,1529
Yendy Gomez,DET,RP,1.7466649999999997,-275.5592456666667,RP,2711,1530
Isaiah Coupet,COL,RP,1.74361,-275.5623006666667,RP,2713,1531
Rowan Wick,SFG,RP,1.7422799999999998,-275.5636306666667,RP,2714,1532
Andrés Machado,,RP,1.73918,-275.56673066666673,RP,2715,1533
Xzavion Curry,,RP,1.7383749999999996,-275.5675356666667,RP,2716,1534
Dylan Tebrake,WSN,RP,1.7317200000000001,-275.5741906666667,RP,2720,1535
Ryan Pressly,,RP,1.7312599999999998,-275.5746506666667,RP,2721,1536
Liam Rocha,,RP,1.7307199999999998,-275.5751906666667,RP,2722,1537
Jaylen Nowlin,MIN,RP,1.7277449999999996,-275.5781656666667,RP,2724,1538
Alejandro Melean,,RP,1.7263949999999997,-275.5795156666667,RP,2726,1539
Ryan Miller,COL,RP,1.7259250000000002,-275.5799856666667,RP,2727,1540
Jeremy Beasley,,RP,1.7201999999999997,-275.5857106666667,RP,2730,1541
Ben Hernandez,SEA,RP,1.7156650000000002,-275.5902456666667,RP,2733,1542
Steven Pérez,CLE,RP,1.714165,-275.5917456666667,RP,2736,1543
Colby Langford,HOU,RP,1.7135849999999997,-275.5923256666667,RP,2738,1544
Brad Wieck,,RP,1.7031299999999998,-275.6027806666667,RP,2748,1545
David Price,,RP,1.7015200000000006,-275.6043906666667,RP,2749,1546
Víctor Arano,WSN,RP,1.6990199999999998,-275.6068906666667,RP,2751,1547
Joe Glassey,BAL,RP,1.6936700000000007,-275.6122406666667,RP,2754,1548
Sean Doolittle,,RP,1.6923399999999997,-275.6135706666667,RP,2756,1549
McCade Brown,COL,SP,33.09606666666666,-275.6154653333333,SP,1150,1550
Wilking Rodríguez,,RP,1.6898874999999998,-275.6160231666667,RP,2757,1551
Christian Montes De Oca,ARI,RP,1.68774,-275.6181706666667,RP,2758,1552
Nick Duron,,RP,1.6853999999999996,-275.6205106666667,RP,2761,1553
Angel Felipe,,RP,1.6813715000000002,-275.6245391666667,RP,2764,1554
Anthony Bass,,RP,1.67982,-275.6260906666667,RP,2765,1555
Franny Cobos,,RP,1.6735149999999999,-275.6323956666667,RP,2767,1556
James Naile,,RP,1.6731800000000001,-275.6327306666667,RP,2769,1557
Garrett Schoenle,CHW,RP,1.6727049999999997,-275.6332056666667,RP,2770,1558
Chase Gockel,,RP,1.6697759999999997,-275.6361346666667,RP,2775,1559
Sandro Santana,ARI,RP,1.6693250000000004,-275.6365856666667,RP,2776,1560
Nick Morreale,,RP,1.6676950000000004,-275.6382156666667,RP,2778,1561
Cody Stashak,,RP,1.665575,-275.6403356666667,RP,2781,1562
Kyle Scott,CLE,RP,1.6652050000000005,-275.6407056666667,RP,2782,1563
José Lopez,,RP,1.6621199999999996,-275.6437906666667,RP,2785,1564
McKinley Moore,,RP,1.6611495,-275.6447611666667,RP,2787,1565
Taylor Hearn,,RP,1.6603,-275.6456106666667,RP,2789,1566
Jack Cebert,NYY,RP,1.6600000000000001,-275.6459106666667,RP,2790,1567
Shane Greene,,RP,1.65752,-275.6483906666667,RP,2793,1568
Michael Walsh,PIT,RP,1.6566400000000003,-275.6492706666667,RP,2794,1569
Daniel Lloyd,BAL,RP,1.656105,-275.6498056666667,RP,2795,1570
Sean Reid-Foley,ATL,RP,1.6554265000000004,-275.65048416666673,RP,2796,1571
Tyler Jay,MIL,RP,1.6546149999999997,-275.6512956666667,RP,2797,1572
Jonah Hurney,CIN,RP,1.6538400000000002,-275.6520706666667,RP,2798,1573
J.C. Mejía,,RP,1.6532199999999997,-275.65269066666673,RP,2799,1574
Brendan Cellucci,TOR,RP,1.6522549999999998,-275.6536556666667,RP,2801,1575
Todd Kniebbe,BAL,RP,1.6500000000000004,-275.6559106666667,RP,2802,1576
Danny Watson,NYY,RP,1.6492050000000003,-275.6567056666667,RP,2803,1577
Josh Sanders,TEX,RP,1.64845,-275.6574606666667,RP,2805,1578
Miguel Mesa,BAL,RP,1.6473600000000004,-275.6585506666667,RP,2806,1579
Luis Torres,TOR,RP,1.647335,-275.6585756666667,RP,2807,1580
Nic Enright,TOR,RP,1.645095,-275.6608156666667,RP,2808,1581
Max Kranick,,RP,1.6441649999999997,-275.6617456666667,RP,2809,1582
Kodi Whitley,TBR,RP,1.6439850000000003,-275.6619256666667,RP,2810,1583
Larson Kindreich,TEX,RP,1.64148,-275.6644306666667,RP,2811,1584
Hunter Hayes,STL,RP,1.6412600000000004,-275.6646506666667,RP,2812,1585
Alan Busenitz,,RP,1.6393400000000005,-275.6665706666667,RP,2815,1586
Manny Banuelos,,RP,1.6384200000000002,-275.6674906666667,RP,2817,1587
Brailin Rodriguez,,RP,1.6352649999999997,-275.6706456666667,RP,2821,1588
Peyton Alford,SEA,RP,1.6338199999999998,-275.6720906666667,RP,2822,1589
Austin Pruitt,ATH,RP,1.6300700000000004,-275.6758406666667,RP,2828,1590
Anderson Espinoza,,RP,1.6298000000000004,-275.6761106666667,RP,2829,1591
Conor Steinbaugh,,RP,1.62972,-275.6761906666667,RP,2830,1592
Patrick Maybach,,RP,1.6286499999999995,-275.6772606666667,RP,2831,1593
Mason Thompson,TEX,RP,1.6281875000000001,-275.6777231666667,RP,2832,1594
Joe Jacques,NYM,RP,1.6272799999999998,-275.6786306666667,RP,2833,1595
Benito Garcia,STL,RP,1.626715,-275.6791956666667,RP,2836,1596
Brent Francisco,MIN,RP,1.6263300000000003,-275.6795806666667,RP,2837,1597
Jack O'Loughlin,,RP,1.6229550000000001,-275.6829556666667,RP,2842,1598
Eiver Espinoza,,RP,1.6217065,-275.6842041666667,RP,2844,1599
Rafael Dolis,,RP,1.6216199999999998,-275.6842906666667,RP,2845,1600
Sauryn Lao,,RP,1.61838,-275.6875306666667,RP,2848,1601
Wyatt Lunsford-Shenkman,SEA,RP,1.614287,-275.6916236666667,RP,2851,1602
Lucas Luetge,,RP,1.6142349999999999,-275.6916756666667,RP,2853,1603
Zach McAllister,,RP,1.6141399999999997,-275.6917706666667,RP,2854,1604
Hector Perez,,RP,1.61198,-275.6939306666667,RP,2857,1605
Matt Russell,,RP,1.6061100000000006,-275.6998006666667,RP,2864,1606
Kade Bragg,MIA,RP,1.6043900000000002,-275.7015206666667,RP,2866,1607
Jay Jackson,,RP,1.603335,-275.7025756666667,RP,2867,1608
Chasen Shreve,,RP,1.6011200000000003,-275.7047906666667,RP,2868,1609
Matthew Helwig,,RP,1.6000100000000002,-275.7059006666667,RP,2870,1610
Angelo Smith,LAA,RP,1.5999999999999996,-275.7059106666667,RP,2871,1611
Joseph King,STL,RP,1.5937100000000002,-275.7122006666667,RP,2875,1612
Zack Burdi,,RP,1.5910399999999998,-275.7148706666667,RP,2876,1613
Yoan López,,RP,1.59052,-275.7153906666667,RP,2877,1614
Jarlín García,,RP,1.5901200000000002,-275.7157906666667,RP,2879,1615
Barrett Loseke,NYY,RP,1.5888800000000003,-275.7170306666667,RP,2881,1616
Jhon Romero,,RP,1.5885800000000005,-275.7173306666667,RP,2882,1617
Alfred Vega,,RP,1.5849350000000002,-275.72097566666673,RP,2885,1618
Paulshawn Pasqualotto,MIN,RP,1.58391,-275.7220006666667,RP,2887,1619
David Bracho,CHC,RP,1.58386,-275.7220506666667,RP,2888,1620
Brad Hand,,RP,1.58144,-275.7244706666667,RP,2889,1621
Tommy Eveld,,RP,1.5760399999999999,-275.7298706666667,RP,2893,1622
Jesús Broca,MIL,RP,1.5755949999999999,-275.7303156666667,RP,2895,1623
Austin Pope,ATL,RP,1.5745650000000002,-275.7313456666667,RP,2896,1624
Steve Cishek,,RP,1.5742000000000003,-275.7317106666667,RP,2897,1625
Michael Giacone,,RP,1.5731799999999998,-275.7327306666667,RP,2899,1626
Curtis Washington Jr.,SEA,RP,1.5728039999999996,-275.7331066666667,RP,2901,1627
Aaron McGarity,,RP,1.572525,-275.7333856666667,RP,2902,1628
Myles Gayman,,RP,1.5710149999999996,-275.7348956666667,RP,2903,1629
Joel Kuhnel,ATH,RP,1.5682800000000001,-275.7376306666667,RP,2905,1630
Javier Chacon,SDP,RP,1.56775,-275.7381606666667,RP,2907,1631
Matt Willrodt,,RP,1.5676199999999998,-275.7382906666667,RP,2908,1632
Jose Alvarez,,RP,1.5666200000000006,-275.7392906666667,RP,2911,1633
Andrew Bellatti,,RP,1.5635114999999997,-275.7423991666667,RP,2913,1634
Ryan Slater,SFG,RP,1.5608400000000002,-275.7450706666667,RP,2916,1635
Nate Savino,ARI,RP,1.559765,-275.7461456666667,RP,2918,1636
Kyle Dowdy,,RP,1.5594599999999996,-275.7464506666667,RP,2920,1637
Trevin Michael,DET,RP,1.5590600000000001,-275.7468506666667,RP,2921,1638
Justin Courtney,,RP,1.5586400000000002,-275.7472706666667,RP,2922,1639
R.J. Dabovich,SFG,RP,1.5568645,-275.7490461666667,RP,2924,1640
Mike Baumann,NYM,RP,1.5568,-275.7491106666667,RP,2925,1641
Al Pesto,,RP,1.55592,-275.7499906666667,RP,2927,1642
Drew Carlton,,RP,1.5557999999999996,-275.7501106666667,RP,2928,1643
Jack Sellinger,MIA,RP,1.55518,-275.7507306666667,RP,2930,1644
Jakob Hernandez,,RP,1.5542349999999998,-275.7516756666667,RP,2931,1645
Coleman Huntley III,,RP,1.5531599999999997,-275.7527506666667,RP,2932,1646
Isaias Uribe,PIT,RP,1.5527950000000004,-275.7531156666667,RP,2934,1647
Davis Chastain,LAD,RP,1.5499900000000002,-275.7559206666667,RP,2938,1648
Jake Jewell,,RP,1.5497400000000001,-275.7561706666667,RP,2939,1649
Bubby Rossman,,RP,1.5489799999999998,-275.75693066666673,RP,2940,1650
Ethan Small,,RP,1.5477550000000002,-275.7581556666667,RP,2942,1651
Cristofer Melendez,,RP,1.5475280000000002,-275.7583826666667,RP,2943,1652
Cam Vieaux,,RP,1.5459600000000002,-275.7599506666667,RP,2945,1653
Moises Lugo,,RP,1.5452199999999998,-275.76069066666673,RP,2948,1654
Luke Albright,ARI,RP,1.5441849999999995,-275.7617256666667,RP,2949,1655
Aaron Loup,,RP,1.5434799999999997,-275.7624306666667,RP,2950,1656
Jandel Gustave,,RP,1.5427799999999998,-275.7631306666667,RP,2951,1657
John Doxakis,,RP,1.54082,-275.7650906666667,RP,2953,1658
Hansel Robles,,RP,1.5402600000000002,-275.7656506666667,RP,2954,1659
Nick Wittgren,,RP,1.54013,-275.7657806666667,RP,2955,1660
Jackson Rees,,RP,1.5382399999999998,-275.76767066666673,RP,2956,1661
Luis Moreno,NYM,RP,1.5359699999999998,-275.7699406666667,RP,2961,1662
Matt Cronin,,RP,1.5345000000000004,-275.7714106666667,RP,2964,1663
Wilmy Sanchez,HOU,RP,1.53403,-275.77188066666673,RP,2966,1664
Ross Detwiler,CIN,RP,1.5334600000000003,-275.7724506666667,RP,2967,1665
Joe Barlow,,RP,1.531015,-275.7748956666667,RP,2968,1666
Yovanny Cruz,NYY,RP,1.5303299999999995,-275.7755806666667,RP,2969,1667
Brad Deppermann,SFG,RP,1.529505,-275.77640566666673,RP,2971,1668
Jesus Tinoco,MIA,RP,1.5280500000000001,-275.7778606666667,RP,2975,1669
Nick Avila,,RP,1.5268949999999997,-275.7790156666667,RP,2976,1670
Carlos Guzman,NYM,RP,1.526215,-275.7796956666667,RP,2977,1671
Ofreidy Gómez,NYM,RP,1.5250000000000001,-275.7809106666667,RP,2979,1672
Josh James,,RP,1.523978,-275.7819326666667,RP,2980,1673
Phil Bickford,DET,RP,1.5223650000000002,-275.7835456666667,RP,2981,1674
Seth Elledge,ATH,RP,1.5202999999999998,-275.7856106666667,RP,2983,1675
Nick Ramirez,,RP,1.5196650000000003,-275.78624566666673,RP,2984,1676
Andrew McInvale,,RP,1.5195800000000006,-275.7863306666667,RP,2985,1677
Domingo Tapia,,RP,1.51732,-275.7885906666667,RP,2988,1678
Ian Krol,,RP,1.5171800000000004,-275.7887306666667,RP,2989,1679
Joe Nahas,,RP,1.5163449999999998,-275.7895656666667,RP,2990,1680
Miguel Díaz,,RP,1.516015,-275.7898956666667,RP,2991,1681
Drew VerHagen,,RP,1.5146399999999998,-275.7912706666667,RP,2992,1682
Sam Tookoian,LAA,RP,1.51429,-275.7916206666667,RP,2993,1683
Jackson Rose,,RP,1.5129199999999994,-275.7929906666667,RP,2995,1684
Joseph Hernandez,,RP,1.5100949999999997,-275.7958156666667,RP,2998,1685
Daniel Bard,,RP,1.50957,-275.7963406666667,RP,2999,1686
Nate Dahle,,RP,1.5007850000000003,-275.8051256666667,RP,3007,1687
Josh Walker,BAL,RP,1.500625,-275.8052856666667,RP,3008,1688
Ian Clarkin,,RP,1.5,-275.8059106666667,RP,3009,1689
Sam Clay,,RP,1.4980399999999998,-275.8078706666667,RP,3012,1690
Jordan Holloway,LAA,RP,1.4957904999999996,-275.8101201666667,RP,3013,1691
Anthony Castro,,RP,1.4946800000000002,-275.8112306666667,RP,3016,1692
Brock Porter,TEX,RP,1.49443,-275.8114806666667,RP,3017,1693
Ben Leeper,,RP,1.494325,-275.8115856666667,RP,3018,1694
Anthony Misiewicz,CIN,RP,1.4933750000000003,-275.8125356666667,RP,3019,1695
Luke Bard,,RP,1.4921200000000001,-275.8137906666667,RP,3021,1696
Casey Sadler,,RP,1.49172,-275.8141906666667,RP,3022,1697
Eric Stout,,RP,1.4910800000000002,-275.8148306666667,RP,3023,1698
Tim Naughton,DET,RP,1.4906099999999998,-275.8153006666667,RP,3024,1699
Justin Garza,NYM,RP,1.48825,-275.8176606666667,RP,3026,1700
Yefri Del Rosario,,RP,1.48824,-275.8176706666667,RP,3027,1701
Johan Quezada,,RP,1.48642,-275.8194906666667,RP,3028,1702
Declan Cronin,TEX,RP,1.4848250000000003,-275.8210856666667,RP,3030,1703
Julio Ortiz,TOR,RP,1.482605,-275.8233056666667,RP,3031,1704
Evan Taylor,CHC,RP,1.482485,-275.8234256666667,RP,3032,1705
Trevor Kuncl,CIN,RP,1.4823599999999997,-275.82355066666673,RP,3033,1706
Reid Schaller,WSN,RP,1.4796400000000003,-275.8262706666667,RP,3038,1707
Jose Quezada,,RP,1.4778200000000006,-275.8280906666667,RP,3039,1708
Conner Menez,,RP,1.4772200000000002,-275.8286906666667,RP,3040,1709
William Woods,,RP,1.4769200000000002,-275.8289906666667,RP,3041,1710
Drew Steckenrider,ATH,RP,1.4758,-275.8301106666667,RP,3042,1711
Sam Coonrod,,RP,1.4757000000000005,-275.8302106666667,RP,3043,1712
Jesse Biddle,,RP,1.4748800000000002,-275.8310306666667,RP,3044,1713
Chad Smith,,RP,1.4745200000000003,-275.8313906666667,RP,3045,1714
David Morillo,,RP,1.4718800000000005,-275.8340306666667,RP,3047,1715
Carlos Betancourt,,RP,1.4715949999999998,-275.8343156666667,RP,3048,1716
Patrick Ruotolo,,RP,1.4702599999999997,-275.8356506666667,RP,3050,1717
Daniel Castano,,RP,1.46852,-275.8373906666667,RP,3053,1718
Keagan Gillies,BAL,RP,1.4680750000000002,-275.8378356666667,RP,3054,1719
Tyler Duffey,,RP,1.4667699999999997,-275.8391406666667,RP,3056,1720
Roenis Elías,,RP,1.4654000000000003,-275.8405106666667,RP,3058,1721
José Ruiz,,RP,1.4650199999999998,-275.8408906666667,RP,3059,1722
Rubby De La Rosa,,RP,1.46424,-275.8416706666667,RP,3061,1723
Yondrei Rojas,TOR,RP,1.4633250000000002,-275.8425856666667,RP,3062,1724
Brian Howard,,RP,1.4625000000000004,-275.8434106666667,RP,3065,1725
D.J. Snelten,SDP,RP,1.4616000000000005,-275.84431066666673,RP,3067,1726
Bernie Martinez,,RP,1.4613500000000004,-275.8445606666667,RP,3068,1727
Seth Mayberry,,RP,1.45828,-275.8476306666667,RP,3073,1728
Michael Fulmer,SFG,RP,1.457335,-275.8485756666667,RP,3077,1729
Joe Adametz,,RP,1.4571450000000001,-275.8487656666667,RP,3078,1730
Junior Santos,,RP,1.4563349999999997,-275.8495756666667,RP,3079,1731
Michael Watson,STL,RP,1.455055,-275.8508556666667,RP,3081,1732
Jake McGee,,RP,1.4536000000000002,-275.8523106666667,RP,3082,1733
Trevor May,,RP,1.45308,-275.8528306666667,RP,3084,1734
Nick Allgeyer,,RP,1.45096,-275.8549506666667,RP,3086,1735
Brian Fitzpatrick,MIL,RP,1.4505599999999996,-275.8553506666667,RP,3087,1736
Billy Lescher,,RP,1.44904,-275.8568706666667,RP,3092,1737
Nick Gallagher,,RP,1.44814,-275.8577706666667,RP,3096,1738
Justin Maese,,RP,1.4476399999999998,-275.8582706666667,RP,3097,1739
John Curtiss,ARI,RP,1.447045,-275.8588656666667,RP,3099,1740
Tyler Guilfoil,HOU,RP,1.446425,-275.8594856666667,RP,3101,1741
Gerardo Carrillo,ARI,RP,1.4452099999999999,-275.86070066666673,RP,3103,1742
Jake Sanchez,,RP,1.4447599999999998,-275.86115066666673,RP,3104,1743
Blake Weiman,,RP,1.444495,-275.8614156666667,RP,3105,1744
Alex Segal,,RP,1.44424,-275.8616706666667,RP,3106,1745
Bear Bellomy,,RP,1.44408,-275.8618306666667,RP,3107,1746
Jack Little,DET,RP,1.4438400000000002,-275.8620706666667,RP,3108,1747
Joe Harvey,,RP,1.4438399999999998,-275.8620706666667,RP,3109,1748
Justin Wilson,,RP,1.4436399999999998,-275.8622706666667,RP,3110,1749
Durbin Feltman,ATH,RP,1.4431599999999998,-275.8627506666667,RP,3112,1750
Conor Dryer,,RP,1.4416100000000007,-275.8643006666667,RP,3114,1751
Blake Workman,,RP,1.44036,-275.8655506666667,RP,3118,1752
Santiago Quintero,,RP,1.4401399999999995,-275.8657706666667,RP,3119,1753
J.P. Feyereisen,LAD,RP,1.4393700000000005,-275.8665406666667,RP,3122,1754
Jackson Lancaster,TBR,RP,1.4372800000000003,-275.8686306666667,RP,3125,1755
Domingo Acevedo,,RP,1.4347999999999996,-275.8711106666667,RP,3130,1756
Ronald Guzmán,,RP,1.4327809999999999,-275.8731296666667,RP,3133,1757
Luis Frías,,RP,1.43168,-275.8742306666667,RP,3134,1758
Sean Nolin,,RP,1.4316799999999996,-275.87423066666673,RP,3135,1759
Reyes Moronta,,RP,1.4311399999999999,-275.8747706666667,RP,3136,1760
Ben Simon,NYM,RP,1.431015,-275.8748956666667,RP,3137,1761
Jack Jasiak,CLE,RP,1.43093,-275.8749806666667,RP,3138,1762
Cole Hillier,SFG,RP,1.4302849999999998,-275.8756256666667,RP,3140,1763
Burl Carraway,,RP,1.4300000000000002,-275.8759106666667,RP,3141,1764
Vladimir Gutierrez,,RP,1.4288549999999998,-275.8770556666667,RP,3144,1765
Brooks Crawford,,RP,1.42869,-275.8772206666667,RP,3145,1766
Jimmy Yacabonis,,RP,1.42834,-275.8775706666667,RP,3147,1767
Andrew Cabezas,,RP,1.4280999999999997,-275.87781066666673,RP,3149,1768
Daniel Norris,,RP,1.42764,-275.8782706666667,RP,3150,1769
Michael Mercado,PHI,RP,1.427505,-275.8784056666667,RP,3151,1770
Anderson Munoz,,RP,1.4264400000000004,-275.8794706666667,RP,3152,1771
Jacob Barnes,,RP,1.4263600000000003,-275.8795506666667,RP,3154,1772
Jharel Cotton,,RP,1.4246599999999998,-275.8812506666667,RP,3156,1773
Justin Meis,PIT,RP,1.4241050000000004,-275.8818056666667,RP,3157,1774
Mason Burns,STL,RP,1.42395,-275.8819606666667,RP,3158,1775
Alberto Baldonado,,RP,1.4237799999999998,-275.8821306666667,RP,3159,1776
Hayden Durke,ARI,RP,1.42264,-275.8832706666667,RP,3161,1777
Juan Minaya,,RP,1.4218800000000003,-275.8840306666667,RP,3162,1778
José Rodríguez,,RP,1.4202800000000002,-275.8856306666667,RP,3163,1779
Will Cannon,CIN,RP,1.420105,-275.8858056666667,RP,3164,1780
Matt Minnick,,RP,1.4189200000000002,-275.8869906666667,RP,3165,1781
Hansel Rincon,NYY,RP,1.4188,-275.88711066666673,RP,3166,1782
Nick Starr,,RP,1.4187800000000006,-275.8871306666667,RP,3167,1783
Eric Dominguez,,RP,1.4178750000000004,-275.8880356666667,RP,3169,1784
Tyrone Yulie,PIT,RP,1.4177249999999997,-275.8881856666667,RP,3170,1785
Skylar Hales,STL,RP,1.4172200000000004,-275.8886906666667,RP,3172,1786
Emmanuel Ramirez,,RP,1.4171799999999999,-275.88873066666673,RP,3173,1787
Miguel Sánchez,,RP,1.4167399999999997,-275.8891706666667,RP,3174,1788
Cody Bolton,HOU,RP,1.4162399999999997,-275.8896706666667,RP,3175,1789
Julio Rodriguez,HOU,RP,1.41468,-275.89123066666673,RP,3177,1790
Burch Smith,DET,RP,1.4129049999999999,-275.8930056666667,RP,3180,1791
Braden Zarbnisky,,RP,1.4128800000000004,-275.89303066666673,RP,3181,1792
Patrick Murphy,TEX,RP,1.4121899999999998,-275.8937206666667,RP,3183,1793
Avery Weems,,RP,1.4121699999999997,-275.8937406666667,RP,3184,1794
Alex Makarewich,LAD,RP,1.4107200000000002,-275.8951906666667,RP,3186,1795
Abel Mercedes,ATH,RP,1.4104949999999996,-275.8954156666667,RP,3187,1796
Hunter Omlid,COL,RP,1.4103849999999998,-275.8955256666667,RP,3188,1797
Kade McClure,,RP,1.409885,-275.89602566666673,RP,3189,1798
Tyler Danish,,RP,1.4092100000000005,-275.89670066666673,RP,3191,1799
Nolan Blackwood,,RP,1.4077949999999997,-275.8981156666667,RP,3194,1800
Darren O'Day,,RP,1.4074600000000004,-275.8984506666667,RP,3195,1801
Luis Romero,,RP,1.4063399999999995,-275.8995706666667,RP,3196,1802
Carlos Gomez,,RP,1.4059349999999997,-275.8999756666667,RP,3197,1803
Roel Ramírez,,RP,1.4044599999999998,-275.90145066666673,RP,3200,1804
Lane Ramsey,,RP,1.4043250000000003,-275.9015856666667,RP,3201,1805
Johzan Oquendo,CHC,RP,1.4027149999999997,-275.9031956666667,RP,3204,1806
Breidy Encarnación,,RP,1.4022249999999996,-275.9036856666667,RP,3206,1807
Edgar Leon,LAD,RP,1.4014850000000003,-275.9044256666667,RP,3207,1808
Robbie Erlin,,RP,1.4009400000000003,-275.9049706666667,RP,3210,1809
Kyle Cody,,RP,1.4007549999999998,-275.9051556666667,RP,3211,1810
Sadrac Franco,SDP,RP,1.4006299999999998,-275.9052806666667,RP,3212,1811
Sam Selman,,RP,1.4005400000000003,-275.9053706666667,RP,3213,1812
Anyer Laureano,CIN,RP,1.4004749999999997,-275.90543566666673,RP,3214,1813
Logan Forsythe,ATL,RP,1.4000000000000004,-275.9059106666667,RP,3217,1814
Xavier Kolhosser,MIN,RP,1.4000000000000004,-275.9059106666667,RP,3216,1815
Beau Philip,,RP,1.4000000000000004,-275.9059106666667,RP,3215,1816
Angel De Jesus,,RP,1.3990599999999995,-275.9068506666667,RP,3220,1817
Shane McCarthy,,RP,1.3985800000000004,-275.9073306666667,RP,3222,1818
Amos Willingham,HOU,RP,1.3979249999999999,-275.9079856666667,RP,3224,1819
Tommy Hunter,,RP,1.3978599999999999,-275.9080506666667,RP,3225,1820
Deivy Cruz,BAL,RP,1.397645,-275.9082656666667,RP,3226,1821
Joey Krehbiel,,RP,1.39731,-275.9086006666667,RP,3227,1822
Enmanuel De Jesus,DET,RP,1.3949,-275.9110106666667,RP,3232,1823
Ryan Tepera,,RP,1.39354,-275.91237066666673,RP,3234,1824
Jackson Goddard,,RP,1.3903199999999998,-275.91559066666673,RP,3240,1825
Max Kuhns,,RP,1.38888,-275.91703066666673,RP,3244,1826
Nash Walters,,RP,1.388725,-275.9171856666667,RP,3245,1827
Cole McDonald,,RP,1.38857,-275.9173406666667,RP,3246,1828
Janser Lara,TEX,RP,1.388455,-275.9174556666667,RP,3247,1829
Daniel Zamora,,RP,1.3878799999999998,-275.9180306666667,RP,3248,1830
Hever Bueno,,RP,1.38676,-275.9191506666667,RP,3251,1831
Zack Weiss,,RP,1.3852949999999997,-275.9206156666667,RP,3253,1832
Ben Holmes,,RP,1.3852799999999996,-275.9206306666667,RP,3254,1833
Andrew Politi,,RP,1.38294,-275.9229706666667,RP,3258,1834
James Meeker,,RP,1.38273,-275.9231806666667,RP,3259,1835
Logan Sawyer,,RP,1.3814199999999996,-275.9244906666667,RP,3263,1836
Kai Wynyard,TEX,RP,1.37863,-275.9272806666667,RP,3269,1837
Jake Lemoine,,RP,1.3776599999999997,-275.9282506666667,RP,3271,1838
John Creel,,RP,1.3776200000000005,-275.9282906666667,RP,3272,1839
Marcel Rentería,,RP,1.3772199999999999,-275.9286906666667,RP,3274,1840
Anthony Hoopii-Tuionetoa,TEX,RP,1.3760000000000003,-275.92991066666673,RP,3277,1841
Trey Cobb,,RP,1.3739600000000003,-275.9319506666667,RP,3280,1842
Dominic Pipkin,PIT,RP,1.373705,-275.93220566666673,RP,3281,1843
Noe Toribio,,RP,1.3731000000000004,-275.9328106666667,RP,3283,1844
Gabe Klobosits,CHC,RP,1.3724800000000001,-275.9334306666667,RP,3284,1845
Jake Higginbotham,,RP,1.3720050000000001,-275.9339056666667,RP,3287,1846
Lisandro Santos,,RP,1.37128,-275.9346306666667,RP,3289,1847
Matt Moore,,RP,1.3693050000000002,-275.9366056666667,RP,3290,1848
Ryan Brown,LAD,RP,1.36916,-275.9367506666667,RP,3291,1849
Yanlun Zhang,,RP,1.3688200000000001,-275.9370906666667,RP,3292,1850
Osiris German,,RP,1.3686600000000002,-275.9372506666667,RP,3293,1851
Bryson Dudley,KCR,RP,1.3666799999999997,-275.93923066666673,RP,3295,1852
Jeurys Familia,,RP,1.3666599999999998,-275.9392506666667,RP,3296,1853
Antonio Velez,,RP,1.3662800000000004,-275.9396306666667,RP,3297,1854
Eric Hanhold,,RP,1.3658800000000002,-275.9400306666667,RP,3298,1855
Luis Amaya,,RP,1.3657599999999999,-275.9401506666667,RP,3299,1856
Nick Howard,,RP,1.3639799999999997,-275.9419306666667,RP,3303,1857
Caleb Baragar,,RP,1.3629599999999997,-275.9429506666667,RP,3306,1858
Ty France,SDP,1B,69.382846,-275.9440366,Batter,890,1859
Joshua Loeschorn,PIT,RP,1.3617899999999996,-275.9441206666667,RP,3307,1860
Xavier Martinez,CLE,RP,1.3614000000000006,-275.9445106666667,RP,3308,1861
Miguel Pena,,RP,1.36044,-275.9454706666667,RP,3310,1862
Michael Darrell-Hicks,PIT,RP,1.3599400000000001,-275.9459706666667,RP,3312,1863
Ben Hecht,,RP,1.3572199999999999,-275.9486906666667,RP,3315,1864
Sam Delaplane,,RP,1.3564400000000003,-275.9494706666667,RP,3318,1865
Jacob Edwards,CIN,RP,1.355585,-275.9503256666667,RP,3321,1866
J.B. Wendelken,,RP,1.3532050000000004,-275.9527056666667,RP,3324,1867
Denny Bentley,,RP,1.3525400000000005,-275.95337066666673,RP,3326,1868
Nathan Burns,,RP,1.3516799999999995,-275.9542306666667,RP,3327,1869
Eston Stull,MIN,RP,1.3506699999999996,-275.9552406666667,RP,3329,1870
Emilio Marquez,,RP,1.3498199999999998,-275.9560906666667,RP,3330,1871
Jace Vines,,RP,1.34912,-275.9567906666667,RP,3331,1872
Trayson Kubo,,RP,1.3490799999999998,-275.9568306666667,RP,3332,1873
Dennis Colleran,KCR,RP,1.348185,-275.9577256666667,RP,3334,1874
Eric Reyzelman,NYY,RP,1.3477199999999998,-275.9581906666667,RP,3336,1875
Clay Aguilar,,RP,1.34571,-275.9602006666667,RP,3341,1876
Justin Yeager,SDP,RP,1.3452949999999997,-275.9606156666667,RP,3343,1877
Matt Seelinger,DET,RP,1.3449050000000002,-275.9610056666667,RP,3344,1878
Isaac Gallegos,ATL,RP,1.3443450000000001,-275.96156566666673,RP,3345,1879
Braden Bristo,,RP,1.3438999999999994,-275.9620106666667,RP,3346,1880
Richard Guasch,BAL,RP,1.3436350000000001,-275.9622756666667,RP,3347,1881
Mitchell Kilkenny,,RP,1.3430200000000003,-275.9628906666667,RP,3349,1882
Ryan Boyer,,RP,1.342755,-275.9631556666667,RP,3351,1883
Matt Peacock,,RP,1.34254,-275.9633706666667,RP,3352,1884
Adam Bloebaum,WSN,RP,1.3375050000000002,-275.9684056666667,RP,3358,1885
Jose Betances,,RP,1.3366799999999999,-275.9692306666667,RP,3360,1886
Eric Loomis,TEX,RP,1.3352649999999997,-275.9706456666667,RP,3363,1887
Jorge Guzmán,,RP,1.3350799999999998,-275.9708306666667,RP,3365,1888
Jack Ralston,MIA,RP,1.3348000000000002,-275.97111066666673,RP,3367,1889
Christopher Troye,,RP,1.3344,-275.9715106666667,RP,3369,1890
Robbie Baker,,RP,1.3335599999999999,-275.9723506666667,RP,3371,1891
Zach Muckenhirn,,RP,1.3331800000000003,-275.9727306666667,RP,3374,1892
Jake Palisch,CHW,RP,1.3324749999999996,-275.9734356666667,RP,3377,1893
Devin Conn,,RP,1.33044,-275.9754706666667,RP,3378,1894
Braxton Roxby,SFG,RP,1.3303899999999995,-275.9755206666667,RP,3379,1895
Bryse Wilson,PHI,SP,32.73582266666667,-275.9757093333333,SP,1155,1896
Edgar Sanchez,ATH,RP,1.329615,-275.9762956666667,RP,3382,1897
Eybersson Polanco,LAA,RP,1.3279699999999997,-275.9779406666667,RP,3384,1898
Scott Kobos,,RP,1.32792,-275.9779906666667,RP,3385,1899
Justin Grimm,,RP,1.3251199999999999,-275.9807906666667,RP,3388,1900
Matt Dunaway,SFG,RP,1.3249999999999993,-275.9809106666667,RP,3389,1901
Zach Vennaro,,RP,1.32486,-275.9810506666667,RP,3391,1902
Franklin Dacosta,,RP,1.32382,-275.9820906666667,RP,3394,1903
Nick Kennedy,,RP,1.3237199999999996,-275.9821906666667,RP,3395,1904
Noé Ramirez,,RP,1.3207200000000006,-275.9851906666667,RP,3403,1905
Samuel Dutton,ATH,RP,1.3200000000000003,-275.9859106666667,RP,3405,1906
Yoelvin Silven,,RP,1.3199600000000005,-275.9859506666667,RP,3406,1907
Dayeison Arias,,RP,1.3199,-275.9860106666667,RP,3407,1908
Peter Strzelecki,MIL,RP,1.319205,-275.9867056666667,RP,3409,1909
Ben Peoples,CHW,RP,1.31898,-275.9869306666667,RP,3411,1910
Edwin Escobar,,RP,1.31881,-275.9871006666667,RP,3412,1911
Hunter Loyd,,RP,1.3172569999999997,-275.9886536666667,RP,3415,1912
Xavier Moore,,RP,1.3158399999999997,-275.9900706666667,RP,3418,1913
Hugh Fisher,,RP,1.3153999999999997,-275.9905106666667,RP,3419,1914
Tyler Morgan,SDP,RP,1.314485,-275.9914256666667,RP,3420,1915
Zach Linginfelter,,RP,1.31232,-275.9935906666667,RP,3423,1916
Mark Washington,,RP,1.31163,-275.9942806666667,RP,3426,1917
Brady Choban,LAA,RP,1.31143,-275.99448066666673,RP,3428,1918
Nate Fisher,,RP,1.31124,-275.9946706666667,RP,3429,1919
Robert Corniel,,RP,1.3108600000000004,-275.9950506666667,RP,3432,1920
Archie Bradley,,RP,1.3092799999999996,-275.9966306666667,RP,3433,1921
Jake Thompson,,RP,1.30924,-275.9966706666667,RP,3434,1922
Phillip Diehl,,RP,1.3084400000000003,-275.9974706666667,RP,3435,1923
Nick Lockhart,,RP,1.30827,-275.9976406666667,RP,3436,1924
Marques Johnson,SFG,RP,1.3076950000000003,-275.9982156666667,RP,3437,1925
Ryan Nutof,,RP,1.3056400000000004,-276.0002706666667,RP,3440,1926
Nik Turley,,RP,1.3052799999999998,-276.0006306666667,RP,3442,1927
Aidan Maldonado,,RP,1.30518,-276.0007306666667,RP,3443,1928
Robert Kwiatkowski,,RP,1.3038249999999998,-276.0020856666667,RP,3446,1929
Geoff Hartlieb,ATH,RP,1.3028649999999997,-276.0030456666667,RP,3448,1930
Tanner Burns,CLE,RP,1.3024949999999997,-276.0034156666667,RP,3449,1931
Fernando Abad,,RP,1.3015400000000001,-276.0043706666667,RP,3454,1932
César Valdez,,RP,1.2989800000000002,-276.0069306666667,RP,3457,1933
Reinaldo De Paula,,RP,1.2987600000000004,-276.0071506666667,RP,3458,1934
Brian Metoyer,NYM,RP,1.29712,-276.0087906666667,RP,3461,1935
Zachary Cawyer,KCR,RP,1.2962399999999998,-276.0096706666667,RP,3462,1936
Tyler Davis,CHW,RP,1.29622,-276.0096906666667,RP,3463,1937
Alfredo Zarraga,TBR,RP,1.2961850000000001,-276.0097256666667,RP,3465,1938
Noah Murdock,PIT,RP,1.2947349999999997,-276.0111756666667,RP,3467,1939
Wander Suero,ATH,RP,1.2944149999999996,-276.0114956666667,RP,3468,1940
Ryan Meisinger,,RP,1.29368,-276.0122306666667,RP,3470,1941
Will Childers,MIL,RP,1.2933400000000002,-276.0125706666667,RP,3472,1942
Bryan Bautista,,RP,1.2931300000000006,-276.0127806666667,RP,3474,1943
Sam Long,KCR,RP,1.2921999999999993,-276.0137106666667,RP,3475,1944
Dusten Knight,,RP,1.29148,-276.0144306666667,RP,3479,1945
Cristian Charle,,RP,1.29108,-276.0148306666667,RP,3480,1946
Alex Scherff,,RP,1.2905200000000003,-276.0153906666667,RP,3482,1947
Andy Fisher,,RP,1.2888000000000006,-276.0171106666667,RP,3485,1948
Naswell Paulino,,RP,1.2858500000000002,-276.0200606666667,RP,3488,1949
Tucker Musgrove,SDP,RP,1.28571,-276.0202006666667,RP,3489,1950
Edgar Navarro,,RP,1.28442,-276.0214906666667,RP,3491,1951
Sammy Tavarez,,RP,1.2840599999999998,-276.0218506666667,RP,3492,1952
Jesse Chavez,,RP,1.2830299999999997,-276.0228806666667,RP,3493,1953
Dugan Darnell,DET,RP,1.2830149999999998,-276.0228956666667,RP,3494,1954
Ryan Sherriff,,RP,1.2828999999999997,-276.0230106666667,RP,3496,1955
Bayden Root,,RP,1.28233,-276.0235806666667,RP,3498,1956
Dakota Donovan,,RP,1.27996,-276.0259506666667,RP,3502,1957
Tyler Thornburg,,RP,1.2796999999999998,-276.0262106666667,RP,3503,1958
Coleman Picard,KCR,RP,1.2795000000000005,-276.0264106666667,RP,3505,1959
Jacob Denner,SEA,RP,1.2794700000000003,-276.0264406666667,RP,3506,1960
Phoenix Sanders,,RP,1.2790600000000003,-276.0268506666667,RP,3508,1961
Chris Muller,,RP,1.27862,-276.0272906666667,RP,3509,1962
Justin Showalter,,RP,1.2784200000000001,-276.0274906666667,RP,3511,1963
Louis Head,,RP,1.2775399999999997,-276.0283706666667,RP,3512,1964
Connor Van Scoyoc,WSN,RP,1.2768249999999997,-276.02908566666673,RP,3513,1965
Miguel Martinez,,RP,1.2764199999999999,-276.02949066666673,RP,3515,1966
Chazz Martinez,KCR,RP,1.2763299999999997,-276.02958066666673,RP,3516,1967
Cade Feeney,BOS,RP,1.2762450000000003,-276.0296656666667,RP,3517,1968
Colin Peluse,PHI,RP,1.27597,-276.02994066666673,RP,3518,1969
Alexis Torres,PIT,RP,1.2758949999999998,-276.0300156666667,RP,3519,1970
Hunter Parsons,,RP,1.27575,-276.0301606666667,RP,3520,1971
Deyer Zapata,ARI,RP,1.2746000000000004,-276.0313106666667,RP,3522,1972
Myung-Ho Jin,,RP,1.2745199999999999,-276.0313906666667,RP,3523,1973
Ian Kennedy,TEX,RP,1.2730799999999998,-276.0328306666667,RP,3529,1974
Ruddy Gomez,MIN,RP,1.272125,-276.0337856666667,RP,3532,1975
Eli Lingos,,RP,1.27084,-276.0350706666667,RP,3534,1976
Robby Ahlstrom,TEX,RP,1.27038,-276.0355306666667,RP,3535,1977
Nick Kuzia,,RP,1.2694800000000002,-276.0364306666667,RP,3537,1978
Wardquelin Vasquez,,RP,1.2692800000000006,-276.0366306666667,RP,3538,1979
Tyler Owens,DET,RP,1.2684249999999997,-276.0374856666667,RP,3540,1980
Jordany Ventura,,RP,1.267825,-276.0380856666667,RP,3543,1981
Dillon Tate,,RP,1.2661849999999997,-276.0397256666667,RP,3544,1982
Marquis Grissom Jr.,WSN,RP,1.2650400000000002,-276.0408706666667,RP,3545,1983
Theo McDowell,,RP,1.2638,-276.0421106666667,RP,3547,1984
Amilcar Chirinos,HOU,RP,1.26343,-276.0424806666667,RP,3548,1985
Tyler Brown,,RP,1.2632799999999993,-276.0426306666667,RP,3549,1986
Kaleb Bowman,MIL,RP,1.2628700000000004,-276.0430406666667,RP,3550,1987
Junior Cerda,,RP,1.2623750000000005,-276.0435356666667,RP,3551,1988
Blake Rivera,,RP,1.2609800000000004,-276.0449306666667,RP,3558,1989
Jordan Brink,,RP,1.2607800000000002,-276.0451306666667,RP,3559,1990
A.J. Cole,,RP,1.2593199999999996,-276.0465906666667,RP,3564,1991
Peyton Williams,,RP,1.2592500000000006,-276.0466606666667,RP,3566,1992
Luis Martinez-Gomez,CHC,RP,1.258365,-276.0475456666667,RP,3567,1993
Thyago Vieira,,RP,1.25753,-276.04838066666673,RP,3569,1994
Luis Perdomo,,RP,1.25674,-276.0491706666667,RP,3571,1995
Colten Brewer,,RP,1.2565499999999998,-276.0493606666667,RP,3572,1996
Ryan Harvey,DET,RP,1.2524650000000002,-276.05344566666673,RP,3576,1997
Roberto Osuna,,RP,1.2522,-276.0537106666667,RP,3577,1998
Mychal Givens,,RP,1.2509000000000003,-276.0550106666667,RP,3578,1999
Gabe Bierman,MIA,RP,1.250735,-276.0551756666667,RP,3579,2000
Jack Carey,CLE,RP,1.24992,-276.05599066666673,RP,3581,2001
Antonio Menendez,ARI,RP,1.2496850000000004,-276.0562256666667,RP,3582,2002
Aaron Fletcher,,RP,1.2478799999999999,-276.0580306666667,RP,3584,2003
Silvino Bracho,,RP,1.2448600000000005,-276.0610506666667,RP,3590,2004
Jeremiah Burke,CHW,RP,1.2438999999999996,-276.0620106666667,RP,3591,2005
Phillips Valdez,,RP,1.2434999999999996,-276.0624106666667,RP,3592,2006
Eudrys Manon,,RP,1.2433,-276.0626106666667,RP,3594,2007
Tanner Myatt,,RP,1.2429549999999998,-276.0629556666667,RP,3596,2008
Ryan Smith,,RP,1.24122,-276.0646906666667,RP,3600,2009
Jake Fishman,,RP,1.2396599999999998,-276.0662506666667,RP,3607,2010
Jeong-Hyeon Yoon,,RP,1.2394599999999996,-276.0664506666667,RP,3608,2011
Noah Owen,,RP,1.2380149999999999,-276.0678956666667,RP,3610,2012
Andre Scrubb,NYM,RP,1.2327200000000005,-276.07319066666673,RP,3614,2013
Ryan Bourassa,ATL,RP,1.2313549999999998,-276.0745556666667,RP,3615,2014
Tanner Cooper,,RP,1.2294850000000004,-276.0764256666667,RP,3620,2015
Clay Edmondson,SDP,RP,1.22858,-276.0773306666667,RP,3621,2016
John Murphy,,RP,1.22784,-276.0780706666667,RP,3624,2017
Matt Jachec,CLE,RP,1.2278149999999999,-276.0780956666667,RP,3625,2018
Connor Cooke,TOR,RP,1.225435,-276.0804756666667,RP,3629,2019
Justin Storm,MIA,RP,1.2246099999999998,-276.0813006666667,RP,3630,2020
Alaska Abney,CLE,RP,1.2245749999999997,-276.0813356666667,RP,3631,2021
Lucas Knowles,LAA,RP,1.2232049999999999,-276.0827056666667,RP,3634,2022
Bryan Rodriguez,,RP,1.2230999999999999,-276.0828106666667,RP,3635,2023
Benony Robles,,RP,1.2214,-276.0845106666667,RP,3638,2024
Giovanny Gallegos,LAD,RP,1.2213675,-276.0845431666667,RP,3639,2025
Dario Gardea,,RP,1.2207200000000002,-276.0851906666667,RP,3640,2026
Ryan Weber,,RP,1.2201199999999996,-276.0857906666667,RP,3642,2027
Yaqui Rivera,BAL,RP,1.2198249999999997,-276.0860856666667,RP,3643,2028
Michael McAvene,,RP,1.2191400000000001,-276.0867706666667,RP,3646,2029
Mason Auer,TBR,RP,1.218887,-276.0870236666667,RP,3647,2030
Oliver Garcia,,RP,1.2185999999999997,-276.0873106666667,RP,3648,2031
Tommy McCollum,TBR,RP,1.2184400000000004,-276.0874706666667,RP,3650,2032
Yaya Chentouf,,RP,1.21786,-276.08805066666673,RP,3652,2033
Charles Hall,,RP,1.21742,-276.0884906666667,RP,3653,2034
Brady Puckett,,RP,1.2171199999999995,-276.0887906666667,RP,3654,2035
Cameron Cotter,,RP,1.2166899999999998,-276.08922066666673,RP,3658,2036
Luarbert Arias,,RP,1.216495,-276.0894156666667,RP,3660,2037
Willian Suarez,,RP,1.2160199999999999,-276.0898906666667,RP,3661,2038
Javen Coleman,TOR,RP,1.2155950000000002,-276.0903156666667,RP,3662,2039
Patrick Weigel,COL,RP,1.2152999999999998,-276.0906106666667,RP,3663,2040
Carter Loewen,SDP,RP,1.2148249999999998,-276.0910856666667,RP,3664,2041
Gustavo Rodriguez,ATH,RP,1.21468,-276.0912306666667,RP,3665,2042
Peniel Otano,,RP,1.2145099999999998,-276.0914006666667,RP,3667,2043
Seth Corry,,RP,1.21441,-276.0915006666667,RP,3668,2044
Norge Ruiz,,RP,1.2125199999999998,-276.0933906666667,RP,3672,2045
Félix Peña,,RP,1.2118600000000002,-276.0940506666667,RP,3673,2046
Justin Lawson,NYM,RP,1.2109550000000002,-276.0949556666667,RP,3674,2047
Jonathan Sprinkle,,RP,1.20916,-276.0967506666667,RP,3678,2048
Spencer Stockton,,RP,1.2084999999999995,-276.0974106666667,RP,3681,2049
Derek Corro,,RP,1.2080349999999997,-276.0978756666667,RP,3682,2050
Yosber Sanchez,DET,RP,1.207805,-276.0981056666667,RP,3683,2051
Jenrry Gonzalez,,RP,1.2072800000000004,-276.0986306666667,RP,3686,2052
Triston Polley,,RP,1.2056399999999998,-276.1002706666667,RP,3690,2053
Tyler LaPorte,ATL,RP,1.204955,-276.1009556666667,RP,3691,2054
Kyle Wilcox,,RP,1.2044650000000008,-276.1014456666667,RP,3694,2055
Trent Buchanan,ATL,RP,1.2039300000000002,-276.1019806666667,RP,3695,2056
Mark McLaughlin,CHW,RP,1.203805,-276.1021056666667,RP,3697,2057
Edwin Nuñez,STL,RP,1.2032500000000002,-276.1026606666667,RP,3698,2058
Brad Boxberger,,RP,1.20278,-276.1031306666667,RP,3699,2059
Ryan Och,SDP,RP,1.20254,-276.1033706666667,RP,3700,2060
Gerald Ogando,BAL,RP,1.2024450000000002,-276.1034656666667,RP,3701,2061
Jorge Mercedes,,RP,1.202369,-276.10354166666673,RP,3702,2062
Ian Gibaut,,RP,1.2021475000000001,-276.1037631666667,RP,3703,2063
Parker Mushinski,COL,RP,1.2018500000000005,-276.1040606666667,RP,3704,2064
Osiel Rodriguez,,RP,1.20072,-276.1051906666667,RP,3705,2065
Adrian Belen,KCR,RP,1.200715,-276.1051956666667,RP,3706,2066
Lucas Gordillo,,RP,1.2006750000000002,-276.1052356666667,RP,3707,2067
Andrew Marrero,,RP,1.200155,-276.1057556666667,RP,3709,2068
Jake Faria,,RP,1.2000600000000001,-276.1058506666667,RP,3710,2069
Seth Clausen,COL,RP,1.1999999999999993,-276.1059106666667,RP,3712,2070
Nick Bitsko,,RP,1.199579,-276.10633166666673,RP,3714,2071
Aneuris Rodriguez,,RP,1.19954,-276.1063706666667,RP,3715,2072
Matt Koch,,RP,1.196815,-276.1090956666667,RP,3718,2073
Malvin Pena,,RP,1.1946600000000003,-276.1112506666667,RP,3720,2074
Chase Isbell,KCR,RP,1.19332,-276.11259066666673,RP,3723,2075
Lucas Wepf,LAD,RP,1.19278,-276.1131306666667,RP,3725,2076
Michel Baez,,RP,1.1923399999999997,-276.1135706666667,RP,3727,2077
Jesse Bergin,MIA,RP,1.1907999999999999,-276.1151106666667,RP,3729,2078
Magnus Ellerts,CLE,RP,1.1906850000000002,-276.11522566666673,RP,3730,2079
Isaac Stebens,BOS,RP,1.1896149999999999,-276.1162956666667,RP,3734,2080
Austin Amaral,WSN,RP,1.18913,-276.1167806666667,RP,3736,2081
Nick Altermatt,CHW,RP,1.188815,-276.1170956666667,RP,3737,2082
Nolan Clenney,,RP,1.188475,-276.1174356666667,RP,3738,2083
Jacob Webb,BOS,RP,1.1868599999999998,-276.1190506666667,RP,3740,2084
Albert Abreu,,RP,1.1851950000000002,-276.1207156666667,RP,3743,2085
Will Stewart,,RP,1.1849999999999998,-276.1209106666667,RP,3745,2086
Zach Peek,NYM,RP,1.1849450000000004,-276.1209656666667,RP,3746,2087
Garrett McDaniels,LAD,RP,1.1841299999999997,-276.1217806666667,RP,3749,2088
Taylor Williams,,RP,1.1835200000000001,-276.1223906666667,RP,3750,2089
Sean Hunley,TBR,RP,1.1820050000000002,-276.1239056666667,RP,3755,2090
Yerry Rodríguez,NYY,RP,1.17909,-276.12682066666673,RP,3757,2091
Michell Miliano,,RP,1.17838,-276.1275306666667,RP,3758,2092
Daniel Juarez,,RP,1.17773,-276.1281806666667,RP,3761,2093
Kolby Kubichek,,RP,1.17756,-276.1283506666667,RP,3763,2094
T.J. Fondtain,TBR,RP,1.17652,-276.1293906666667,RP,3767,2095
Alvin Guzman,,RP,1.1764799999999997,-276.1294306666667,RP,3768,2096
Alex Mauricio,NYY,RP,1.1743349999999997,-276.1315756666667,RP,3774,2097
Layne Henderson,,RP,1.173,-276.1329106666667,RP,3777,2098
Jose Romero,CHC,RP,1.1727800000000004,-276.1331306666667,RP,3778,2099
Richard Bleier,,RP,1.1717449999999996,-276.1341656666667,RP,3780,2100
Seongmin Kim,BAL,RP,1.1690399999999999,-276.1368706666667,RP,3783,2101
Anthony Gose,,RP,1.168185,-276.1377256666667,RP,3784,2102
Nick Trogrlic-Iverson,,RP,1.16652,-276.1393906666667,RP,3787,2103
Xavier Meachem,MIA,RP,1.1663549999999998,-276.1395556666667,RP,3788,2104
Matthew Linskey,,RP,1.1658999999999997,-276.1400106666667,RP,3790,2105
Jhoulys Chacín,,RP,1.16578,-276.1401306666667,RP,3791,2106
Dylan Heid,BAL,RP,1.1655850000000005,-276.1403256666667,RP,3793,2107
Bradley Hanner,NYY,RP,1.1653200000000001,-276.1405906666667,RP,3794,2108
Sergio Romo,,RP,1.1651,-276.1408106666667,RP,3795,2109
Taylor Floyd,CIN,RP,1.1645,-276.14141066666673,RP,3797,2110
Hueston Morrill,NYY,RP,1.1644750000000004,-276.1414356666667,RP,3798,2111
Reid Morgan,,RP,1.1639600000000005,-276.14195066666673,RP,3801,2112
Josh Mollerus,TEX,RP,1.1637550000000003,-276.1421556666667,RP,3802,2113
Harrison Durow,,RP,1.1635900000000001,-276.1423206666667,RP,3803,2114
Aldry Acosta,,RP,1.1625,-276.1434106666667,RP,3806,2115
Zach Franklin,CHW,RP,1.16242,-276.1434906666667,RP,3807,2116
Jordan Balazovic,,RP,1.1620250000000003,-276.1438856666667,RP,3808,2117
CD Pelham,ATH,RP,1.1611805,-276.1447301666667,RP,3810,2118
Jaydenn Estanista,PHI,RP,1.1605950000000003,-276.1453156666667,RP,3812,2119
Mark Melancon,,RP,1.16012,-276.1457906666667,RP,3813,2120
Jared Beck,,RP,1.1596300000000002,-276.1462806666667,RP,3815,2121
Kyle Bischoff,MIN,RP,1.1591650000000002,-276.14674566666673,RP,3816,2122
Alec Willis,STL,RP,1.15904,-276.1468706666667,RP,3817,2123
Jared Southard,LAA,RP,1.1586350000000003,-276.1472756666667,RP,3819,2124
Alex Claudio,,RP,1.15842,-276.1474906666667,RP,3820,2125
Keylan Killgore,,RP,1.1567250000000002,-276.1491856666667,RP,3823,2126
Jason Ruffcorn,SEA,RP,1.156245,-276.1496656666667,RP,3824,2127
Zach Fogell,BOS,RP,1.1554449999999998,-276.1504656666667,RP,3825,2128
Wenderlyn King,MIL,RP,1.1542449999999997,-276.1516656666667,RP,3826,2129
Chi Chi González,,RP,1.1532799999999999,-276.1526306666667,RP,3827,2130
Ryan Brady,KCR,RP,1.1522299999999999,-276.15368066666673,RP,3828,2131
Bryan Sanchez,,RP,1.1518099999999998,-276.1541006666667,RP,3830,2132
Jeremy Molero,,RP,1.1507450000000001,-276.15516566666673,RP,3833,2133
Brooks Kriske,ATH,RP,1.1504699999999999,-276.1554406666667,RP,3835,2134
Diego Viloria,,RP,1.150001,-276.15590966666673,RP,3837,2135
Carson Hobbs,LAD,RP,1.14985,-276.1560606666667,RP,3839,2136
Justin Sanchez,,RP,1.1497999999999997,-276.1561106666667,RP,3840,2137
Collin Baumgartner,COL,RP,1.1496600000000001,-276.1562506666667,RP,3841,2138
Kyu-min Woo,,RP,1.1495199999999999,-276.1563906666667,RP,3842,2139
Jordan Marks,,RP,1.1477499999999998,-276.15816066666673,RP,3844,2140
Mat Olsen,,RP,1.1475499999999996,-276.1583606666667,RP,3845,2141
Charlie Hurley,,RP,1.1462350000000001,-276.1596756666667,RP,3846,2142
Dariel Fregio,DET,RP,1.145235,-276.1606756666667,RP,3849,2143
Keone Kela,,RP,1.14459,-276.1613206666667,RP,3851,2144
Trevor Richards,PHI,RP,1.1437300000000001,-276.1621806666667,RP,3853,2145
Nate Knowles,TBR,RP,1.1428700000000003,-276.1630406666667,RP,3854,2146
Joe Vogatsky,BOS,RP,1.1422750000000002,-276.1636356666667,RP,3858,2147
JD Hammer,,RP,1.1422199999999998,-276.1636906666667,RP,3859,2148
Francisco Frias,HOU,RP,1.14133,-276.1645806666667,RP,3861,2149
Izaak Martinez,CLE,RP,1.140465,-276.1654456666667,RP,3865,2150
Dereck Rodríguez,,RP,1.1403800000000004,-276.1655306666667,RP,3866,2151
Ronald Bolaños,,RP,1.1402399999999997,-276.1656706666667,RP,3867,2152
Connor Sadzeck,,RP,1.13807,-276.1678406666667,RP,3871,2153
Adam Kolarek,,RP,1.1363149999999997,-276.1695956666667,RP,3874,2154
Dylan Floro,,RP,1.1355895,-276.1703211666667,RP,3875,2155
Ethan Routzahn,SDP,RP,1.1345450000000001,-276.1713656666667,RP,3880,2156
Chavez Fernander,,RP,1.134,-276.1719106666667,RP,3882,2157
Carson Laws,MIA,RP,1.1333200000000003,-276.1725906666667,RP,3883,2158
Jack White,SEA,RP,1.133295,-276.17261566666673,RP,3884,2159
Tanner Kiest,,RP,1.1328550000000006,-276.1730556666667,RP,3885,2160
Carson Jacobs,CHW,RP,1.132805,-276.1731056666667,RP,3886,2161
Jarold Rosado,CHW,RP,1.1324349999999999,-276.1734756666667,RP,3888,2162
Reid Birlingmair,,RP,1.13051,-276.1754006666667,RP,3891,2163
Carlos Rey,ARI,RP,1.1301649999999999,-276.1757456666667,RP,3892,2164
Ryan Anderson,,RP,1.1295649999999997,-276.1763456666667,RP,3893,2165
Christian Suarez,LAD,RP,1.128755,-276.1771556666667,RP,3895,2166
Tyler Schoff,WSN,RP,1.1278700000000002,-276.17804066666673,RP,3901,2167
Simon Miller,CIN,RP,1.127825,-276.17808566666673,RP,3903,2168
Sean Poppen,,RP,1.127465,-276.17844566666673,RP,3904,2169
Garrett Wright,CHW,RP,1.12725,-276.1786606666667,RP,3905,2170
Domingo Geronimo,LAD,RP,1.124955,-276.1809556666667,RP,3907,2171
Odalvi Javier,,RP,1.1246399999999999,-276.1812706666667,RP,3909,2172
Ricky Vanasco,DET,RP,1.1246399999999999,-276.1812706666667,RP,3910,2173
Simon Leandro,,RP,1.1236800000000002,-276.1822306666667,RP,3911,2174
Tanner Kohlhepp,DET,RP,1.123575,-276.1823356666667,RP,3912,2175
Blake Pivaroff,,RP,1.1232000000000006,-276.1827106666667,RP,3913,2176
Jose Leandro,,RP,1.1230700000000002,-276.1828406666667,RP,3914,2177
Paul Fry,,RP,1.1214350000000002,-276.1844756666667,RP,3917,2178
Melvin Adón,,RP,1.12133,-276.1845806666667,RP,3918,2179
Spencer Patton,,RP,1.1213200000000003,-276.1845906666667,RP,3919,2180
Jack Owen,,RP,1.1210550000000001,-276.1848556666667,RP,3920,2181
Junior Fernández,ARI,RP,1.1209749999999998,-276.1849356666667,RP,3921,2182
Beck Way,KCR,RP,1.1194050000000002,-276.18650566666673,RP,3923,2183
Jong-hyun Won,,RP,1.1192600000000004,-276.1866506666667,RP,3924,2184
Irvin Machuca,CIN,RP,1.1168400000000003,-276.1890706666667,RP,3929,2185
Carson Skipper,COL,RP,1.1152700000000002,-276.1906406666667,RP,3933,2186
Dylan Spacke,,RP,1.1140199999999998,-276.1918906666667,RP,3935,2187
Brendan Rodgers,BOS,2B,19.228786266666667,-276.1924737333334,Batter,1276,2188
Roy Garcia,,RP,1.112555,-276.1933556666667,RP,3936,2189
Grant Cherry,TEX,RP,1.1117099999999998,-276.1942006666667,RP,3937,2190
Will Smith,,RP,1.1111305,-276.1947801666667,RP,3938,2191
Connor Housley,,RP,1.110925,-276.1949856666667,RP,3939,2192
Albert Rivas,,RP,1.10987,-276.1960406666667,RP,3941,2193
Jonathan Todd,TOR,RP,1.1089250000000002,-276.1969856666667,RP,3942,2194
Michael Feliz,,RP,1.1080000000000003,-276.1979106666667,RP,3944,2195
Alex Colomé,,RP,1.10726,-276.1986506666667,RP,3946,2196
Garrett Apker,HOU,RP,1.1071350000000004,-276.1987756666667,RP,3947,2197
Jack Findlay,STL,RP,1.1071200000000005,-276.1987906666667,RP,3948,2198
Sam Carlson,HOU,RP,1.1067349999999996,-276.1991756666667,RP,3949,2199
Sal Romano,,RP,1.1062949999999998,-276.1996156666667,RP,3951,2200
Yenfri Sosa,KCR,RP,1.1058950000000005,-276.20001566666673,RP,3952,2201
Eduardo Herrera,,RP,1.105585,-276.2003256666667,RP,3954,2202
Stephen Quigley,CIN,RP,1.105265,-276.20064566666673,RP,3958,2203
Ivan Armstrong,,RP,1.1044800000000001,-276.2014306666667,RP,3959,2204
Kai Peterson,TOR,RP,1.1020750000000004,-276.2038356666667,RP,3966,2205
Henry Henry,,RP,1.10149,-276.2044206666667,RP,3967,2206
Hayden Seig,LAA,RP,1.1014600000000003,-276.20445066666673,RP,3968,2207
Jonathan Russell,TBR,RP,1.100635,-276.2052756666667,RP,3969,2208
Reynaldo Yean,LAD,RP,1.1002485000000002,-276.2056621666667,RP,3970,2209
Jake Christianson,,RP,1.1000600000000003,-276.2058506666667,RP,3971,2210
Patrick Galle,BOS,RP,1.0999999999999996,-276.2059106666667,RP,3972,2211
RJ Shunck,MIA,RP,1.09999,-276.2059206666667,RP,3973,2212
Casey Kelly,,RP,1.0989900000000006,-276.2069206666667,RP,3974,2213
Zander Sechrist,MIN,RP,1.098285,-276.20762566666673,RP,3977,2214
Wyatt Hoffman,SDP,RP,1.0978899999999996,-276.2080206666667,RP,3980,2215
Carlo Reyes,,RP,1.0965249999999997,-276.2093856666667,RP,3981,2216
Ryan Hendrix,,RP,1.0964149999999997,-276.2094956666667,RP,3982,2217
Michael Stryffeler,,RP,1.09627,-276.2096406666667,RP,3983,2218
Zane Barnhart,BAL,RP,1.0952499999999996,-276.2106606666667,RP,3986,2219
Vin Timpanelli,,RP,1.0924150000000001,-276.2134956666667,RP,3992,2220
Tyler Myrick,SFG,RP,1.09197,-276.2139406666667,RP,3993,2221
Andrew Vasquez,,RP,1.0916249999999998,-276.2142856666667,RP,3994,2222
Logan McGuire,CLE,RP,1.091075,-276.2148356666667,RP,3995,2223
Adolfo Oviedo,PIT,RP,1.0907799999999994,-276.2151306666667,RP,3996,2224
Danny Hilario,TBR,RP,1.0902949999999998,-276.2156156666667,RP,3997,2225
Gabriel Ponce,,RP,1.089855,-276.2160556666667,RP,3999,2226
Chase De Jong,,RP,1.0898200000000002,-276.21609066666673,RP,4000,2227
Eury Ramos,,RP,1.0879600000000003,-276.2179506666667,RP,4002,2228
Jake Reed,,RP,1.0877200000000002,-276.2181906666667,RP,4003,2229
Brett Garcia,,RP,1.0876149999999998,-276.2182956666667,RP,4004,2230
Joe Smith,,RP,1.0865600000000002,-276.2193506666667,RP,4008,2231
Livan Reinoso,MIA,RP,1.08592,-276.2199906666667,RP,4010,2232
Gerardo Gutierrez,ARI,RP,1.0838750000000004,-276.2220356666667,RP,4011,2233
Carlos Meza,,RP,1.083635,-276.2222756666667,RP,4014,2234
Patrick Halligan,BOS,RP,1.083565,-276.2223456666667,RP,4015,2235
Travis Lakins,,RP,1.0821800000000001,-276.2237306666667,RP,4016,2236
Raffi Vizcaíno,,RP,1.081695,-276.2242156666667,RP,4017,2237
Jared Kelley,CHW,RP,1.0782150000000001,-276.2276956666667,RP,4020,2238
Mitchell Tyranski,,RP,1.0778699999999999,-276.2280406666667,RP,4021,2239
Joel Cesar,,RP,1.075805,-276.2301056666667,RP,4024,2240
Jacob Wosinski,MIN,RP,1.07476,-276.2311506666667,RP,4026,2241
Tyler Driver,,RP,1.0741600000000002,-276.2317506666667,RP,4028,2242
Wyatt Mills,LAD,RP,1.0716800000000002,-276.2342306666667,RP,4029,2243
Hudson Leach,HOU,RP,1.0685950000000002,-276.2373156666667,RP,4031,2244
Anthony Maldonado,HOU,RP,1.06834,-276.2375706666667,RP,4032,2245
Keyshawn Askew,TBR,RP,1.0659300000000003,-276.2399806666667,RP,4033,2246
Adrian Hernandez,,RP,1.0652399999999995,-276.2406706666667,RP,4037,2247
Victor Garcia,LAA,RP,1.063565,-276.2423456666667,RP,4043,2248
Anthony Vizcaya,,RP,1.0634049999999997,-276.2425056666667,RP,4044,2249
Domenic Picone,STL,RP,1.0632350000000002,-276.2426756666667,RP,4045,2250
Riley Pint,SDP,RP,1.062995,-276.2429156666667,RP,4046,2251
Drew Ehrhard,BOS,RP,1.06243,-276.2434806666667,RP,4047,2252
Roman Phansalkar,LAA,RP,1.0616500000000002,-276.2442606666667,RP,4048,2253
Benny Thompson,LAA,RP,1.06074,-276.2451706666667,RP,4051,2254
Nate Wohlgemuth,HOU,RP,1.0588199999999999,-276.2470906666667,RP,4052,2255
Nelson L. Alvarez,,RP,1.0587050000000005,-276.24720566666673,RP,4053,2256
Josh Timmerman,MIL,RP,1.0559000000000003,-276.2500106666667,RP,4058,2257
Will Sandy,,RP,1.0551200000000005,-276.2507906666667,RP,4060,2258
Jesús Liranzo,,RP,1.0549799999999996,-276.2509306666667,RP,4061,2259
Marlin Willis,,RP,1.0534949999999998,-276.2524156666667,RP,4064,2260
Robinson Martínez,NYM,RP,1.0534949999999998,-276.2524156666667,RP,4065,2261
Richard Rodríguez,,RP,1.0519999999999996,-276.2539106666667,RP,4068,2262
Chris Stratton,,RP,1.0516949999999998,-276.2542156666667,RP,4069,2263
Jeff Belge,,RP,1.051015,-276.2548956666667,RP,4070,2264
Xavier Cardenas III,MIA,RP,1.0500000000000007,-276.2559106666667,RP,4074,2265
Konner Wade,,RP,1.0499999999999998,-276.2559106666667,RP,4075,2266
Enoli Paredes,BAL,RP,1.0492249999999999,-276.2566856666667,RP,4078,2267
Alec Mills,,RP,1.0489599999999997,-276.2569506666667,RP,4080,2268
Saul Teran,PHI,RP,1.048615,-276.2572956666667,RP,4081,2269
Ocean Gabonia,NYY,RP,1.0475050000000001,-276.2584056666667,RP,4084,2270
Bryan Pope,,RP,1.0462999999999996,-276.25961066666673,RP,4085,2271
Roberto Perez,SEA,RP,1.04616,-276.2597506666667,RP,4086,2272
Randel Clemente,STL,RP,1.0449849999999998,-276.2609256666667,RP,4089,2273
Chad Bryant,,RP,1.0449149999999998,-276.2609956666667,RP,4091,2274
Hunter Hoopes,MIN,RP,1.04392,-276.2619906666667,RP,4094,2275
Bo Takahashi,,RP,1.0426400000000005,-276.2632706666667,RP,4097,2276
Jared Johnson,ATH,RP,1.04143,-276.2644806666667,RP,4098,2277
Kasey Ford,,RP,1.0407549999999999,-276.2651556666667,RP,4100,2278
Jun Ho Ha,,RP,1.0404600000000006,-276.2654506666667,RP,4101,2279
Jeff Hakanson,,RP,1.0386549999999999,-276.2672556666667,RP,4102,2280
Eddy Demurias,,RP,1.0375299999999996,-276.2683806666667,RP,4104,2281
Tyler Bryant,MIL,RP,1.0372100000000004,-276.2687006666667,RP,4105,2282
Shea Spitzbarth,,RP,1.0369800000000002,-276.2689306666667,RP,4107,2283
Devin Sweet,BOS,RP,1.035985,-276.2699256666667,RP,4110,2284
Ryan Bruno,ARI,RP,1.0357149999999997,-276.2701956666667,RP,4111,2285
Matt Givin,,RP,1.0343849999999999,-276.2715256666667,RP,4116,2286
Travis MacGregor,NYY,RP,1.0340600000000002,-276.2718506666667,RP,4117,2287
Hirokazu Sawamura,,RP,1.0335,-276.2724106666667,RP,4118,2288
Fran Oschell III,LAA,RP,1.033334,-276.2725766666667,RP,4119,2289
Andrew Dalquist,SDP,RP,1.03239,-276.2735206666667,RP,4120,2290
Brayan Perez,,RP,1.03186,-276.2740506666667,RP,4122,2291
Sheldon Reed,,RP,1.0313249999999996,-276.2745856666667,RP,4123,2292
Jeff Brigham,CHC,RP,1.0303950000000004,-276.2755156666667,RP,4124,2293
Moises Rodriguez,DET,RP,1.0293299999999999,-276.2765806666667,RP,4126,2294
Will Gaddis,,RP,1.0266799999999996,-276.2792306666667,RP,4128,2295
Jake Reindl,,RP,1.0259700000000005,-276.27994066666673,RP,4129,2296
Brayden Risedorph,CHC,RP,1.0259499999999997,-276.2799606666667,RP,4130,2297
Angel Perez,CLE,RP,1.02577,-276.2801406666667,RP,4131,2298
Jimmy Loper,,RP,1.0242099999999996,-276.2817006666667,RP,4135,2299
Tanner Andrews,TOR,RP,1.02387,-276.2820406666667,RP,4136,2300
Oddanier Mosqueda,PIT,RP,1.0238299999999998,-276.28208066666673,RP,4137,2301
Jake McSteen,,RP,1.0228899999999999,-276.2830206666667,RP,4140,2302
Jack Hartman,TBR,RP,1.0227650000000001,-276.2831456666667,RP,4141,2303
Bridger Holmes,LAA,RP,1.0227,-276.2832106666667,RP,4142,2304
Will Armbruester,MIN,RP,1.0208750000000004,-276.2850356666667,RP,4144,2305
Cam Brown,,RP,1.0207700000000002,-276.2851406666667,RP,4145,2306
Miguel Rodriguez,,RP,1.02045,-276.2854606666667,RP,4146,2307
Hunter McMahon,,RP,1.020055,-276.2858556666667,RP,4148,2308
Tristan Garnett,PHI,RP,1.01967,-276.2862406666667,RP,4150,2309
Steven Jennings,,RP,1.01958,-276.2863306666667,RP,4152,2310
Eli Villalobos,SDP,RP,1.019385,-276.2865256666667,RP,4153,2311
Samuel Perez,,RP,1.01926,-276.28665066666673,RP,4154,2312
Amir Garrett,,RP,1.018675,-276.28723566666673,RP,4155,2313
Jacob Stretch,,RP,1.0181900000000006,-276.2877206666667,RP,4156,2314
Gabriel Yanez,,RP,1.0175700000000005,-276.2883406666667,RP,4157,2315
Dalton Moats,,RP,1.017365,-276.2885456666667,RP,4158,2316
Omari Daniel,DET,RP,1.0166699999999995,-276.28924066666673,RP,4160,2317
Ryan Hennen,,RP,1.01648,-276.2894306666667,RP,4161,2318
Alfred Morillo,ARI,RP,1.0144450000000003,-276.2914656666667,RP,4165,2319
Kolton Ingram,,RP,1.0144349999999998,-276.2914756666667,RP,4166,2320
Marco Jimenez,DET,RP,1.0131499999999996,-276.2927606666667,RP,4169,2321
LJ McDonough,ATL,RP,1.013035,-276.2928756666667,RP,4170,2322
Yefry Ramírez,,RP,1.0128599999999999,-276.2930506666667,RP,4171,2323
Ryan Vanderhei,SFG,RP,1.0125350000000002,-276.2933756666667,RP,4172,2324
Brock Moore,SEA,RP,1.0118855,-276.2940251666667,RP,4173,2325
Adonis Medina,,RP,1.01183,-276.29408066666673,RP,4174,2326
Alex Martinez,LAA,RP,1.0114950000000005,-276.2944156666667,RP,4175,2327
Mason Fox,,RP,1.0110899999999994,-276.2948206666667,RP,4176,2328
Gerlin Rosario,TBR,RP,1.01102,-276.29489066666673,RP,4177,2329
Clayton Andrews,,RP,1.010675,-276.2952356666667,RP,4179,2330
Samuel Carpio,MIA,RP,1.00931,-276.2966006666667,RP,4181,2331
Jacob DeLabio,,RP,1.0081449999999998,-276.2977656666667,RP,4184,2332
Antonio Knowles,LAD,RP,1.0057550000000002,-276.3001556666667,RP,4189,2333
Cristhian Tortosa,PHI,RP,1.0041249999999997,-276.3017856666667,RP,4194,2334
Logan Whitaker,MIN,RP,1.0022649999999997,-276.3036456666667,RP,4198,2335
Luis Flores,CLE,RP,1.00198,-276.3039306666667,RP,4199,2336
Chase Costello,MIL,RP,1.0006749999999998,-276.3052356666667,RP,4203,2337
Eduardo Salazar,,RP,1.0005750000000004,-276.3053356666667,RP,4205,2338
Nick Robertson,LAD,RP,1.0000850000000001,-276.3058256666667,RP,4207,2339
Anthony Garcia,,RP,1.0000200000000001,-276.3058906666667,RP,4208,2340
Jacob Hartlaub,TBR,RP,1.0000100000000005,-276.30590066666673,RP,4209,2341
Yirber Ruiz,,RP,1.0000100000000005,-276.30590066666673,RP,4210,2342
Stephen Ridings,,RP,1.0,-276.3059106666667,RP,4211,2343
Griffin Kirn,ATH,RP,0.9999899999999995,-276.3059206666667,RP,4212,2344
Ricky DeVito,,RP,0.9989299999999999,-276.30698066666673,RP,4215,2345
John McMillon,PHI,RP,0.9987499999999995,-276.30716066666673,RP,4216,2346
Michael Brewer,,RP,0.9966349999999999,-276.3092756666667,RP,4219,2347
A.J. Wilson,PHI,RP,0.9964050000000002,-276.3095056666667,RP,4220,2348
Cooper McKeehan,,RP,0.9958800000000001,-276.3100306666667,RP,4222,2349
Luis Vizcaino,,RP,0.9956999999999998,-276.3102106666667,RP,4223,2350
Shane Telfer,,RP,0.9948549999999997,-276.31105566666673,RP,4224,2351
Conor Larkin,TOR,RP,0.99406,-276.3118506666667,RP,4226,2352
Miguel Hernandez,,RP,0.9935900000000002,-276.3123206666667,RP,4227,2353
Dominic Hambley,CHC,RP,0.9921099999999999,-276.3138006666667,RP,4232,2354
Luke Savage,TEX,RP,0.9920499999999999,-276.3138606666667,RP,4233,2355
Sam Thoresen,CHC,RP,0.9910749999999998,-276.3148356666667,RP,4236,2356
Trey Benton,,RP,0.990535,-276.3153756666667,RP,4237,2357
Kih-Yun Yang,,RP,0.9890800000000002,-276.3168306666667,RP,4241,2358
Shay Schanaman,,RP,0.9881099999999998,-276.3178006666667,RP,4243,2359
Landon Sims,ARI,RP,0.9879999999999999,-276.3179106666667,RP,4244,2360
Miles Langhorne,MIL,RP,0.9874250000000002,-276.31848566666673,RP,4245,2361
Seunghwan Oh,,RP,0.9873399999999997,-276.3185706666667,RP,4246,2362
Jorge Benitez,,RP,0.9868399999999999,-276.31907066666673,RP,4247,2363
Haden Erbe,,RP,0.9864750000000001,-276.3194356666667,RP,4248,2364
Indigo Diaz,ARI,RP,0.9860349999999998,-276.3198756666667,RP,4249,2365
Nick Trabacchi,MIN,RP,0.98515,-276.32076066666673,RP,4250,2366
Xander Hamilton,MIN,RP,0.983485,-276.32242566666673,RP,4255,2367
Emailin Montilla,,RP,0.9832850000000002,-276.3226256666667,RP,4257,2368
Andrew Walling,PHI,RP,0.9831749999999999,-276.3227356666667,RP,4258,2369
Camden Minacci,LAA,RP,0.9829650000000005,-276.3229456666667,RP,4259,2370
Tyler McKay,,RP,0.9827249999999996,-276.3231856666667,RP,4260,2371
Yeury Tatiz,SEA,RP,0.9823349999999998,-276.3235756666667,RP,4261,2372
Anthony Arguelles,WSN,RP,0.9811550000000001,-276.3247556666667,RP,4264,2373
Scott Engler,,RP,0.9810150000000001,-276.3248956666667,RP,4267,2374
Chase Cohen,ATH,RP,0.9801800000000003,-276.3257306666667,RP,4269,2375
Shohei Tomioka,ATH,RP,0.9795750000000003,-276.3263356666667,RP,4271,2376
Stephen Gonsalves,,RP,0.9792799999999997,-276.3266306666667,RP,4273,2377
Jake Smith,MIA,RP,0.9788300000000001,-276.3270806666667,RP,4274,2378
Matt Barnes,,RP,0.9786759999999999,-276.3272346666667,RP,4275,2379
Will Mabrey,ARI,RP,0.9770150000000004,-276.3288956666667,RP,4277,2380
Derrick Edington,TBR,RP,0.976965,-276.3289456666667,RP,4278,2381
Eric Torres,BAL,RP,0.9762249999999997,-276.3296856666667,RP,4281,2382
Stevie Emanuels,ATH,RP,0.9751200000000004,-276.3307906666667,RP,4283,2383
Evan Kravetz,,RP,0.97305,-276.3328606666667,RP,4287,2384
CJ Weins,DET,RP,0.9724299999999998,-276.33348066666673,RP,4288,2385
Santiago Gomez,NYY,RP,0.9716299999999998,-276.3342806666667,RP,4291,2386
Andrew Misiaszek,,RP,0.97154,-276.3343706666667,RP,4292,2387
Carlos Romero,,RP,0.9708949999999994,-276.3350156666667,RP,4293,2388
Jacob Heatherly,CHW,RP,0.9707099999999996,-276.3352006666667,RP,4294,2389
Jose E. Hernandez,,RP,0.969735,-276.3361756666667,RP,4295,2390
José Geraldo,,RP,0.9676799999999999,-276.33823066666673,RP,4298,2391
Tyler Zuber,MIA,RP,0.9675549999999998,-276.3383556666667,RP,4299,2392
Wilker Reyes,,RP,0.9663200000000003,-276.3395906666667,RP,4301,2393
Michael Trausch,TEX,RP,0.96625,-276.3396606666667,RP,4302,2394
Armando Vasquez,,RP,0.96547,-276.3404406666667,RP,4304,2395
Juan Mercedes,,RP,0.9640099999999997,-276.34190066666673,RP,4309,2396
Aaron Hernandez,,RP,0.9633199999999998,-276.3425906666667,RP,4312,2397
Blair Calvo,,RP,0.9631350000000002,-276.3427756666667,RP,4313,2398
Zach Greene,,RP,0.9630950000000003,-276.3428156666667,RP,4314,2399
Darrell Thompson,,RP,0.9623600000000001,-276.3435506666667,RP,4316,2400
Raudy Rivera,CLE,RP,0.9616649999999999,-276.3442456666667,RP,4318,2401
Tristan Stivors,,RP,0.9609599999999999,-276.3449506666667,RP,4320,2402
Luis Alvarez,NYM,RP,0.9609499999999996,-276.3449606666667,RP,4321,2403
Juan Nunez,,RP,0.9606899999999996,-276.3452206666667,RP,4322,2404
Javier Bartolozzi,LAD,RP,0.9604600000000001,-276.3454506666667,RP,4324,2405
Aneudy Cortorreal,,RP,0.9604450000000003,-276.3454656666667,RP,4325,2406
Shawn Rapp,,RP,0.9603099999999999,-276.3456006666667,RP,4326,2407
Josbel Garcia,PHI,RP,0.9601500000000003,-276.3457606666667,RP,4328,2408
Danny Thompson Jr.,TOR,RP,0.96,-276.3459106666667,RP,4329,2409
Clete Hartzog,CHW,RP,0.9597749999999998,-276.3461356666667,RP,4331,2410
Kyle Amendt,ARI,RP,0.9581350000000002,-276.3477756666667,RP,4334,2411
Trey Braithwaite,,RP,0.9579600000000003,-276.3479506666667,RP,4335,2412
Aric McAtee,CHW,RP,0.957785,-276.3481256666667,RP,4336,2413
Jonathan Brand,TEX,RP,0.9577349999999998,-276.3481756666667,RP,4337,2414
Duane Underwood Jr.,,RP,0.9575250000000003,-276.34838566666673,RP,4338,2415
Jack Eshleman,TOR,RP,0.9571199999999997,-276.34879066666673,RP,4339,2416
Adam McKillican,COL,RP,0.9570650000000005,-276.3488456666667,RP,4340,2417
Erich Uelmen,,RP,0.95678,-276.3491306666667,RP,4342,2418
Ty Tice,,RP,0.9550949999999996,-276.35081566666673,RP,4348,2419
Jackson Kirkpatrick,CHC,RP,0.9550199999999995,-276.3508906666667,RP,4349,2420
Rafael Garcia,,RP,0.9548929999999998,-276.3510176666667,RP,4350,2421
Gleiner Diaz,SEA,RP,0.9544649999999998,-276.3514456666667,RP,4353,2422
Kelvin Cáceres,LAA,RP,0.95316,-276.3527506666667,RP,4354,2423
Rafael Marcano,,RP,0.9530200000000004,-276.3528906666667,RP,4355,2424
Austin Becker,,RP,0.9527800000000002,-276.3531306666667,RP,4356,2425
Thomas Balboni Jr.,NYY,RP,0.9527149999999999,-276.3531956666667,RP,4357,2426
Luke Taggart,DET,RP,0.9525994999999996,-276.3533111666667,RP,4358,2427
Matt Carasiti,,RP,0.951875,-276.35403566666673,RP,4360,2428
Dailoui Abad,LAD,RP,0.9514659999999999,-276.3544446666667,RP,4361,2429
Grayson Thurman,,RP,0.9512299999999998,-276.3546806666667,RP,4363,2430
Trevor Clifton,,RP,0.9504849999999998,-276.3554256666667,RP,4364,2431
Kleyderve Andrade,PHI,RP,0.9504499999999999,-276.3554606666667,RP,4365,2432
Luis Contreras,,RP,0.9499549999999998,-276.3559556666667,RP,4366,2433
Jae Yun Kim,,RP,0.9497,-276.3562106666667,RP,4367,2434
Erasmo Ramírez,,RP,0.949345,-276.3565656666667,RP,4368,2435
Myles Caba,LAD,RP,0.94928,-276.3566306666667,RP,4369,2436
Tyson Miller,CHW,RP,0.949035,-276.3568756666667,RP,4370,2437
Stevie Branche,,RP,0.9489150000000001,-276.3569956666667,RP,4371,2438
Jermayne Verdu,NYM,RP,0.9472700000000003,-276.3586406666667,RP,4374,2439
Josh Hejka,TEX,RP,0.9472350000000003,-276.3586756666667,RP,4375,2440
José Cruz,,RP,0.9465999999999999,-276.3593106666667,RP,4377,2441
Alberto Mota,TEX,RP,0.9459149999999998,-276.3599956666667,RP,4379,2442
Jake Shirk,PIT,RP,0.945095,-276.3608156666667,RP,4382,2443
Tommy Doyle,,RP,0.9445899999999999,-276.3613206666667,RP,4383,2444
Lucas Gilbreath,COL,RP,0.9440334999999999,-276.3618771666667,RP,4384,2445
Michael Hobbs,SEA,RP,0.943985,-276.3619256666667,RP,4385,2446
Jeisson Cabrera,BAL,RP,0.9438350000000001,-276.3620756666667,RP,4386,2447
Tyler Thornton,CLE,RP,0.9435849999999997,-276.3623256666667,RP,4387,2448
Zac Houston,,RP,0.94324,-276.3626706666667,RP,4389,2449
Brett de Geus,,RP,0.9428849999999999,-276.3630256666667,RP,4390,2450
Cameron Keshock,PIT,RP,0.9428700000000001,-276.3630406666667,RP,4392,2451
Seamus Barrett,LAD,RP,0.9428700000000001,-276.3630406666667,RP,4391,2452
Si Hwan Chang,,RP,0.9425400000000002,-276.3633706666667,RP,4394,2453
Jacob Bosiokovic,,RP,0.9425049999999999,-276.3634056666667,RP,4396,2454
Tyler Vogel,SFG,RP,0.9412449999999999,-276.3646656666667,RP,4398,2455
Reagan Todd,,RP,0.9410619999999996,-276.3648486666667,RP,4399,2456
Davison Palermo,COL,RP,0.9406700000000002,-276.3652406666667,RP,4400,2457
Pilljoon Jang,,RP,0.9405400000000002,-276.3653706666667,RP,4402,2458
Josh Tiedemann,NYY,RP,0.9391400000000001,-276.3667706666667,RP,4405,2459
Nathan Landry,,RP,0.9386049999999999,-276.3673056666667,RP,4406,2460
Anderson Paulino,,RP,0.9385150000000002,-276.3673956666667,RP,4407,2461
Nicholas Padilla,,RP,0.937575,-276.3683356666667,RP,4410,2462
Jacob Maton,,RP,0.9375200000000004,-276.3683906666667,RP,4411,2463
Liam Norris,,RP,0.9370550000000001,-276.3688556666667,RP,4413,2464
Bryce Collins,CHW,RP,0.9369950000000004,-276.3689156666667,RP,4414,2465
Matt Krook,ATH,RP,0.9361850000000002,-276.3697256666667,RP,4415,2466
Helcris Olivárez,KCR,RP,0.9361650000000002,-276.3697456666667,RP,4416,2467
Blake Holub,MIL,RP,0.9361499999999997,-276.3697606666667,RP,4417,2468
Davidxon Lara,LAA,RP,0.9360599999999998,-276.3698506666667,RP,4418,2469
Danny Wilkinson,PHI,RP,0.9355550000000001,-276.3703556666667,RP,4420,2470
Yohanse Morel,,RP,0.9351800000000001,-276.3707306666667,RP,4421,2471
Johnathan Lavallee,,RP,0.93475,-276.3711606666667,RP,4422,2472
Jesus Castro,SDP,RP,0.9344269999999999,-276.3714836666667,RP,4423,2473
Tyler Eckberg,,RP,0.9342949999999998,-276.3716156666667,RP,4424,2474
Vince Vannelle,,RP,0.9340400000000001,-276.3718706666667,RP,4425,2475
Jack Patterson,,RP,0.93354,-276.3723706666667,RP,4428,2476
Zach Barnes,,RP,0.9322099999999997,-276.3737006666667,RP,4429,2477
Sandy Gaston,WSN,RP,0.9304799999999998,-276.3754306666667,RP,4432,2478
Jonathan Clark,CHW,RP,0.9304200000000004,-276.3754906666667,RP,4433,2479
Giomar Diaz,,RP,0.9294750000000002,-276.3764356666667,RP,4434,2480
Andrew Baker,PHI,RP,0.9294549999999997,-276.3764556666667,RP,4435,2481
Elison Joseph,ATL,RP,0.9262000000000001,-276.3797106666667,RP,4439,2482
Luis Avila,PHI,RP,0.9260949999999999,-276.37981566666673,RP,4440,2483
Francisco Morales,,RP,0.925495,-276.3804156666667,RP,4441,2484
Brayan Castillo,COL,RP,0.9246000000000004,-276.3813106666667,RP,4443,2485
Andinson Ferrer,,RP,0.92411,-276.3818006666667,RP,4445,2486
Parker Dunshee,,RP,0.92046,-276.3854506666667,RP,4451,2487
Christian Herberholz,BAL,RP,0.9203000000000002,-276.3856106666667,RP,4452,2488
A.J. Puckett,,RP,0.9201050000000001,-276.3858056666667,RP,4453,2489
Layonel Ovalles,,RP,0.9196499999999999,-276.3862606666667,RP,4454,2490
Paxton Thompson,,RP,0.9192200000000004,-276.3866906666667,RP,4455,2491
Keegan Collett,,RP,0.9187749999999999,-276.3871356666667,RP,4457,2492
Dwayne Matos,,RP,0.9173150000000001,-276.38859566666673,RP,4459,2493
Timmy Manning,,RP,0.917115,-276.3887956666667,RP,4460,2494
Landon Tomkins,PIT,RP,0.9168750000000003,-276.3890356666667,RP,4461,2495
Kevin Gowdy,,RP,0.9162150000000001,-276.3896956666667,RP,4464,2496
Jay Allmer,BOS,RP,0.9155000000000001,-276.3904106666667,RP,4467,2497
Grant Hartwig,MIN,RP,0.9152000000000007,-276.3907106666667,RP,4468,2498
Seth Clark,,RP,0.9137749999999998,-276.3921356666667,RP,4470,2499
Brady Kirtner,NYY,RP,0.91336,-276.3925506666667,RP,4473,2500
Miguel Guerrero,,RP,0.9133499999999999,-276.3925606666667,RP,4474,2501
Andres Cova,LAA,RP,0.91256,-276.3933506666667,RP,4476,2502
Marcus Morgan,PHI,RP,0.9124999999999996,-276.3934106666667,RP,4477,2503
Dencer Geraldo,,RP,0.9124999999999996,-276.3934106666667,RP,4478,2504
Jose Adames,,RP,0.912345,-276.3935656666667,RP,4479,2505
Vicarte Domingo,SDP,RP,0.9119900000000003,-276.3939206666667,RP,4480,2506
Carlton Perkins,CHW,RP,0.9116850000000001,-276.3942256666667,RP,4481,2507
Michael Martinez,,RP,0.9109699999999998,-276.3949406666667,RP,4482,2508
Hunter Dula,,RP,0.9087700000000005,-276.3971406666667,RP,4484,2509
Ian Villers,SFG,RP,0.9069300000000001,-276.3989806666667,RP,4485,2510
Fernando Ramos,,RP,0.9049600000000007,-276.4009506666667,RP,4486,2511
Connor Prins,,RP,0.90484,-276.4010706666667,RP,4487,2512
Jack Noble,,RP,0.9044450000000002,-276.4014656666667,RP,4489,2513
Geury Rodriguez,TEX,RP,0.9042449999999996,-276.4016656666667,RP,4490,2514
Samuel Valerio,,RP,0.9041999999999999,-276.4017106666667,RP,4491,2515
Ubert Mejias,SFG,RP,0.9027650000000004,-276.4031456666667,RP,4492,2516
Ben Onyshko,,RP,0.9026249999999998,-276.4032856666667,RP,4493,2517
Max Roberts,,RP,0.9020349999999998,-276.4038756666667,RP,4495,2518
Jesus Anton,NYM,RP,0.9014059999999997,-276.4045046666667,RP,4496,2519
Justin Anderson,,RP,0.901395,-276.4045156666667,RP,4497,2520
Jake Pfennigs,,RP,0.9007050000000003,-276.4052056666667,RP,4499,2521
Zane Petty,CLE,RP,0.9000000000000004,-276.4059106666667,RP,4500,2522
Yuhi Sako,,RP,0.9000000000000004,-276.4059106666667,RP,4501,2523
Nate Webb,,RP,0.8998349999999998,-276.4060756666667,RP,4502,2524
Luis Polanco,,RP,0.89792,-276.4079906666667,RP,4505,2525
Alejandro Manzano,ATH,RP,0.8977350000000001,-276.4081756666667,RP,4506,2526
Thomas Farr,CIN,RP,0.897205,-276.4087056666667,RP,4508,2527
Raymond Burgos,,RP,0.896955,-276.4089556666667,RP,4509,2528
Zach Bryant,,RP,0.8969399999999997,-276.40897066666673,RP,4510,2529
Teofilo Mendez,ARI,RP,0.8967799999999999,-276.4091306666667,RP,4512,2530
Yordy Herrera,STL,RP,0.8957949999999998,-276.4101156666667,RP,4514,2531
Regi Grace,,RP,0.8951150000000002,-276.41079566666673,RP,4518,2532
Luke Young,WSN,RP,0.8942150000000004,-276.41169566666673,RP,4519,2533
Evan Shaw,LAD,RP,0.8935850000000001,-276.41232566666673,RP,4520,2534
Bjorn Johnson,MIL,RP,0.8924600000000006,-276.4134506666667,RP,4524,2535
Allan Saathoff,,RP,0.89047,-276.4154406666667,RP,4527,2536
Trent Turzenski,BAL,RP,0.8902100000000002,-276.4157006666667,RP,4528,2537
Juan Arnaud,NYM,RP,0.8899149999999998,-276.41599566666673,RP,4529,2538
Felix Cepeda,,RP,0.8895249999999999,-276.4163856666667,RP,4532,2539
Zac Leigh,CHC,RP,0.8893849999999999,-276.4165256666667,RP,4534,2540
Aaron Rund,,RP,0.8893800000000002,-276.4165306666667,RP,4535,2541
Cam Robinson,TBR,RP,0.8891349999999998,-276.4167756666667,RP,4537,2542
Braden Carmichael,,RP,0.8873950000000002,-276.4185156666667,RP,4539,2543
Gerson Moreno,STL,RP,0.8873549999999998,-276.4185556666667,RP,4540,2544
Alec Barger,,RP,0.8869200000000002,-276.41899066666673,RP,4541,2545
Jack Snyder,TBR,RP,0.88675,-276.4191606666667,RP,4542,2546
Jawilme Ramirez,STL,RP,0.8865149999999994,-276.41939566666673,RP,4543,2547
Logan VanWey,HOU,RP,0.8844599999999999,-276.4214506666667,RP,4545,2548
Ben Bowden,ATH,RP,0.8826500000000004,-276.4232606666667,RP,4546,2549
Jorge Juan,BOS,RP,0.8825850000000002,-276.4233256666667,RP,4547,2550
DJ Peters,,RP,0.8822100000000006,-276.4237006666667,RP,4549,2551
Paul Witt,,RP,0.88199,-276.42392066666673,RP,4550,2552
Mark Adamiak,ATH,RP,0.8818550000000003,-276.42405566666673,RP,4551,2553
Jeferson Figueroa,,RP,0.88126,-276.4246506666667,RP,4552,2554
Norbis Diaz,HOU,RP,0.8794649999999999,-276.4264456666667,RP,4554,2555
Michael Boyle,,RP,0.8788000000000005,-276.4271106666667,RP,4555,2556
Kaleb Corbett,TBR,RP,0.8770100000000003,-276.4289006666667,RP,4558,2557
Jeral Vizcaino,,RP,0.8755099999999999,-276.4304006666667,RP,4560,2558
Jesus Gamez,TEX,RP,0.8739900000000005,-276.4319206666667,RP,4562,2559
Nick Vespi,,RP,0.8735149999999998,-276.4323956666667,RP,4563,2560
Alex Speas,,RP,0.8729599999999997,-276.4329506666667,RP,4564,2561
Aldo Leija,,RP,0.87209,-276.4338206666667,RP,4565,2562
Victor Simeon,TEX,RP,0.87079,-276.4351206666667,RP,4566,2563
Ashton Goudeau,,RP,0.8706000000000002,-276.4353106666667,RP,4568,2564
Austin Davis,,RP,0.8700000000000001,-276.4359106666667,RP,4569,2565
Eli Ankeney,NYM,RP,0.8678100000000003,-276.4381006666667,RP,4573,2566
JJ Sanchez,,RP,0.8666999999999999,-276.4392106666667,RP,4574,2567
Jake Fitzgibbons,ARI,RP,0.8664800000000006,-276.4394306666667,RP,4576,2568
Kevin Davis,CHW,RP,0.8654249999999999,-276.4404856666667,RP,4577,2569
Chris Mauloni,,RP,0.8644349999999998,-276.4414756666667,RP,4580,2570
Jackson Hicks,,RP,0.8637600000000003,-276.4421506666667,RP,4581,2571
Fitz Stadler,,RP,0.8629600000000002,-276.4429506666667,RP,4582,2572
Allan Hernandez,,RP,0.8626050000000001,-276.44330566666673,RP,4584,2573
Julian Smith,,RP,0.8616,-276.4443106666667,RP,4587,2574
Jack Mahoney,ATH,RP,0.8610099999999999,-276.4449006666667,RP,4589,2575
Railin Perez,HOU,RP,0.8590050000000001,-276.4469056666667,RP,4590,2576
Keduar Trujillo,HOU,RP,0.8573699999999995,-276.4485406666667,RP,4592,2577
Ryan Ammons,NYM,RP,0.8567599999999999,-276.4491506666667,RP,4593,2578
Yehizon Sanchez,MIN,RP,0.8561549999999999,-276.4497556666667,RP,4594,2579
Hunter Hodges,NYM,RP,0.8543199999999997,-276.45159066666673,RP,4597,2580
Jose Geraldo,SEA,RP,0.8537899999999998,-276.4521206666667,RP,4598,2581
Colby Martin,MIA,RP,0.8532249999999999,-276.4526856666667,RP,4600,2582
Augusto Mendieta,KCR,RP,0.852685,-276.4532256666667,RP,4601,2583
Joey Danielson,TEX,RP,0.8506150000000002,-276.4552956666667,RP,4602,2584
Seth Chavez,TBR,RP,0.8486949999999998,-276.4572156666667,RP,4605,2585
Sam Weatherly,COL,RP,0.8485049999999996,-276.4574056666667,RP,4606,2586
Dakota Chalmers,,RP,0.8473049999999999,-276.4586056666667,RP,4607,2587
Xavier Ruiz,,RP,0.8471599999999997,-276.45875066666673,RP,4608,2588
Colby White,,RP,0.84703,-276.4588806666667,RP,4609,2589
Justin Kelly,,RP,0.8467999999999999,-276.45911066666673,RP,4610,2590
Kobe Robinson,,RP,0.8464149999999997,-276.4594956666667,RP,4611,2591
Reggie Lawson,,RP,0.8458799999999997,-276.4600306666667,RP,4612,2592
Inmer Lobo,PIT,RP,0.8454550000000002,-276.4604556666667,RP,4614,2593
Jake Eddington,PHI,RP,0.8450849999999996,-276.4608256666667,RP,4615,2594
Devin Kirby,,RP,0.8446299999999998,-276.4612806666667,RP,4616,2595
Cam Schuelke,CLE,RP,0.8442850000000003,-276.4616256666667,RP,4617,2596
Ben Sears,KCR,RP,0.8432050000000001,-276.4627056666667,RP,4618,2597
Hunter Viets,,RP,0.8428699999999996,-276.4630406666667,RP,4619,2598
Michael Vilchez,,RP,0.842085,-276.4638256666667,RP,4621,2599
Carlos Molina,,RP,0.841655,-276.4642556666667,RP,4623,2600
Harold Cortijo,,RP,0.8414600000000001,-276.4644506666667,RP,4624,2601
Nick Paciorek,,RP,0.8406800000000001,-276.4652306666667,RP,4625,2602
Zane Morehouse,CLE,RP,0.8406050000000005,-276.4653056666667,RP,4626,2603
German Fajardo,LAA,RP,0.8392099999999999,-276.4667006666667,RP,4627,2604
Emerson Talavera,,RP,0.83915,-276.4667606666667,RP,4629,2605
Ricky Karcher,,RP,0.83869,-276.4672206666667,RP,4631,2606
Sean Barnett,SDP,RP,0.8384865000000001,-276.4674241666667,RP,4632,2607
Sean Hermann,SEA,RP,0.8380949999999999,-276.4678156666667,RP,4633,2608
Pedro Garcia,,RP,0.8372049999999999,-276.4687056666667,RP,4636,2609
Enderjer Sifontes,,RP,0.8370949999999999,-276.4688156666667,RP,4638,2610
Yoljeldriz Diaz,,RP,0.8366400000000003,-276.4692706666667,RP,4639,2611
Caden Monke,KCR,RP,0.8352700000000004,-276.4706406666667,RP,4641,2612
Jordan Weems,LAD,RP,0.8341549999999998,-276.4717556666667,RP,4642,2613
Josh Blum,NYM,RP,0.8337899999999998,-276.4721206666667,RP,4643,2614
Andrés Nolaya,BAL,RP,0.8333300000000001,-276.4725806666667,RP,4644,2615
Gerardo Reyes,,RP,0.8323,-276.47361066666673,RP,4646,2616
Chris Veach,NYY,RP,0.8320299999999998,-276.47388066666673,RP,4648,2617
Daniel Harper,PHI,RP,0.8316150000000003,-276.4742956666667,RP,4649,2618
Dalvinson Reyes,BOS,RP,0.8300000000000001,-276.4759106666667,RP,4652,2619
Chandler Brierley,,RP,0.8300000000000001,-276.4759106666667,RP,4651,2620
Denis Reguillo,,RP,0.8299599999999999,-276.4759506666667,RP,4653,2621
Jaren Warwick,LAA,RP,0.82943,-276.4764806666667,RP,4655,2622
Jose Zerpa,SEA,RP,0.8285599999999997,-276.4773506666667,RP,4657,2623
Theo Denlinger,,RP,0.8280700000000001,-276.4778406666667,RP,4658,2624
Yeuris Jimenez,WSN,RP,0.827115,-276.4787956666667,RP,4660,2625
Harold Chirino,,RP,0.8265500000000001,-276.4793606666667,RP,4662,2626
Dylan Hall,ATH,RP,0.8256249999999998,-276.4802856666667,RP,4663,2627
Nathanael Heredia,,RP,0.8251999999999999,-276.4807106666667,RP,4664,2628
Fidel Ulloa,COL,RP,0.8251949999999998,-276.4807156666667,RP,4665,2629
Kelvin Ramirez,LAD,RP,0.824925,-276.4809856666667,RP,4667,2630
Rodolfo Martinez,,RP,0.82281,-276.4831006666667,RP,4671,2631
Garrett Irvin,,RP,0.8216949999999998,-276.4842156666667,RP,4673,2632
Andres Silvera,PIT,RP,0.8214500000000005,-276.4844606666667,RP,4674,2633
Tommy Kane,,RP,0.8213199999999997,-276.4845906666667,RP,4676,2634
Yimi Presinal,KCR,RP,0.8203300000000002,-276.4855806666667,RP,4677,2635
Jonathan Hughes,,RP,0.8182300000000003,-276.4876806666667,RP,4679,2636
Tayler Scott,ATL,RP,0.8175750000000002,-276.4883356666667,RP,4680,2637
Jake Walsh,,RP,0.8175599999999997,-276.4883506666667,RP,4681,2638
Julio Rosario,,RP,0.8174000000000001,-276.4885106666667,RP,4682,2639
Yerlin Rodriguez,MIL,RP,0.8171149999999999,-276.4887956666667,RP,4683,2640
Josh Rogers,,RP,0.81567,-276.4902406666667,RP,4685,2641
Antonio Florido,DET,RP,0.8136699999999999,-276.4922406666667,RP,4688,2642
Trent Hodgdon,CIN,RP,0.8134950000000001,-276.4924156666667,RP,4689,2643
Samuel Vasquez,MIA,RP,0.813245,-276.4926656666667,RP,4690,2644
Ben Peterson,SFG,RP,0.81094,-276.4949706666667,RP,4693,2645
Kelly Austin,NYY,RP,0.8103449999999995,-276.4955656666667,RP,4694,2646
Noah Beal,TBR,RP,0.8102050000000001,-276.4957056666667,RP,4695,2647
Malik Barrington,,RP,0.8101000000000002,-276.4958106666667,RP,4696,2648
Manuel De La Rosa,,RP,0.8096700000000003,-276.4962406666667,RP,4697,2649
Chris Kean,NYY,RP,0.8094950000000001,-276.4964156666667,RP,4698,2650
Josan Méndez,,RP,0.8094449999999996,-276.4964656666667,RP,4699,2651
Carlos Lequerica,DET,RP,0.8093049999999997,-276.4966056666667,RP,4700,2652
Brannon Jordan,,RP,0.8089400000000002,-276.4969706666667,RP,4701,2653
Nathan Karaffa,PHI,RP,0.80891,-276.4970006666667,RP,4702,2654
Cameron Pferrer,SFG,RP,0.8087199999999998,-276.4971906666667,RP,4704,2655
Cade Citelli,TBR,RP,0.80795,-276.4979606666667,RP,4705,2656
Anfernny Reyes,MIL,RP,0.80635,-276.4995606666667,RP,4707,2657
Ronny Garcia,,RP,0.8062999999999996,-276.4996106666667,RP,4708,2658
Vince Reilly,CHC,RP,0.8042099999999998,-276.5017006666667,RP,4710,2659
Jay Driver,CLE,RP,0.80199,-276.5039206666667,RP,4712,2660
Maicol Reyes,TEX,RP,0.8000100000000003,-276.5059006666667,RP,4715,2661
Owen Proksch,TEX,RP,0.8000000000000007,-276.5059106666667,RP,4717,2662
Cole Cressend,,RP,0.8000000000000007,-276.5059106666667,RP,4716,2663
Nate LaRue,,RP,0.7997400000000001,-276.5061706666667,RP,4718,2664
Evan Shawver,COL,RP,0.799495,-276.5064156666667,RP,4720,2665
Hunter Furtado,PIT,RP,0.7982849999999997,-276.5076256666667,RP,4722,2666
Ralph Garza Jr.,,RP,0.7982,-276.5077106666667,RP,4723,2667
Conor Grammes,,RP,0.7977350000000002,-276.5081756666667,RP,4724,2668
Kristófer Bow,,RP,0.7969899999999996,-276.5089206666667,RP,4726,2669
Dante Mendoza,,RP,0.7962599999999997,-276.5096506666667,RP,4727,2670
Yovanny Cabrera,,RP,0.7961400000000001,-276.5097706666667,RP,4728,2671
Kyle Roche,LAA,RP,0.7957199999999998,-276.5101906666667,RP,4729,2672
Kelvin Bautista,,RP,0.7955050000000004,-276.5104056666667,RP,4730,2673
Joseph Yabbour,CHW,RP,0.7947249999999999,-276.5111856666667,RP,4731,2674
Kevin Warunek,PHI,RP,0.7946199999999994,-276.5112906666667,RP,4733,2675
Luis Pacheco,,RP,0.794535,-276.5113756666667,RP,4734,2676
Tayron Guerrero,BOS,RP,0.7922999999999996,-276.5136106666667,RP,4735,2677
Gabriel Sequeira,,RP,0.7922300000000001,-276.5136806666667,RP,4736,2678
Justin Evans,,RP,0.7914899999999996,-276.5144206666667,RP,4737,2679
Brayden Spears,CHC,RP,0.7914000000000003,-276.5145106666667,RP,4738,2680
Will Geerdes,,RP,0.7904900000000001,-276.5154206666667,RP,4739,2681
Jordy Luciano,,RP,0.7900150000000004,-276.5158956666667,RP,4740,2682
Dawil Almonte,HOU,RP,0.7900050000000005,-276.5159056666667,RP,4741,2683
Brendan Hardy,COL,RP,0.7893550000000003,-276.5165556666667,RP,4742,2684
Elwis Mijares,NYM,RP,0.789115,-276.5167956666667,RP,4743,2685
Victor Morales,ARI,RP,0.7889550000000002,-276.5169556666667,RP,4745,2686
Pedro Rodriguez,NYY,RP,0.7874999999999996,-276.5184106666667,RP,4748,2687
Drew Pestka,CIN,RP,0.7840500000000002,-276.5218606666667,RP,4751,2688
Ian Churchill,,RP,0.7839149999999998,-276.5219956666667,RP,4752,2689
Gavin Bruni,WSN,RP,0.7837349999999998,-276.5221756666667,RP,4753,2690
Trey Riley,,RP,0.7826000000000001,-276.5233106666667,RP,4755,2691
Didier Vargas,,RP,0.78002,-276.5258906666667,RP,4757,2692
Jake Rice,ARI,RP,0.7796000000000003,-276.5263106666667,RP,4758,2693
Nick Richmond,,RP,0.7793049999999998,-276.5266056666667,RP,4759,2694
Kevin Rodriguez,,RP,0.7791849999999998,-276.5267256666667,RP,4760,2695
Antoine Kelly,LAD,RP,0.7790250000000002,-276.5268856666667,RP,4761,2696
Jack Weisenburger,,RP,0.7786250000000001,-276.5272856666667,RP,4762,2697
Todd Peterson,,RP,0.7779900000000001,-276.5279206666667,RP,4763,2698
Stephen Nogosek,,RP,0.77741,-276.52850066666673,RP,4764,2699
Parker Harm,,RP,0.7772850000000003,-276.5286256666667,RP,4765,2700
John Beller,,RP,0.7760999999999998,-276.5298106666667,RP,4767,2701
Brendan Collins,WSN,RP,0.7746550000000001,-276.5312556666667,RP,4769,2702
Jonh Henriquez,,RP,0.7742699999999997,-276.5316406666667,RP,4770,2703
Cayne Ueckert,,RP,0.7736599999999998,-276.5322506666667,RP,4771,2704
Owen Holt,CIN,RP,0.7736100000000002,-276.5323006666667,RP,4772,2705
Jose Diaz,,RP,0.77322,-276.5326906666667,RP,4773,2706
Lisnerkin Lantigua,CIN,RP,0.7721150000000001,-276.5337956666667,RP,4774,2707
Alex Garbrick,,RP,0.7718449999999998,-276.5340656666667,RP,4777,2708
Ronaldo Alesandro,,RP,0.7699399999999996,-276.5359706666667,RP,4781,2709
Yoldin De La Paz,,RP,0.7697650000000001,-276.5361456666667,RP,4782,2710
Shane Gray,,RP,0.76948,-276.5364306666667,RP,4784,2711
Joe Kemlage,,RP,0.7652799999999998,-276.5406306666667,RP,4788,2712
Adam Boucher,TBR,RP,0.7649199999999997,-276.5409906666667,RP,4790,2713
Tanner Jacobson,,RP,0.7640800000000003,-276.5418306666667,RP,4791,2714
Calvin Coker,,RP,0.7634699999999996,-276.5424406666667,RP,4792,2715
Logan Boyer,,RP,0.7633000000000001,-276.5426106666667,RP,4793,2716
Jake Pilarski,,RP,0.7620650000000002,-276.5438456666667,RP,4795,2717
Josh Roberson,,RP,0.7603099999999999,-276.5456006666667,RP,4797,2718
Wandisson Charles,DET,RP,0.7602349999999999,-276.5456756666667,RP,4798,2719
Nick Mikolajchak,,RP,0.7601750000000002,-276.5457356666667,RP,4799,2720
Chase Wallace,,RP,0.7556799999999998,-276.5502306666667,RP,4809,2721
Alex Rao,,RP,0.7554950000000002,-276.5504156666667,RP,4810,2722
Marlon Perez,,RP,0.7550400000000002,-276.5508706666667,RP,4811,2723
Abraham Gaitan,CIN,RP,0.7532600000000005,-276.5526506666667,RP,4812,2724
Adrian Rodriguez,TEX,RP,0.7529900000000003,-276.5529206666667,RP,4813,2725
Zane Russell,ARI,RP,0.7529199999999997,-276.5529906666667,RP,4815,2726
Jaycob Deese,PIT,RP,0.7525099999999998,-276.55340066666673,RP,4816,2727
Wilmer Ortega,,RP,0.751895,-276.5540156666667,RP,4820,2728
Connor Holden,,RP,0.7512899999999999,-276.5546206666667,RP,4822,2729
Matt Stil,,RP,0.75,-276.5559106666667,RP,4825,2730
Cody Adcock,CIN,RP,0.7496750000000001,-276.5562356666667,RP,4826,2731
Kelena Sauer,TOR,RP,0.7495799999999999,-276.5563306666667,RP,4827,2732
Maceo Campbell,,RP,0.7494400000000001,-276.5564706666667,RP,4828,2733
Blake Taylor,,RP,0.7489699999999999,-276.5569406666667,RP,4829,2734
Carlos Martinez,LAD,RP,0.7473849999999999,-276.5585256666667,RP,4832,2735
Connery Peters,,RP,0.7471699999999998,-276.5587406666667,RP,4833,2736
Richy Valdez,,RP,0.7461699999999993,-276.5597406666667,RP,4835,2737
John Matthews,,RP,0.7449349999999998,-276.5609756666667,RP,4836,2738
Colton Johnson,ATH,RP,0.744205,-276.5617056666667,RP,4838,2739
Jackson Dannelley,ATL,RP,0.7436849999999999,-276.5622256666667,RP,4841,2740
Carson Rudd,,RP,0.7435250000000004,-276.5623856666667,RP,4842,2741
Dalton Fowler,TBR,RP,0.7433350000000003,-276.5625756666667,RP,4843,2742
Riley Huge,ATH,RP,0.7431449999999998,-276.5627656666667,RP,4844,2743
Holden Laws,,RP,0.7419250000000002,-276.5639856666667,RP,4845,2744
Kyle Larsen,PIT,RP,0.7419100000000001,-276.5640006666667,RP,4846,2745
Dany Jiménez,,RP,0.7416900000000001,-276.5642206666667,RP,4847,2746
Charlie Neuweiler,,RP,0.7410399999999997,-276.5648706666667,RP,4848,2747
Jack Seppings,MIL,RP,0.7409650000000002,-276.5649456666667,RP,4849,2748
Jimmy Romano,CIN,RP,0.7408449999999999,-276.5650656666667,RP,4851,2749
Junior William,TBR,RP,0.7408049999999999,-276.5651056666667,RP,4852,2750
Luis R. Rodriguez,NYM,RP,0.7396399999999996,-276.5662706666667,RP,4854,2751
Jared Simpson,WSN,RP,0.7390349999999998,-276.5668756666667,RP,4855,2752
Justin King,MIA,RP,0.7361250000000004,-276.5697856666667,RP,4859,2753
Brennen Oxford,MIN,RP,0.7358450000000004,-276.5700656666667,RP,4860,2754
Emilker Guzman,,RP,0.7358399999999996,-276.5700706666667,RP,4861,2755
Luis Montas,,RP,0.7352000000000002,-276.5707106666667,RP,4862,2756
Andy Rodriguez,TBR,RP,0.7328699999999998,-276.5730406666667,RP,4863,2757
Dylan Hecht,SFG,RP,0.7328250000000001,-276.5730856666667,RP,4864,2758
Alonzo Richardson,CLE,RP,0.731945,-276.5739656666667,RP,4865,2759
Tommy Molsky,KCR,RP,0.7302750000000001,-276.5756356666667,RP,4868,2760
Mac Lardner,,RP,0.7295800000000001,-276.5763306666667,RP,4870,2761
Stone Hewlett,LAD,RP,0.72891,-276.5770006666667,RP,4871,2762
Jackson Leath,,RP,0.7279750000000003,-276.5779356666667,RP,4872,2763
Lenny Torres Jr.,PHI,RP,0.7272550000000002,-276.5786556666667,RP,4875,2764
Nate Tellier,,RP,0.7261599999999999,-276.5797506666667,RP,4877,2765
Tyler Beede,CHC,RP,0.7247449999999999,-276.5811656666667,RP,4880,2766
Christian Chamberlain,KCR,RP,0.7237550000000001,-276.5821556666667,RP,4881,2767
Joey Stock,,RP,0.7227600000000001,-276.5831506666667,RP,4882,2768
Jackson Fristoe,NYY,RP,0.7226599999999997,-276.5832506666667,RP,4884,2769
Argenis Aparicio,MIL,RP,0.7225800000000001,-276.5833306666667,RP,4886,2770
Luis Arejula,,RP,0.72141,-276.5845006666667,RP,4887,2771
Holden Powell,WSN,RP,0.7213449999999999,-276.5845656666667,RP,4888,2772
Robert Cranz,WSN,RP,0.7199250000000004,-276.5859856666667,RP,4890,2773
Evan Gray,SFG,RP,0.7181200000000002,-276.5877906666667,RP,4892,2774
Jimmy Burnette,TOR,RP,0.7178949999999995,-276.5880156666667,RP,4893,2775
Ryan Middendorf,,RP,0.7175449999999999,-276.58836566666673,RP,4894,2776
Teddy Sharkey,BAL,RP,0.7160900000000004,-276.5898206666667,RP,4899,2777
Liam Paddack,CHW,RP,0.7160549999999997,-276.5898556666667,RP,4900,2778
Genderson Almonte,,RP,0.71516,-276.5907506666667,RP,4903,2779
Luke Fernandez,CLE,RP,0.7142900000000001,-276.5916206666667,RP,4905,2780
Jake Gilbert,,RP,0.7142900000000001,-276.5916206666667,RP,4904,2781
Billy Seidl,,RP,0.7138749999999997,-276.59203566666673,RP,4906,2782
Diego Castillo,,RP,0.7128099999999999,-276.5931006666667,RP,4907,2783
Holt Jones,MIA,RP,0.712295,-276.5936156666667,RP,4908,2784
Dikember Sanchez,,RP,0.71069,-276.5952206666667,RP,4911,2785
Nick Maldonado,MIA,RP,0.7100149999999997,-276.5958956666667,RP,4912,2786
Ethan Sloan,DET,RP,0.7100049999999996,-276.5959056666667,RP,4913,2787
Tony Locey,,RP,0.7079799999999998,-276.5979306666667,RP,4917,2788
Deretd Parra,,RP,0.7077649999999999,-276.5981456666667,RP,4919,2789
Jordan Jackson,,RP,0.7065950000000001,-276.5993156666667,RP,4921,2790
Carson Carter,,RP,0.7065799999999999,-276.59933066666673,RP,4922,2791
Angel Gonzalez,,RP,0.70529,-276.6006206666667,RP,4924,2792
Junior Flores,PIT,RP,0.7051300000000004,-276.6007806666667,RP,4925,2793
Eric Mendez,,RP,0.7031200000000001,-276.6027906666667,RP,4926,2794
Moises Diaz,,RP,0.7030800000000003,-276.6028306666667,RP,4927,2795
Jorge De Leon,NYM,RP,0.70256,-276.6033506666667,RP,4928,2796
Thomas Mangus,CHC,RP,0.7000099999999998,-276.6059006666667,RP,4933,2797
Kamden Edge,KCR,RP,0.7000099999999998,-276.6059006666667,RP,4932,2798
Darvin Garcia,,RP,0.6998300000000003,-276.6060806666667,RP,4935,2799
Jesus Clode,PIT,RP,0.6994050000000002,-276.6065056666667,RP,4936,2800
Issac Solano,,RP,0.699,-276.6069106666667,RP,4937,2801
Shawndrick Oduber,LAD,RP,0.6989100000000003,-276.6070006666667,RP,4938,2802
Joe Joe Rodriguez,,RP,0.6987800000000004,-276.6071306666667,RP,4939,2803
Logan Berrier,DET,RP,0.6981949999999998,-276.6077156666667,RP,4941,2804
Jose Pena Jr.,PHI,RP,0.6975650000000002,-276.6083456666667,RP,4943,2805
Bernard Jose,SDP,RP,0.6965300000000003,-276.6093806666667,RP,4946,2806
Mailon Felix,,RP,0.6954,-276.6105106666667,RP,4948,2807
Bubba Hall,,RP,0.694305,-276.6116056666667,RP,4950,2808
Ben Beutel,,RP,0.6939049999999999,-276.61200566666673,RP,4952,2809
Eider Machuca,,RP,0.6935,-276.61241066666673,RP,4953,2810
Joangel Gonzalez,ARI,RP,0.6930449999999999,-276.6128656666667,RP,4954,2811
John Wilson,,RP,0.6925400000000002,-276.6133706666667,RP,4955,2812
Garrett Hodges,MIL,RP,0.6924200000000003,-276.6134906666667,RP,4956,2813
Jesus Luna,,RP,0.6921749999999999,-276.6137356666667,RP,4957,2814
Graham Hoffman,,RP,0.6920999999999998,-276.6138106666667,RP,4958,2815
Jean Munoz,SEA,RP,0.6915400000000004,-276.61437066666673,RP,4959,2816
Bradford Webb,,RP,0.6910999999999994,-276.6148106666667,RP,4960,2817
Dylan Spain,,RP,0.6910299999999999,-276.6148806666667,RP,4961,2818
Najer Victor,LAA,RP,0.6895249999999998,-276.6163856666667,RP,4962,2819
Dylan Simmons,CIN,RP,0.6894349999999998,-276.6164756666667,RP,4963,2820
Darlin Pinales,ATH,RP,0.689055,-276.6168556666667,RP,4964,2821
Julio Bonilla,,RP,0.6865899999999999,-276.6193206666667,RP,4967,2822
Luis A. Rodriguez,,RP,0.6865800000000005,-276.6193306666667,RP,4968,2823
Alejandro Crisostomo,,RP,0.6857100000000003,-276.62020066666673,RP,4969,2824
Joan Gonzalez,SDP,RP,0.6844500000000002,-276.6214606666667,RP,4970,2825
Juan Reynoso,MIA,RP,0.6844399999999998,-276.6214706666667,RP,4971,2826
Karlos Morales,,RP,0.6843800000000002,-276.62153066666673,RP,4972,2827
Mike Villani,CIN,RP,0.6835800000000001,-276.6223306666667,RP,4975,2828
Lincoln Henzman,ATH,RP,0.6832949999999997,-276.6226156666667,RP,4976,2829
David Matoma,PIT,RP,0.6830400000000001,-276.6228706666667,RP,4977,2830
Clay Helvey,,RP,0.6826249999999996,-276.62328566666673,RP,4978,2831
Doug Kirkland,,RP,0.6825499999999997,-276.6233606666667,RP,4979,2832
Alfredo Ruiz,,RP,0.6823800000000001,-276.6235306666667,RP,4980,2833
Leam Mendez,,RP,0.6817600000000004,-276.6241506666667,RP,4981,2834
Pedro Garcia,DET,RP,0.6805450000000002,-276.6253656666667,RP,4984,2835
Fraynel Nova,KCR,RP,0.68052,-276.6253906666667,RP,4985,2836
Victor González,,RP,0.6786000000000003,-276.6273106666667,RP,4986,2837
Jeremy Peguero,,RP,0.6779000000000001,-276.6280106666667,RP,4987,2838
Tony Rossi,NYY,RP,0.67704,-276.6288706666667,RP,4988,2839
Nolan Santos,MIN,RP,0.6759300000000001,-276.6299806666667,RP,4990,2840
Jace Beck,CHC,RP,0.6752850000000001,-276.63062566666673,RP,4992,2841
Ben Brutti,CIN,RP,0.6748,-276.6311106666667,RP,4993,2842
Bryan Magdaleno,TEX,RP,0.6736650000000001,-276.6322456666667,RP,4995,2843
Chandler Marsh,BAL,RP,0.673335,-276.6325756666667,RP,4996,2844
Ethan Chenault,PHI,RP,0.6705550000000001,-276.6353556666667,RP,4999,2845
Matt Hickey,,RP,0.66984,-276.6360706666667,RP,5000,2846
Matthew Bollenbacher,,RP,0.6690200000000001,-276.6368906666667,RP,5001,2847
Tyler Yankosky,,RP,0.6678600000000001,-276.6380506666667,RP,5004,2848
Caleb Freeman,,RP,0.6668899999999998,-276.6390206666667,RP,5006,2849
Frank Martinez,TEX,RP,0.6666599999999996,-276.6392506666667,RP,5007,2850
Tim Elliott,,RP,0.6665799999999997,-276.6393306666667,RP,5008,2851
Cameron Junker,,RP,0.6665549999999998,-276.6393556666667,RP,5009,2852
Bryson Hammer,COL,RP,0.66651,-276.6394006666667,RP,5010,2853
Roberto Medina,TBR,RP,0.6662449999999999,-276.6396656666667,RP,5011,2854
Jhosmer Alvarez,,RP,0.6653449999999999,-276.6405656666667,RP,5013,2855
Santiago Ramirez,,RP,0.6615500000000001,-276.6443606666667,RP,5019,2856
Jake Sommers,,RP,0.6608599999999998,-276.6450506666667,RP,5020,2857
Owen Puk,WSN,RP,0.6600000000000001,-276.6459106666667,RP,5022,2858
Abel Fuerte,,RP,0.6595799999999998,-276.6463306666667,RP,5023,2859
Wuilliams Rodriguez,SEA,RP,0.6595450000000003,-276.6463656666667,RP,5024,2860
Gus Hughes,NYY,RP,0.6581349999999997,-276.6477756666667,RP,5026,2861
Gil Luna,,RP,0.6574849999999999,-276.6484256666667,RP,5028,2862
Cole Zaffiro,NYY,RP,0.656215,-276.64969566666673,RP,5032,2863
Jose Cuas,KCR,RP,0.6560999999999997,-276.6498106666667,RP,5033,2864
Owen Stevenson,,RP,0.6555250000000001,-276.6503856666667,RP,5034,2865
Max Bain,,RP,0.6542399999999999,-276.6516706666667,RP,5037,2866
Art Warren,,RP,0.6540150000000005,-276.6518956666667,RP,5038,2867
Colson Lawrence,,RP,0.65369,-276.6522206666667,RP,5040,2868
Franly Urena,TOR,RP,0.6514299999999997,-276.6544806666667,RP,5041,2869
Brock Bell,,RP,0.651035,-276.6548756666667,RP,5043,2870
Max Martin,KCR,RP,0.6500000000000004,-276.6559106666667,RP,5044,2871
Dominic Freeberger,,RP,0.6499550000000003,-276.6559556666667,RP,5045,2872
Gregori Louis,NYM,RP,0.6493549999999998,-276.6565556666667,RP,5047,2873
Niklas Rimmel,,RP,0.64664,-276.6592706666667,RP,5050,2874
Jose Alcantara,,RP,0.6459800000000004,-276.6599306666667,RP,5051,2875
A.J. Alexy,,RP,0.6458450000000002,-276.6600656666667,RP,5052,2876
Dawson Brown,ARI,RP,0.6456400000000002,-276.6602706666667,RP,5053,2877
Grabiel Salazar,,RP,0.6452799999999999,-276.6606306666667,RP,5054,2878
Cade Vernon,SFG,RP,0.6449550000000002,-276.6609556666667,RP,5055,2879
Keiner Leon,,RP,0.6445850000000002,-276.6613256666667,RP,5056,2880
Cooper Benson,,RP,0.6421000000000003,-276.6638106666667,RP,5057,2881
Marcus Olivarez,,RP,0.6415600000000004,-276.6643506666667,RP,5060,2882
Mitchell Stumpo,,RP,0.6415349999999999,-276.66437566666673,RP,5061,2883
Angel Cuenca,,RP,0.6414650000000001,-276.6644456666667,RP,5062,2884
Austin Brice,,RP,0.6413100000000002,-276.66460066666673,RP,5064,2885
Garvin Alston,,RP,0.6406700000000002,-276.6652406666667,RP,5066,2886
Jorger Petri,DET,RP,0.63999,-276.6659206666667,RP,5069,2887
Brayner Sánchez,,RP,0.6390950000000001,-276.6668156666667,RP,5071,2888
Augusto Calderon,,RP,0.638465,-276.6674456666667,RP,5072,2889
Ronny Chalas,,RP,0.6379099999999999,-276.6680006666667,RP,5074,2890
Igor Gil,SDP,RP,0.6371949999999997,-276.6687156666667,RP,5075,2891
Billy Sullivan,,RP,0.6371550000000001,-276.6687556666667,RP,5076,2892
A.J. Labas,,RP,0.636925,-276.6689856666667,RP,5077,2893
Landon Ginn,,RP,0.6360699999999999,-276.6698406666667,RP,5078,2894
Ezequiel Ventura,,RP,0.6357600000000005,-276.6701506666667,RP,5079,2895
Francis Reynoso,,RP,0.635165,-276.67074566666673,RP,5080,2896
Chris Barraza,,RP,0.6347850000000003,-276.6711256666667,RP,5085,2897
Yunior Thibo,,RP,0.6345099999999999,-276.6714006666667,RP,5086,2898
Liam Simon,SFG,RP,0.6343449999999999,-276.6715656666667,RP,5087,2899
Ivran Romero,MIN,RP,0.6342200000000001,-276.6716906666667,RP,5088,2900
Juan Mendez,,RP,0.6319499999999999,-276.6739606666667,RP,5090,2901
Jorge Ramos,,RP,0.6316999999999999,-276.6742106666667,RP,5091,2902
Adam Conrad,SDP,RP,0.6310600000000003,-276.6748506666667,RP,5095,2903
Cody Scroggins,,RP,0.6298749999999999,-276.6760356666667,RP,5096,2904
Chase Hopewell,,RP,0.6297399999999999,-276.6761706666667,RP,5097,2905
Jake Gozzo,,RP,0.6280599999999998,-276.6778506666667,RP,5101,2906
Eddy Alberto,,RP,0.6268949999999996,-276.6790156666667,RP,5104,2907
Bailey Reid,,RP,0.6265399999999999,-276.6793706666667,RP,5105,2908
Luis Viloria,,RP,0.6255099999999998,-276.6804006666667,RP,5106,2909
Jared Solomon,,RP,0.6247550000000002,-276.6811556666667,RP,5107,2910
Sam Brodersen,STL,RP,0.6244099999999998,-276.6815006666667,RP,5109,2911
Bryce McGowan,COL,RP,0.6234950000000002,-276.6824156666667,RP,5110,2912
Matthew Swain,,RP,0.6232000000000002,-276.6827106666667,RP,5111,2913
Jason Franks,,RP,0.6226800000000003,-276.6832306666667,RP,5112,2914
Andrew Schultz,,RP,0.6207149999999999,-276.6851956666667,RP,5113,2915
Dawson Price,DET,RP,0.6200000000000001,-276.6859106666667,RP,5116,2916
Tyler Ras,CHC,RP,0.6191999999999993,-276.6867106666667,RP,5119,2917
Titan Kennedy-Hayes,PHI,RP,0.6189700000000002,-276.6869406666667,RP,5120,2918
Malik Binns,,RP,0.6187800000000003,-276.6871306666667,RP,5121,2919
Kanoa Pagan,,RP,0.6172199999999997,-276.68869066666673,RP,5123,2920
Sergio Sanchez,,RP,0.6170700000000001,-276.6888406666667,RP,5124,2921
Jacob Widener,KCR,RP,0.6158799999999998,-276.6900306666667,RP,5125,2922
Calvin Schapira,SEA,RP,0.6156050000000001,-276.6903056666667,RP,5126,2923
Johnny Ray,,RP,0.614535,-276.6913756666667,RP,5129,2924
Santiago Florez,,RP,0.61406,-276.6918506666667,RP,5130,2925
Everhett Hazelwood,CHW,RP,0.6129000000000002,-276.6930106666667,RP,5132,2926
Delvis Alegre,,RP,0.61193,-276.69398066666673,RP,5133,2927
Aaron Munson,TOR,RP,0.6097049999999998,-276.6962056666667,RP,5135,2928
Jose Nova,MIL,RP,0.6087150000000003,-276.6971956666667,RP,5136,2929
Estarlin Rodriguez,,RP,0.60798,-276.6979306666667,RP,5138,2930
Taylor Lehman,,RP,0.6077089999999999,-276.6982016666667,RP,5139,2931
Merrick Baldo,WSN,RP,0.605535,-276.70037566666673,RP,5140,2932
Jesus Rios,KCR,RP,0.6051400000000003,-276.7007706666667,RP,5141,2933
Rafelin Nivar,,RP,0.6040449999999998,-276.7018656666667,RP,5145,2934
Mason Denaburg,,RP,0.6036649999999998,-276.7022456666667,RP,5146,2935
Morris Austin,CHW,RP,0.601295,-276.7046156666667,RP,5150,2936
Zach Jackson,ATH,RP,0.6010294999999999,-276.7048811666667,RP,5151,2937
Jay Dill,ATH,RP,0.5999999999999996,-276.7059106666667,RP,5154,2938
Logan Bursick-Harrington,,RP,0.5999999999999996,-276.7059106666667,RP,5157,2939
Lucas Kelly,SEA,RP,0.5999999999999996,-276.7059106666667,RP,5155,2940
Luke Ritter,LAA,RP,0.5999999999999996,-276.7059106666667,RP,5156,2941
Noah Manning,,RP,0.5999999999999996,-276.7059106666667,RP,5158,2942
Fernando Vasquez,SFG,RP,0.5999999999999996,-276.7059106666667,RP,5159,2943
Anthony Imhoff,,RP,0.59999,-276.7059206666667,RP,5160,2944
Jaren Zinn,,RP,0.5999399999999997,-276.7059706666667,RP,5161,2945
Michele Vassalotti,,RP,0.5992599999999999,-276.7066506666667,RP,5162,2946
Grayson Moore,CHC,RP,0.5984949999999998,-276.7074156666667,RP,5164,2947
Dawry Segura,,RP,0.5984299999999996,-276.7074806666667,RP,5165,2948
Alejandro Gomez,,RP,0.598045,-276.7078656666667,RP,5167,2949
Ismael Michel,,RP,0.5979950000000002,-276.7079156666667,RP,5168,2950
Jarod Wright,,RP,0.5976799999999999,-276.7082306666667,RP,5170,2951
Ben Petschke,HOU,RP,0.5973149999999999,-276.7085956666667,RP,5172,2952
Carlos Meza,,RP,0.5958800000000001,-276.7100306666667,RP,5173,2953
Omar Yanez,,RP,0.5950800000000003,-276.7108306666667,RP,5175,2954
Reny Artiles,,RP,0.594675,-276.7112356666667,RP,5176,2955
Ethan Bell,CHC,RP,0.5925300000000001,-276.7133806666667,RP,5179,2956
Wilfred Alvarado,ATH,RP,0.5925199999999999,-276.7133906666667,RP,5180,2957
Ettore Giulianelli,CLE,RP,0.5895549999999997,-276.7163556666667,RP,5186,2958
Nick Thwaits,,RP,0.5885399999999998,-276.7173706666667,RP,5187,2959
Gerson Calzadilla,,RP,0.5882500000000002,-276.7176606666667,RP,5188,2960
Ulices Campos,,RP,0.5877,-276.7182106666667,RP,5189,2961
Zack Hess,,RP,0.5830600000000002,-276.7228506666667,RP,5193,2962
Carlos Torres,COL,RP,0.5829550000000001,-276.7229556666667,RP,5194,2963
Junior Mieses,,RP,0.58118,-276.7247306666667,RP,5199,2964
Natanael Garabitos,,RP,0.5808250000000001,-276.7250856666667,RP,5201,2965
Hugo Beltran,,RP,0.5806999999999998,-276.7252106666667,RP,5202,2966
Ignacio Briceno,,RP,0.580675,-276.7252356666667,RP,5203,2967
Scarlyn Lebron,,RP,0.5799850000000005,-276.7259256666667,RP,5205,2968
Joey Lancellotti,,RP,0.5798500000000003,-276.7260606666667,RP,5206,2969
Hunter Mann,COL,RP,0.5775499999999998,-276.72836066666673,RP,5208,2970
Juan Then,,RP,0.5773900000000004,-276.7285206666667,RP,5209,2971
Bryce Shaffer,TBR,RP,0.5742699999999998,-276.7316406666667,RP,5210,2972
Endrys Briceno,,RP,0.5740399999999999,-276.7318706666667,RP,5212,2973
Ethan Hammerberg,CHW,RP,0.5726949999999998,-276.7332156666667,RP,5213,2974
Jack Suwinski,PIT,RF,25.576207666666665,-276.73347633333333,Batter,1215,2975
Braulio Salas,MIA,RP,0.5714799999999999,-276.7344306666667,RP,5214,2976
Alex Bustamante,,RP,0.5703600000000003,-276.7355506666667,RP,5217,2977
Lluveres Severino,TOR,RP,0.5689399999999998,-276.7369706666667,RP,5218,2978
Hale Sims,,RP,0.56583,-276.7400806666667,RP,5223,2979
Kenny Leiner,BAL,RP,0.5626900000000002,-276.74322066666673,RP,5228,2980
Engel Silvestre,COL,RP,0.5623000000000001,-276.7436106666667,RP,5229,2981
Johan Rodriguez,SFG,RP,0.5622100000000007,-276.7437006666667,RP,5230,2982
Dan Kubiuk,ARI,RP,0.5615380000000001,-276.7443726666667,RP,5232,2983
Cade Denton,COL,RP,0.5611550000000003,-276.7447556666667,RP,5233,2984
Frander Veras,CHW,RP,0.5606199999999997,-276.74529066666673,RP,5234,2985
Alexander Beltre,,RP,0.5602199999999993,-276.7456906666667,RP,5235,2986
Anthony Susac,TEX,RP,0.5600300000000004,-276.7458806666667,RP,5237,2987
Spencer Mraz,,RP,0.5576000000000003,-276.7483106666667,RP,5242,2988
Keegan James,,RP,0.5556800000000002,-276.7502306666667,RP,5245,2989
Matt Tabor,,RP,0.55551,-276.7504006666667,RP,5246,2990
Luis Beltrán,BAL,RP,0.5553349999999999,-276.7505756666667,RP,5248,2991
Daniel Blair,,RP,0.5551600000000001,-276.7507506666667,RP,5249,2992
Daniel Gonzalez,,RP,0.5545150000000002,-276.7513956666667,RP,5250,2993
Dennis Boatman,,RP,0.5511600000000003,-276.7547506666667,RP,5254,2994
Sergio Morillo,,RP,0.5508999999999997,-276.7550106666667,RP,5255,2995
C.J. Widger,SDP,RP,0.5501400000000001,-276.7557706666667,RP,5256,2996
Sebastian Pulido,,RP,0.5500100000000003,-276.7559006666667,RP,5257,2997
Landry Jurecka,SDP,RP,0.5500100000000003,-276.7559006666667,RP,5258,2998
Mikey Kane,,RP,0.5499999999999998,-276.7559106666667,RP,5259,2999
Aaron Nixon,NYY,RP,0.5499149999999995,-276.7559956666667,RP,5260,3000
J.C. Hechavarria,LAA,RP,0.5495250000000003,-276.7563856666667,RP,5261,3001
Anthony Tomczak,SEA,RP,0.5486099999999999,-276.7573006666667,RP,5263,3002
Adam Shoemaker,,RP,0.5475449999999995,-276.7583656666667,RP,5265,3003
Starlyn Pichardo,,RP,0.5465149999999998,-276.7593956666667,RP,5266,3004
Daurys Mora,MIL,RP,0.5454600000000003,-276.7604506666667,RP,5268,3005
Christian Edwards,,RP,0.5451300000000003,-276.76078066666673,RP,5271,3006
Jose Serrano,HOU,RP,0.5436949999999999,-276.7622156666667,RP,5274,3007
Michael Saturria,,RP,0.5432600000000001,-276.76265066666673,RP,5276,3008
Erick Pinales,,RP,0.5427000000000001,-276.7632106666667,RP,5277,3009
P.J. Labriola,BOS,RP,0.5423150000000001,-276.76359566666673,RP,5278,3010
Dominic Scheffler,CIN,RP,0.5418099999999999,-276.7641006666667,RP,5280,3011
Dilan Figueredo,LAD,RP,0.5398099999999997,-276.7661006666667,RP,5282,3012
Saul Gonzalez,,RP,0.5375399999999999,-276.7683706666667,RP,5284,3013
Donovan Zsak,CLE,RP,0.53734,-276.76857066666673,RP,5285,3014
Ryan Schiefer,CHW,RP,0.5368499999999994,-276.7690606666667,RP,5289,3015
William Silva,,RP,0.53556,-276.77035066666673,RP,5290,3016
Alan Mundo,,RP,0.53494,-276.7709706666667,RP,5291,3017
Michael Valera,,RP,0.5345600000000001,-276.7713506666667,RP,5292,3018
Jeckferxon Hernandez,MIA,RP,0.5341600000000002,-276.7717506666667,RP,5293,3019
Nick Conte,KCR,RP,0.5333800000000001,-276.7725306666667,RP,5295,3020
Jesus Mendez,CHW,RP,0.5317099999999999,-276.77420066666673,RP,5297,3021
Connor Fenlong,,RP,0.5314699999999997,-276.7744406666667,RP,5298,3022
Riley Unroe,HOU,RP,0.5308999999999999,-276.77501066666673,RP,5299,3023
Mason Ronan,,RP,0.5300550000000003,-276.7758556666667,RP,5301,3024
Tanner Shears,,RP,0.5279449999999998,-276.7779656666667,RP,5302,3025
Johan Otanez,WSN,RP,0.52747,-276.7784406666667,RP,5303,3026
Jake Jekielek,TEX,RP,0.5273149999999999,-276.7785956666667,RP,5304,3027
Luke Barker,,RP,0.5246700000000004,-276.7812406666667,RP,5307,3028
Justin Long,ATL,RP,0.5246249999999999,-276.7812856666667,RP,5308,3029
Ryan Smith,HOU,RP,0.52398,-276.7819306666667,RP,5310,3030
Chris Lincoln,,RP,0.5222199999999999,-276.7836906666667,RP,5314,3031
Raudy Gomez,,RP,0.5220649999999998,-276.7838456666667,RP,5315,3032
Fraimin Marte,,RP,0.52189,-276.7840206666667,RP,5316,3033
Elvis Novas,,RP,0.521325,-276.7845856666667,RP,5318,3034
Matt Mikulski,,RP,0.5212950000000005,-276.7846156666667,RP,5319,3035
Brock Whittlesey,,RP,0.5204599999999999,-276.7854506666667,RP,5320,3036
Franyelson Rodriguez,,RP,0.5195299999999998,-276.78638066666673,RP,5322,3037
Elvis Jerez,,RP,0.5168600000000003,-276.7890506666667,RP,5327,3038
Nick Pogue,,RP,0.5168150000000001,-276.7890956666667,RP,5328,3039
Yaifer Perdomo,,RP,0.5131399999999999,-276.7927706666667,RP,5332,3040
Marco Barrios,CHW,RP,0.513115,-276.7927956666667,RP,5333,3041
Bryan Shaw,,RP,0.5129690000000002,-276.7929416666667,RP,5334,3042
Yeury Gervacio,,RP,0.5085800000000003,-276.7973306666667,RP,5337,3043
Gavin Adams,PIT,RP,0.5076900000000002,-276.7982206666667,RP,5338,3044
Matt Wyatt,,RP,0.5071399999999999,-276.7987706666667,RP,5339,3045
Ryan Minckler,WSN,RP,0.5037449999999999,-276.8021656666667,RP,5343,3046
Adrian Quintana,LAA,RP,0.5007950000000003,-276.8051156666667,RP,5346,3047
Luis Talavera,,RP,0.5003500000000003,-276.8055606666667,RP,5347,3048
Yeremin Lara,,RP,0.5000200000000001,-276.8058906666667,RP,5348,3049
Chase Renner,MIA,RP,0.5000100000000005,-276.80590066666673,RP,5349,3050
Joe Ruzicka,DET,RP,0.5000100000000005,-276.80590066666673,RP,5350,3051
Evan Siary,TEX,RP,0.5,-276.8059106666667,RP,5353,3052
Jaylen Paden,ATL,RP,0.5,-276.8059106666667,RP,5351,3053
Jesus Camejo,,RP,0.5,-276.8059106666667,RP,5352,3054
Anyelo Ovando,LAA,RP,0.49890500000000015,-276.8070056666667,RP,5356,3055
Josh Bortka,,RP,0.49734500000000015,-276.8085656666667,RP,5360,3056
Noah Ruen,LAD,RP,0.496835,-276.80907566666673,RP,5361,3057
Rocco Reid,ARI,RP,0.49259500000000017,-276.8133156666667,RP,5364,3058
Graham Firoved,,RP,0.49145499999999975,-276.81445566666673,RP,5366,3059
Renaldito Florian,,RP,0.49123999999999945,-276.8146706666667,RP,5368,3060
Miguel Valdez,,RP,0.49102999999999986,-276.8148806666667,RP,5369,3061
Evan Justice,COL,RP,0.4907189999999999,-276.8151916666667,RP,5370,3062
Ruben Ramirez,SEA,RP,0.4896999999999999,-276.8162106666667,RP,5372,3063
Jose Chavez,,RP,0.48506,-276.82085066666673,RP,5379,3064
Noah Takacs,PIT,RP,0.48478499999999985,-276.8211256666667,RP,5380,3065
Shane Marshall,CHC,RP,0.48213499999999987,-276.8237756666667,RP,5384,3066
Jose Garces,PIT,RP,0.4817100000000003,-276.8242006666667,RP,5385,3067
Shay Timmer,DET,RP,0.48170500000000027,-276.8242056666667,RP,5386,3068
Diego Dominguez,TOR,RP,0.48021499999999984,-276.8256956666667,RP,5387,3069
Gabe Starks,CIN,RP,0.47843500000000005,-276.8274756666667,RP,5388,3070
Ruben Salinas,,RP,0.47587999999999975,-276.8300306666667,RP,5395,3071
Bennett Flynn,,RP,0.47448,-276.8314306666667,RP,5396,3072
Thomas Bruss,DET,RP,0.4741500000000002,-276.8317606666667,RP,5398,3073
Liam Doolan,,RP,0.4739599999999999,-276.8319506666667,RP,5399,3074
Gabriel Sosa,,RP,0.47302999999999995,-276.8328806666667,RP,5401,3075
Nick Wissman,,RP,0.47228500000000007,-276.8336256666667,RP,5404,3076
Moises Palma,TBR,RP,0.4718650000000002,-276.8340456666667,RP,5405,3077
Blake Whiting,,RP,0.47172499999999984,-276.8341856666667,RP,5406,3078
Nathan Blasick,COL,RP,0.4703599999999998,-276.8355506666667,RP,5407,3079
Branden Noriega,,RP,0.46884500000000007,-276.8370656666667,RP,5410,3080
Yoendris Gonzalez,CHC,RP,0.46663500000000013,-276.8392756666667,RP,5413,3081
Franklin De La Paz,,RP,0.46592000000000033,-276.8399906666667,RP,5414,3082
Benjamin Arias,,RP,0.46507499999999985,-276.8408356666667,RP,5415,3083
Ricardo Quintana,,RP,0.46478,-276.8411306666667,RP,5416,3084
Eminen Flores,TOR,RP,0.4646999999999997,-276.8412106666667,RP,5417,3085
Jorge Gonzalez,,RP,0.46462500000000007,-276.8412856666667,RP,5418,3086
Luis Germán,SDP,RP,0.4625500000000001,-276.8433606666667,RP,5422,3087
Jesse Wainscott,,RP,0.46026999999999996,-276.8456406666667,RP,5426,3088
Adonis Villavicencio,,RP,0.4579399999999997,-276.8479706666667,RP,5428,3089
Cesar De Jesus,TBR,RP,0.4564150000000001,-276.8494956666667,RP,5430,3090
Robert Wegielnik,,RP,0.4563450000000001,-276.8495656666667,RP,5431,3091
Harry Rutkowski,,RP,0.4540599999999999,-276.8518506666667,RP,5438,3092
Kelvin LaRoche,,RP,0.45352999999999977,-276.8523806666667,RP,5440,3093
Connor Godwin,LAD,RP,0.45181000000000004,-276.8541006666667,RP,5442,3094
Connor Pellerin,,RP,0.4516600000000002,-276.8542506666667,RP,5444,3095
Ben Serunkuma,,RP,0.4508549999999998,-276.8550556666667,RP,5445,3096
Christian Ciuffetelli,,RP,0.4502849999999998,-276.8556256666667,RP,5447,3097
Marcos  Fortunato,,RP,0.4487399999999999,-276.8571706666667,RP,5450,3098
Ryan Cabarcas,,RP,0.44789500000000015,-276.8580156666667,RP,5454,3099
Luis Almonte,,RP,0.44658000000000037,-276.8593306666667,RP,5456,3100
Elliot Johnstone,,RP,0.4438599999999999,-276.86205066666673,RP,5458,3101
Ian Foggo,,RP,0.44039499999999976,-276.8655156666667,RP,5466,3102
Juan Sanchez,ATL,RP,0.43771000000000004,-276.8682006666667,RP,5472,3103
Franklin Sanchez,MIA,RP,0.43391500000000016,-276.8719956666667,RP,5477,3104
Erubiel Armenta,,RP,0.4337900000000005,-276.8721206666667,RP,5478,3105
Joel Sierra,CHC,RP,0.43332000000000015,-276.8725906666667,RP,5479,3106
Tomas Reyes,,RP,0.43316000000000016,-276.8727506666667,RP,5481,3107
Erik Ritchie,PHI,RP,0.43088499999999985,-276.8750256666667,RP,5485,3108
Pedro González,,RP,0.4299200000000003,-276.8759906666667,RP,5486,3109
Christian Worley,STL,RP,0.4297599999999997,-276.8761506666667,RP,5487,3110
Jake Stevenson,,RP,0.4292250000000001,-276.87668566666673,RP,5488,3111
Kenyi Perez,CHC,RP,0.42916500000000013,-276.8767456666667,RP,5489,3112
Danny Moreno,,RP,0.4285800000000003,-276.8773306666667,RP,5491,3113
Alton Davis II,LAD,RP,0.4285800000000002,-276.8773306666667,RP,5492,3114
Casey Hintz,SEA,RP,0.4285800000000002,-276.8773306666667,RP,5493,3115
Drew Garrett,,RP,0.4278849999999996,-276.8780256666667,RP,5496,3116
Jesus Cruz,,RP,0.42735999999999963,-276.8785506666667,RP,5497,3117
Chase Valentine,,RP,0.4263900000000005,-276.8795206666667,RP,5499,3118
Fulton Lockhart,LAA,RP,0.42607,-276.8798406666667,RP,5500,3119
Jake Brentz,,RP,0.42572750000000015,-276.8801831666667,RP,5501,3120
Esteban Quiroz,,RP,0.42516000000000004,-276.8807506666667,RP,5502,3121
Austin Smith,COL,RP,0.42119000000000006,-276.8847206666667,RP,5510,3122
Nathanael Cruz,,RP,0.4210900000000002,-276.8848206666667,RP,5511,3123
Deivy Paulino,,RP,0.4199299999999999,-276.8859806666667,RP,5512,3124
Josh Harlow,CLE,RP,0.41933999999999994,-276.8865706666667,RP,5513,3125
Hayden Nierman,,RP,0.41832999999999976,-276.8875806666667,RP,5517,3126
Josh Swales,,RP,0.4165400000000001,-276.8893706666667,RP,5521,3127
Dylan Nedved,,RP,0.41618,-276.8897306666667,RP,5523,3128
Jonalbert Rumbol,TBR,RP,0.41609500000000044,-276.8898156666667,RP,5524,3129
Javier Ramos,,RP,0.41512000000000016,-276.8907906666667,RP,5526,3130
Miguel Vinicio,,RP,0.41460000000000025,-276.8913106666667,RP,5528,3131
T.J. Czyz,,RP,0.41369500000000003,-276.8922156666667,RP,5532,3132
Garrett Ramsey,,RP,0.4135,-276.8924106666667,RP,5534,3133
Arij Fransen,,RP,0.4102449999999999,-276.89566566666673,RP,5539,3134
Luis Tejeda,,RP,0.4093999999999997,-276.8965106666667,RP,5542,3135
César Álvarez,,RP,0.40776000000000034,-276.8981506666667,RP,5545,3136
Brady Hill,WSN,RP,0.4056449999999999,-276.9002656666667,RP,5549,3137
José Fernández,,RP,0.40483500000000017,-276.9010756666667,RP,5552,3138
Jake Peppers,CHW,RP,0.40402499999999975,-276.9018856666667,RP,5555,3139
Fernando Guanare,,RP,0.40173999999999976,-276.9041706666667,RP,5559,3140
Pedro Tucent,TOR,RP,0.39679500000000023,-276.9091156666667,RP,5569,3141
Wesley Scott,,RP,0.3934200000000001,-276.9124906666667,RP,5573,3142
Victor Villanueva,,RP,0.3853149999999998,-276.9205956666667,RP,5583,3143
Alejandro Méndez,,RP,0.3849649999999999,-276.9209456666667,RP,5586,3144
D.J. Carpenter,STL,RP,0.3848699999999997,-276.9210406666667,RP,5587,3145
Aaron Holiday,STL,RP,0.38437999999999994,-276.9215306666667,RP,5588,3146
Felix Ramires,,RP,0.3828299999999999,-276.9230806666667,RP,5592,3147
Mauricio Colmenares,,RP,0.37911499999999965,-276.9267956666667,RP,5598,3148
Julio Zapata,CLE,RP,0.37595500000000015,-276.92995566666673,RP,5605,3149
Aldo Ramirez,,RP,0.375,-276.9309106666667,RP,5607,3150
Mathew Peters,,RP,0.3735050000000003,-276.9324056666667,RP,5612,3151
Case Matter,,RP,0.37226500000000007,-276.9336456666667,RP,5616,3152
Danny Trehey,HOU,RP,0.3714200000000005,-276.9344906666667,RP,5617,3153
Gray Thomas,,RP,0.37059,-276.9353206666667,RP,5620,3154
Bryan Perez,,RP,0.3692200000000002,-276.9366906666667,RP,5626,3155
Darlin Alcántara,,RP,0.3683599999999998,-276.9375506666667,RP,5628,3156
Luis Ramirez,MIA,RP,0.3682200000000001,-276.9376906666667,RP,5629,3157
Kelvin Perez,,RP,0.36807999999999996,-276.9378306666667,RP,5630,3158
Wilfredo Henriquez,,RP,0.3663250000000004,-276.9395856666667,RP,5635,3159
Horacio Andujar,,RP,0.36423999999999973,-276.9416706666667,RP,5642,3160
Miguel Gil,,RP,0.3636599999999999,-276.9422506666667,RP,5643,3161
Zach Veen,,RP,0.3635400000000003,-276.9423706666667,RP,5645,3162
Diovel Mariano,CLE,RP,0.3628699999999998,-276.9430406666667,RP,5646,3163
Jack Sokol,NYY,RP,0.362665,-276.9432456666667,RP,5647,3164
Camilo Hernandez,ATH,RP,0.36234,-276.9435706666667,RP,5649,3165
Marty Gair,PHI,RP,0.36225999999999986,-276.9436506666667,RP,5650,3166
Michael Valverde,TEX,RP,0.36026,-276.9456506666667,RP,5656,3167
Aiden Taggart,TOR,RP,0.3600000000000003,-276.9459106666667,RP,5657,3168
Jay Schueler,TOR,RP,0.356615,-276.9492956666667,RP,5667,3169
Luis Sánchez,,RP,0.3565349999999997,-276.9493756666667,RP,5668,3170
Quinn Gudaitis,,RP,0.35592999999999986,-276.9499806666667,RP,5669,3171
Christian Ruebeck,LAD,RP,0.3538950000000003,-276.9520156666667,RP,5675,3172
Jean Correa,,RP,0.35384000000000027,-276.9520706666667,RP,5676,3173
Eduar Segovia,,RP,0.3531200000000001,-276.9527906666667,RP,5678,3174
Chris Mokma,,RP,0.3514949999999999,-276.9544156666667,RP,5683,3175
Nolberto Henriquez,,RP,0.3502999999999999,-276.9556106666667,RP,5684,3176
Jose Cabrera,LAD,RP,0.3502449999999998,-276.95566566666673,RP,5685,3177
Eudry Alcantara,CLE,RP,0.34990500000000024,-276.9560056666667,RP,5688,3178
Gregori Ramirez,ARI,RP,0.34929299999999974,-276.9566176666667,RP,5691,3179
Jake Madden,COL,RP,0.3491600000000009,-276.9567506666667,RP,5692,3180
Michael Brewer,,RP,0.34848000000000007,-276.9574306666667,RP,5695,3181
Eliseo Mota,DET,RP,0.3432099999999999,-276.9627006666667,RP,5710,3182
Joelvis Perez,CLE,RP,0.33989999999999976,-276.9660106666667,RP,5723,3183
Luis Valdez,KCR,RP,0.33806999999999987,-276.9678406666667,RP,5727,3184
Bryant Olson,WSN,RP,0.3334300000000001,-276.9724806666667,RP,5748,3185
Anderson Ramos,MIN,RP,0.3332700000000001,-276.9726406666667,RP,5750,3186
Juan Severino,,RP,0.33307500000000023,-276.9728356666667,RP,5751,3187
Carson Myers,TOR,RP,0.33000000000000007,-276.9759106666667,RP,5757,3188
Miguel Cordones,,RP,0.32825000000000004,-276.9776606666667,RP,5765,3189
Alexis Valdez,,RP,0.3272699999999995,-276.9786406666667,RP,5766,3190
Ryan Waldschmidt,ARI,Unknown,68.34807433333333,-276.97880826666665,Batter,896,3191
Francis Rivera,COL,RP,0.3269500000000002,-276.9789606666667,RP,5767,3192
Jhon Rosario,CHC,RP,0.32450500000000027,-276.9814056666667,RP,5774,3193
Seth Nightingale,,RP,0.32187999999999994,-276.9840306666667,RP,5780,3194
Sam Knowlton,ARI,RP,0.3214249999999998,-276.9844856666667,RP,5783,3195
Jacob Kostyshock,,RP,0.32086000000000003,-276.9850506666667,RP,5787,3196
Adam Stone,CHC,RP,0.32028000000000034,-276.9856306666667,RP,5788,3197
Francisco Mercado,,RP,0.3200000000000003,-276.9859106666667,RP,5790,3198
Peter Bonilla,LAD,RP,0.3180400000000001,-276.9878706666667,RP,5804,3199
Yensy Bello,LAA,RP,0.31625999999999965,-276.9896506666667,RP,5809,3200
Callum Wallace,,RP,0.31612,-276.9897906666667,RP,5810,3201
Jhon Reyes,KCR,RP,0.31609999999999977,-276.9898106666667,RP,5811,3202
Charles Harrison,STL,RP,0.31351000000000007,-276.9924006666667,RP,5823,3203
Tyler Ahearn,,RP,0.3122999999999999,-276.9936106666667,RP,5828,3204
Miguel Fulgencio,,RP,0.31209999999999993,-276.9938106666667,RP,5829,3205
Jeison Pena,,RP,0.31109999999999993,-276.9948106666667,RP,5833,3206
Jiorgeny Casimiri,,RP,0.31042000000000025,-276.9954906666667,RP,5835,3207
Jose Ledesma,NYY,RP,0.30683999999999984,-276.9990706666667,RP,5845,3208
Nicolas De La Cruz,BOS,RP,0.30505999999999966,-277.0008506666667,RP,5853,3209
Giovanni Vargas,STL,RP,0.30351499999999987,-277.0023956666667,RP,5855,3210
Kevin Dowdell,,RP,0.2998650000000002,-277.0060456666667,RP,5862,3211
Jose Meneses,MIL,RP,0.29932499999999984,-277.0065856666667,RP,5868,3212
Joel Ibarra,LAD,RP,0.29806500000000014,-277.0078456666667,RP,5870,3213
Victor Diaz,CIN,RP,0.2959750000000002,-277.0099356666667,RP,5879,3214
J.P. Massey,PIT,RP,0.2948900000000002,-277.0110206666667,RP,5886,3215
Jesus Delgado,,RP,0.29385500000000014,-277.0120556666667,RP,5890,3216
Chris Williams Jr.,,RP,0.2927850000000001,-277.0131256666667,RP,5899,3217
Jorge Minyety,,RP,0.2902749999999995,-277.0156356666667,RP,5910,3218
Yoniel Ramirez,,RP,0.2871,-277.0188106666667,RP,5914,3219
Draven Zeigler,PIT,RP,0.2857099999999999,-277.0202006666667,RP,5918,3220
Danny Carrion,,RP,0.28420500000000026,-277.0217056666667,RP,5922,3221
Fran Castro,,RP,0.28064000000000033,-277.0252706666667,RP,5932,3222
Jose Gerardo,MIA,RP,0.27857999999999983,-277.0273306666667,RP,5945,3223
Jesus Colina,CIN,RP,0.277065,-277.0288456666667,RP,5948,3224
Tyler Hampu,COL,RP,0.2755900000000001,-277.0303206666667,RP,5953,3225
Henry Gomez,,RP,0.275095,-277.0308156666667,RP,5958,3226
Sebastian Espino,,RP,0.27501,-277.0309006666667,RP,5959,3227
Jesus Castellanos,,RP,0.27500000000000036,-277.0309106666667,RP,5960,3228
Madison Jeffrey,CHW,RP,0.2745600000000002,-277.0313506666667,RP,5965,3229
Joel Canizalez,,RP,0.2741299999999997,-277.0317806666667,RP,5967,3230
Anderson Guevara,SEA,RP,0.27329000000000003,-277.03262066666673,RP,5971,3231
Zach Cable,,RP,0.27157999999999993,-277.03433066666673,RP,5979,3232
Jordy Arias,,RP,0.26713,-277.0387806666667,RP,5990,3233
Luis Cesar,MIA,RP,0.2664300000000006,-277.0394806666667,RP,5994,3234
Connor Butler,,RP,0.26609999999999995,-277.0398106666667,RP,5995,3235
Erick Mejia,WSN,RP,0.2627999999999995,-277.0431106666667,RP,6010,3236
Eric Foggo,,RP,0.26217999999999986,-277.0437306666667,RP,6012,3237
Carson Swilling,SDP,RP,0.2599999999999998,-277.0459106666667,RP,6017,3238
Jun-Seok Shim,NYM,RP,0.25983,-277.0460806666667,RP,6019,3239
Ben Ethridge,,RP,0.2593599999999995,-277.0465506666667,RP,6022,3240
Owen Sharts,,RP,0.25855999999999973,-277.0473506666667,RP,6026,3241
Dallas Woolfolk,,RP,0.25728,-277.0486306666667,RP,6033,3242
Roberto Urdaneta,ATH,RP,0.2564950000000002,-277.04941566666673,RP,6040,3243
Jose Ulloa,,RP,0.25457999999999975,-277.05133066666673,RP,6047,3244
Rolando De La Cruz,,RP,0.2522449999999999,-277.0536656666667,RP,6057,3245
Alexander Johnson,CIN,RP,0.25223000000000007,-277.0536806666667,RP,6058,3246
Fred Fajardo,CHC,RP,0.24914499999999995,-277.0567656666667,RP,6068,3247
Ramon Henriquez,,RP,0.2483599999999997,-277.0575506666667,RP,6073,3248
Maikel Hernandez,,RP,0.2481449999999998,-277.0577656666667,RP,6075,3249
Charlie Cerny,,RP,0.24754000000000004,-277.0583706666667,RP,6078,3250
Elijah Pleasants,,RP,0.24574,-277.0601706666667,RP,6082,3251
Mauricio Estrella,SFG,RP,0.24503499999999978,-277.06087566666673,RP,6086,3252
Edgar Isea,,RP,0.2444925,-277.0614181666667,RP,6088,3253
Carlos De Los Santos,,RP,0.24085999999999974,-277.0650506666667,RP,6101,3254
Efrain Cubilla,COL,RP,0.23927500000000007,-277.0666356666667,RP,6104,3255
John Lynch,,RP,0.2388,-277.0671106666667,RP,6106,3256
Manny Ramirez,,RP,0.23784000000000002,-277.0680706666667,RP,6109,3257
Will Stevens,,RP,0.23747500000000005,-277.0684356666667,RP,6111,3258
David Leon,CLE,RP,0.23723000000000027,-277.0686806666667,RP,6113,3259
Gustavo Del Pozo,,RP,0.23633999999999977,-277.0695706666667,RP,6115,3260
Eligio Arias,PHI,RP,0.23457500000000028,-277.0713356666667,RP,6121,3261
Hansel Rosario,,RP,0.23424500000000004,-277.0716656666667,RP,6126,3262
Jerry Huntzinger,,RP,0.2338800000000001,-277.0720306666667,RP,6128,3263
Eris Rodríguez,,RP,0.2309350000000001,-277.0749756666667,RP,6141,3264
Henry Valencio,,RP,0.23087999999999972,-277.0750306666667,RP,6142,3265
Michael Reed,,RP,0.22999999999999954,-277.0759106666667,RP,6148,3266
Jesus Oliveira,KCR,RP,0.22990499999999991,-277.07600566666673,RP,6149,3267
Brennan Malone,,RP,0.22821000000000013,-277.0777006666667,RP,6156,3268
Ryan Chasse,,RP,0.22476999999999991,-277.0811406666667,RP,6166,3269
Alexis Liebano,ARI,RP,0.22460500000000017,-277.0813056666667,RP,6167,3270
Aaron Cohn,,RP,0.22217999999999966,-277.0837306666667,RP,6175,3271
Harif Frias,,RP,0.22156999999999982,-277.0843406666667,RP,6177,3272
Estarlin Escalante,,RP,0.21933500000000006,-277.0865756666667,RP,6185,3273
Antoni Cuello,STL,RP,0.21704499999999993,-277.0888656666667,RP,6192,3274
Kinn Omosako,LAD,RP,0.21586999999999995,-277.0900406666667,RP,6198,3275
Jean Calderon,,RP,0.2141,-277.09181066666673,RP,6202,3276
Pierce George,CHW,RP,0.21278500000000033,-277.0931256666667,RP,6207,3277
Magdiel Cotto,PIT,RP,0.2113799999999999,-277.0945306666667,RP,6214,3278
Tyler Stasiowski,,RP,0.2076049999999999,-277.0983056666667,RP,6229,3279
Brett Lockwood,,RP,0.20627999999999985,-277.0996306666667,RP,6234,3280
Ernesto Jaquez,,RP,0.19963500000000012,-277.1062756666667,RP,6266,3281
Zack Austin,ATL,RP,0.19891499999999984,-277.1069956666667,RP,6271,3282
Jake Faherty,MIA,RP,0.19504999999999997,-277.1108606666667,RP,6299,3283
Juan Abreu,WSN,RP,0.19243999999999983,-277.11347066666673,RP,6311,3284
Alvaro Benua,LAD,RP,0.19071500000000002,-277.1151956666667,RP,6323,3285
Jan Caraballo,DET,RP,0.190175,-277.1157356666667,RP,6325,3286
Alexis Paulino,NYY,RP,0.1898299999999999,-277.11608066666673,RP,6328,3287
Andrew Huffman,,RP,0.18727999999999945,-277.1186306666667,RP,6343,3288
Yatner Crisostomo,CLE,RP,0.18549999999999972,-277.1204106666667,RP,6359,3289
Nick Bautista III,,RP,0.18360999999999986,-277.1223006666667,RP,6371,3290
Adrián Delgado,BAL,RP,0.18337499999999993,-277.1225356666667,RP,6374,3291
Melvin Cuevas,,RP,0.18226500000000018,-277.12364566666673,RP,6378,3292
Styven Paez,ATL,RP,0.17873999999999973,-277.1271706666667,RP,6405,3293
Ezequiel Jimenez,,RP,0.17781499999999997,-277.1280956666667,RP,6411,3294
Jimmy Reyes,,RP,0.1748499999999998,-277.1310606666667,RP,6437,3295
Marc Davis,,RP,0.17484499999999925,-277.1310656666667,RP,6438,3296
Jefferson Lopez,,RP,0.17335999999999974,-277.1325506666667,RP,6450,3297
Jose Ramirez,CLE,RP,0.17033999999999977,-277.1355706666667,RP,6471,3298
Luke Anderson,,RP,0.16951249999999982,-277.1363981666667,RP,6474,3299
Rodolfo De La Cruz,,RP,0.16781000000000024,-277.13810066666673,RP,6483,3300
Elian Serrata,,RP,0.1636949999999999,-277.1422156666667,RP,6513,3301
Jonathan Edwards,,RP,0.16010150000000012,-277.1458091666667,RP,6541,3302
Pedro Alfonseca,,RP,0.15916999999999987,-277.1467406666667,RP,6548,3303
Elijah Birdsong,,RP,0.15773500000000015,-277.1481756666667,RP,6564,3304
Franklin Marquez,,RP,0.15528000000000025,-277.1506306666667,RP,6595,3305
Nick DeCarlo,,RP,0.15000000000000036,-277.1559106666667,RP,6642,3306
Jack Maruskin,,RP,0.1467299999999998,-277.1591806666667,RP,6671,3307
Deury Carrasco,,RP,0.14672000000000018,-277.1591906666667,RP,6672,3308
Ramon Sanchez,MIA,RP,0.14408500000000024,-277.1618256666667,RP,6706,3309
Cristofer Soriano,,RP,0.14370999999999978,-277.1622006666667,RP,6709,3310
Sean Heppner,CLE,RP,0.14038000000000017,-277.1655306666667,RP,6757,3311
Manuel Davila,SDP,RP,0.13910000000000017,-277.1668106666667,RP,6769,3312
Gage Boehm,LAA,RP,0.13682999999999984,-277.16908066666673,RP,6791,3313
Dairon De Jesus,ATH,RP,0.13467,-277.1712406666667,RP,6814,3314
Milkar Perez,,RP,0.13046999999999986,-277.1754406666667,RP,6867,3315
Stanly Alcantara,NYY,RP,0.13036999999999987,-277.1755406666667,RP,6869,3316
Tyler Fitzgerald,SFG,2B,18.236347666666667,-277.18491233333333,Batter,1288,3317
Bryson Van Sickle,COL,RP,0.11819000000000024,-277.1877206666667,RP,7065,3318
Wuardo Fernandez,,RP,0.11768750000000017,-277.1882231666667,RP,7068,3319
Michael Limoncelli,,RP,0.11367999999999995,-277.1922306666667,RP,7116,3320
Tejahari Wilson,BOS,RP,0.11176000000000025,-277.1941506666667,RP,7147,3321
Trevor Long,SEA,RP,0.10955300000000001,-277.1963576666667,RP,7185,3322
Isaiah Jackson,KCR,RP,0.1061399999999999,-277.1997706666667,RP,7247,3323
Edward Cedano,ATL,RP,0.0998900000000002,-277.2060206666667,RP,7336,3324
Doimil Perez,,RP,0.09924000000000012,-277.2066706666667,RP,7348,3325
Jose S. Mendoza,,RP,0.09335000000000004,-277.2125606666667,RP,7427,3326
Porfirio Ramos,HOU,RP,0.08634000000000003,-277.2195706666667,RP,7541,3327
Santiago Peraza,CLE,RP,0.0821100000000003,-277.2238006666667,RP,7615,3328
Evan Elliott,,RP,0.08169000000000004,-277.2242206666667,RP,7621,3329
Josh Gessner,,RP,0.07897499999999946,-277.2269356666667,RP,7674,3330
Miguel Mejias,NYM,RP,0.07499999999999929,-277.2309106666667,RP,7723,3331
Cannon Pickell,MIA,RP,0.07499999999999929,-277.2309106666667,RP,7724,3332
Blake Shepardson,CHW,RP,0.07397050000000005,-277.23194016666673,RP,7744,3333
Wilson Lopez,NYM,RP,0.0718090000000001,-277.23410166666673,RP,7778,3334
Eli Trop,PHI,RP,0.06969999999999998,-277.2362106666667,RP,7798,3335
Rob Griswold,,RP,0.06911,-277.2368006666667,RP,7803,3336
Andrew Pogue,DET,RP,0.0600000000000005,-277.2459106666667,RP,7945,3337
Alexis De La Cruz,,RP,0.05558500000000019,-277.2503256666667,RP,8000,3338
Brailyn Paulino,STL,RP,0.05517000000000011,-277.25074066666673,RP,8007,3339
Xiomer Guacache,DET,RP,0.05449999999999998,-277.2514106666667,RP,8017,3340
Blaze Pontes,ATH,RP,0.05449000000000026,-277.2514206666667,RP,8018,3341
Jeison Payano,BOS,RP,0.05281999999999992,-277.2530906666667,RP,8043,3342
Miguel Briceno,MIN,RP,0.04922999999999966,-277.2566806666667,RP,8092,3343
Caden Vire,BOS,RP,0.043560000000000265,-277.2623506666667,RP,8167,3344
Reese Lumpkin,LAA,RP,0.037499999999999645,-277.2684106666667,RP,8232,3345
Octavio Becerra,,RP,0.037499999999999645,-277.2684106666667,RP,8231,3346
Christian Avendano,,RP,0.03488000000000019,-277.2710306666667,RP,8256,3347
Julio Dilone,,RP,0.03413999999999984,-277.2717706666667,RP,8270,3348
Haminton Mendez,LAA,RP,0.0341200000000004,-277.27179066666673,RP,8271,3349
Diego Hernandez,,RP,0.03000000000000025,-277.27591066666673,RP,8332,3350
Mendry Solano,,RP,0.027940000000000076,-277.2779706666667,RP,8365,3351
Luis A. Reyes,CHC,RP,0.027794999999999903,-277.2781156666667,RP,8367,3352
Albert Polanco,MIA,RP,0.02529999999999985,-277.2806106666667,RP,8394,3353
Nelfri Payano,CIN,RP,0.024814499999999816,-277.2810961666667,RP,8401,3354
Darwin Rodriguez,MIA,RP,0.02467699999999995,-277.2812336666667,RP,8402,3355
Weskendry Espinosa,,RP,0.02276499999999987,-277.2831456666667,RP,8420,3356
Sthiven Benitez,KCR,RP,0.015520000000000034,-277.2903906666667,RP,8502,3357
Luis Tejeda,COL,RP,0.01157999999999998,-277.2943306666667,RP,8543,3358
Keiber Armas,TEX,RP,0.011540000000000078,-277.2943706666667,RP,8544,3359
Andrew Bechtold,PHI,RP,0.010920000000000485,-277.2949906666667,RP,8552,3360
Felix Cabrera,,RP,0.003654999999999853,-277.3022556666667,RP,8622,3361
Andrew Carson,,RP,0.002954500000000193,-277.3029561666667,RP,8634,3362
Emmanuel Martinez,,RP,0.0024599999999996153,-277.3034506666667,RP,8639,3363
John Valle,NYM,RP,0.0,-277.3059106666667,RP,8764,3364
Jackson Cluff,NYM,RP,0.0,-277.3059106666667,RP,8675,3365
Rowell Arroyo,CHC,RP,0.0,-277.3059106666667,RP,8758,3366
Jesus Valdez,ARI,RP,0.0,-277.3059106666667,RP,8691,3367
Tristan Smith,CIN,RP,-1.0000000000509601e-05,-277.3059206666667,RP,8776,3368
Keywill Cedeno,,RP,-0.00043999999999974615,-277.30635066666673,RP,8780,3369
Yohemy Nolasco,,RP,-0.001204999999999845,-277.30711566666673,RP,8784,3370
Claudio Gatier,,RP,-0.003624999999999934,-277.3095356666667,RP,8807,3371
Cesar Espinal,MIL,RP,-0.005724999999999841,-277.3116356666667,RP,8832,3372
Felipe Bello,,RP,-0.007824999999999888,-277.31373566666673,RP,8853,3373
Javier Santos,,RP,-0.010070000000000245,-277.3159806666667,RP,8867,3374
Redinson Gomez,COL,RP,-0.011320000000000136,-277.3172306666667,RP,8878,3375
Garrett Brown,,RP,-0.02067500000000025,-277.3265856666667,RP,8936,3376
Yanzel Correa,COL,RP,-0.02259000000000011,-277.3285006666667,RP,8945,3377
Franderly Morel,LAD,RP,-0.02346000000000001,-277.3293706666667,RP,8954,3378
Jordan Valenzuela,SDP,RP,-0.02392000000000047,-277.3298306666667,RP,8958,3379
William Maynard,LAD,RP,-0.02910900000000005,-277.3350196666667,RP,8986,3380
Rayner Urbaez,,RP,-0.031040000000000068,-277.3369506666667,RP,8997,3381
Bruno Lopez,STL,RP,-0.03169500000000003,-277.3376056666667,RP,8999,3382
Jaiker Garcia,PIT,RP,-0.03496500000000019,-277.3408756666667,RP,9005,3383
Michael Peres,,RP,-0.03781999999999988,-277.3437306666667,RP,9014,3384
Logan Campbell,,RP,-0.03867999999999938,-277.3445906666667,RP,9019,3385
Kyle Bloor,,RP,-0.040000000000000036,-277.3459106666667,RP,9030,3386
Marino Santy,CHC,RP,-0.042179999999999995,-277.3480906666667,RP,9039,3387
Kristian Cardozo,,RP,-0.04465499999999947,-277.3505656666667,RP,9044,3388
Marco Corcho,LAD,RP,-0.047919999999999977,-277.3538306666667,RP,9057,3389
Wilson Cunningham,,RP,-0.05112899999999998,-277.3570396666667,RP,9069,3390
Vladimir Davila,,RP,-0.05184999999999995,-277.3577606666667,RP,9073,3391
Braden Quinn,,RP,-0.05490500000000037,-277.3608156666667,RP,9076,3392
Alex Blandino,,RP,-0.0571299999999999,-277.3630406666667,RP,9082,3393
Yeimison Arias,,RP,-0.05863000000000031,-277.3645406666667,RP,9090,3394
Dioni Baez,,RP,-0.06256999999999996,-277.3684806666667,RP,9100,3395
Luke Jewett,COL,RP,-0.06404500000000002,-277.3699556666667,RP,9103,3396
Cole Duensing,,RP,-0.06704100000000013,-277.3729516666667,RP,9116,3397
Ervin Torres,,RP,-0.07279999999999986,-277.3787106666667,RP,9123,3398
Jose Rengel,SFG,RP,-0.07302000000000003,-277.3789306666667,RP,9126,3399
Eddy Peralta,TEX,RP,-0.07536000000000005,-277.3812706666667,RP,9136,3400
Brayan Cabello,SFG,RP,-0.07566,-277.38157066666673,RP,9137,3401
Jose Guzman,,RP,-0.07692999999999994,-277.3828406666667,RP,9142,3402
Roberto Burgos,,RP,-0.08186499999999997,-277.3877756666667,RP,9153,3403
Jordan Henriquez,CHC,RP,-0.0827549999999998,-277.3886656666667,RP,9157,3404
Jose G. Gonzalez,SFG,RP,-0.08361999999999978,-277.3895306666667,RP,9161,3405
Reudis Diaz,CHW,RP,-0.08401999999999989,-277.3899306666667,RP,9162,3406
Rafael Arias,NYY,RP,-0.08927999999999978,-277.3951906666667,RP,9171,3407
Bodi Rascon,,RP,-0.09630499999999964,-277.4022156666667,RP,9179,3408
Trendan Parish,TBR,RP,-0.09999999999999964,-277.4059106666667,RP,9187,3409
Luis Lameda,MIL,RP,-0.09999999999999964,-277.4059106666667,RP,9186,3410
Bryce Jenkins,NYM,RP,-0.10341599999999973,-277.4093266666667,RP,9192,3411
Hunter Breault,ATH,RP,-0.10459499999999979,-277.4105056666667,RP,9193,3412
Odarlin Cruz,COL,RP,-0.10729999999999998,-277.4132106666667,RP,9201,3413
Ian Medina,MIA,RP,-0.10781999999999999,-277.4137306666667,RP,9202,3414
Janderson Linares,,RP,-0.10901999999999996,-277.4149306666667,RP,9204,3415
Pedro Santillan,,RP,-0.12041999999999992,-277.42633066666673,RP,9217,3416
Cory Wills,,RP,-0.12272699999999981,-277.4286376666667,RP,9223,3417
Keninson Diaz,,RP,-0.12360000000000038,-277.4295106666667,RP,9225,3418
Wilmis Paulino,COL,RP,-0.12548499999999987,-277.43139566666673,RP,9228,3419
Will Gervase,LAD,RP,-0.12685949999999985,-277.4327701666667,RP,9233,3420
Luis Garcia,TEX,RP,-0.13116,-277.4370706666667,RP,9240,3421
Willian Colmenares,,RP,-0.13390000000000057,-277.4398106666667,RP,9243,3422
Moises Amezquita,KCR,RP,-0.1391999999999997,-277.4451106666667,RP,9250,3423
Reilin Ramirez,,RP,-0.14382499999999976,-277.4497356666667,RP,9254,3424
Carlos Brito,,RP,-0.14478000000000002,-277.45069066666673,RP,9255,3425
Anel Cabrera,,RP,-0.14566000000000015,-277.4515706666667,RP,9257,3426
Andy Luis,WSN,RP,-0.14628499999999994,-277.4521956666667,RP,9258,3427
Marco Vega,LAA,RP,-0.1506550000000002,-277.4565656666667,RP,9261,3428
Carter Rees,,RP,-0.1545399999999999,-277.4604506666667,RP,9266,3429
Jesus Garcia,STL,RP,-0.15556000000000003,-277.4614706666667,RP,9268,3430
Euri Montero,WSN,RP,-0.16255000000000008,-277.4684606666667,RP,9275,3431
Fermin Magallanes,BAL,RP,-0.16466999999999987,-277.4705806666667,RP,9278,3432
Andy Basora,KCR,RP,-0.16527499999999962,-277.4711856666667,RP,9279,3433
Maikel Rodriguez,MIA,RP,-0.1663200000000002,-277.4722306666667,RP,9280,3434
Miguel Alfonseca,,RP,-0.17276999999999987,-277.4786806666667,RP,9291,3435
Jorge Guerra,,RP,-0.17702500000000032,-277.4829356666667,RP,9295,3436
Alfonso Perez,SFG,RP,-0.17758,-277.4834906666667,RP,9297,3437
Aiberson Ventura,MIN,RP,-0.18000999999999934,-277.4859206666667,RP,9300,3438
Deibi Rodriguez,DET,RP,-0.18178000000000055,-277.4876906666667,RP,9307,3439
Brandon Herbold,KCR,RP,-0.1844349999999998,-277.4903456666667,RP,9312,3440
Whilmer Guerra,,RP,-0.1868900000000004,-277.4928006666667,RP,9316,3441
Tom Reisinger,ATH,RP,-0.1890399999999999,-277.4949506666667,RP,9320,3442
Josue Henrique,COL,RP,-0.19531999999999994,-277.5012306666667,RP,9332,3443
Ernie Day,,RP,-0.19610850000000005,-277.5020191666667,RP,9334,3444
Enger Sanchez,,RP,-0.19866000000000011,-277.5045706666667,RP,9336,3445
Zeke Wood,STL,RP,-0.20000100000000032,-277.5059116666667,RP,9338,3446
Joaquin Tejada,,RP,-0.20319500000000013,-277.5091056666667,RP,9342,3447
Juan Duran,BAL,RP,-0.2050599999999997,-277.5109706666667,RP,9345,3448
Eric Gutierrez,,RP,-0.20508000000000012,-277.5109906666667,RP,9346,3449
Lender Bracho,SFG,RP,-0.20522,-277.5111306666667,RP,9348,3450
Jordan Powell,,RP,-0.2061900000000001,-277.5121006666667,RP,9349,3451
Justin Loer,COL,RP,-0.2076349999999998,-277.5135456666667,RP,9351,3452
Ayendy Pena,CIN,RP,-0.2076929999999999,-277.5136036666667,RP,9352,3453
Rafael Mendez,,RP,-0.20810000000000017,-277.5140106666667,RP,9355,3454
Algeni Mejia,,RP,-0.21092000000000027,-277.5168306666667,RP,9358,3455
Kevin Tejada,COL,RP,-0.2113400000000001,-277.5172506666667,RP,9360,3456
Dylan McCall,,RP,-0.21250000000000036,-277.5184106666667,RP,9361,3457
Jose Gonzalez,,RP,-0.21419000000000016,-277.5201006666667,RP,9363,3458
Jovi Galvez,STL,RP,-0.2147500000000001,-277.5206606666667,RP,9365,3459
Brandison Polanco,,RP,-0.21539999999999992,-277.5213106666667,RP,9367,3460
Josue Lopez,CIN,RP,-0.21818099999999996,-277.5240916666667,RP,9370,3461
Onias Jimenez,,RP,-0.222767,-277.5286776666667,RP,9378,3462
Eduardo Castillo,CHC,RP,-0.22314000000000006,-277.5290506666667,RP,9379,3463
Luis Amoroso,,RP,-0.22337000000000012,-277.5292806666667,RP,9380,3464
Jose Ojeda,,RP,-0.224495,-277.5304056666667,RP,9381,3465
Marco Manzano,NYY,RP,-0.23329999999999995,-277.5392106666667,RP,9389,3466
Anthony Prato,,RP,-0.23343000000000025,-277.5393406666667,RP,9390,3467
Luis Rodriguez,NYY,RP,-0.23530000000000037,-277.5412106666667,RP,9394,3468
Travis Garnett,ARI,RP,-0.23536500000000027,-277.5412756666667,RP,9395,3469
Irvin Gonzalez,CIN,RP,-0.2372999999999999,-277.5432106666667,RP,9397,3470
Manuel Colon,KCR,RP,-0.23834000000000036,-277.5442506666667,RP,9398,3471
Yolvin Mesa,TBR,RP,-0.23962000000000025,-277.5455306666667,RP,9401,3472
Varis Villarreal,NYY,RP,-0.23971999999999982,-277.5456306666667,RP,9403,3473
Carlos Rangel,CHC,RP,-0.24010000000000012,-277.5460106666667,RP,9404,3474
Brayan Diaz,,RP,-0.2461000000000001,-277.5520106666667,RP,9410,3475
Yoerys Hernandez,,RP,-0.24631999999999996,-277.55223066666673,RP,9411,3476
Cash Kuiper,DET,RP,-0.25,-277.5559106666667,RP,9416,3477
Matthew Clayton,,RP,-0.25,-277.5559106666667,RP,9418,3478
Caleb Pendleton,LAA,RP,-0.25,-277.5559106666667,RP,9417,3479
Deivy Victora,,RP,-0.25031999999999993,-277.5562306666667,RP,9420,3480
Ismael Yanez,MIL,RP,-0.25113000000000013,-277.5570406666667,RP,9423,3481
Snarlyn Evangelista,,RP,-0.2525599999999998,-277.5584706666667,RP,9427,3482
Wuillians Herrera,LAD,RP,-0.25289,-277.5588006666667,RP,9428,3483
Manuel Heredia,,RP,-0.25558000000000014,-277.5614906666667,RP,9431,3484
Ronald Tejada,NYY,RP,-0.25666,-277.5625706666667,RP,9433,3485
Joldelanio De Los Santos,LAD,RP,-0.2611999999999998,-277.5671106666667,RP,9435,3486
Renil Ramos,CLE,RP,-0.26290000000000024,-277.5688106666667,RP,9436,3487
Cristian Diaz,,RP,-0.2637200000000003,-277.5696306666667,RP,9438,3488
Bjay Cooke,ATH,RP,-0.266667,-277.5725776666667,RP,9440,3489
Samir Chires,SFG,RP,-0.26893999999999924,-277.5748506666667,RP,9443,3490
Angel Tello,LAD,RP,-0.2702399999999999,-277.5761506666667,RP,9446,3491
Wilton Rondon,,RP,-0.27085999999999977,-277.57677066666673,RP,9448,3492
Frandy Rodriguez,,RP,-0.2719199999999997,-277.5778306666667,RP,9450,3493
Jhemiangel Tovar,,RP,-0.2720800000000001,-277.5779906666667,RP,9451,3494
Irving Vazquez,,RP,-0.2744000000000001,-277.5803106666667,RP,9456,3495
Jose Rojas,,RP,-0.27549999999999997,-277.5814106666667,RP,9459,3496
Yael Arias,,RP,-0.2755200000000001,-277.5814306666667,RP,9460,3497
Yoan Valdez,DET,RP,-0.27568000000000004,-277.5815906666667,RP,9461,3498
Johan Minaya,,RP,-0.27588000000000035,-277.5817906666667,RP,9462,3499
Justin Lugo,MIL,RP,-0.27595999999999987,-277.5818706666667,RP,9463,3500
Gilbel Galvan,BOS,RP,-0.2808850000000003,-277.5867956666667,RP,9466,3501
Carlos Almonte,,RP,-0.2820600000000003,-277.5879706666667,RP,9467,3502
Oscar Moreta,,RP,-0.28375999999999957,-277.5896706666667,RP,9470,3503
Kevison Hernandez,,RP,-0.2845000000000004,-277.5904106666667,RP,9471,3504
Julio Polanco,PHI,RP,-0.28535999999999995,-277.59127066666673,RP,9473,3505
Luis Guevara,,RP,-0.29139999999999977,-277.5973106666667,RP,9479,3506
Juan Rasquin,,RP,-0.2932799999999999,-277.5991906666667,RP,9481,3507
Ricardo Gomez,,RP,-0.2951999999999999,-277.6011106666667,RP,9483,3508
Jeffrey Familia,,RP,-0.2996200000000002,-277.6055306666667,RP,9488,3509
Jhosep Ospino,MIL,RP,-0.2997000000000001,-277.6056106666667,RP,9489,3510
Wily Villar,TEX,RP,-0.2999999999999998,-277.6059106666667,RP,9491,3511
Hayder Ortiz,,RP,-0.2999999999999998,-277.6059106666667,RP,9492,3512
Adler Cecil,SDP,RP,-0.30001000000000033,-277.6059206666667,RP,9494,3513
Leonardo Rossel,DET,RP,-0.3046399999999999,-277.6105506666667,RP,9497,3514
Donal Montas,DET,RP,-0.30825999999999987,-277.6141706666667,RP,9501,3515
Alvaro Gamez,,RP,-0.30979999999999974,-277.6157106666667,RP,9503,3516
Oliver Del Rosario,KCR,RP,-0.31017999999999973,-277.6160906666667,RP,9504,3517
Michael Rodriguez,,RP,-0.3105400000000005,-277.6164506666667,RP,9505,3518
Jeyderson Mora,,RP,-0.3117249999999999,-277.61763566666673,RP,9509,3519
Eduardo Fernandez,,RP,-0.31308,-277.6189906666667,RP,9512,3520
Marcelo Valladares,CHW,RP,-0.31495200000000007,-277.6208626666667,RP,9514,3521
Alan Perdomo,,RP,-0.32260999999999995,-277.6285206666667,RP,9517,3522
Enrique Carta,,RP,-0.3230399999999999,-277.6289506666667,RP,9518,3523
Alejandro Ramirez,,RP,-0.32373999999999997,-277.6296506666667,RP,9520,3524
Hector Castillo,CLE,RP,-0.3272799999999999,-277.6331906666667,RP,9525,3525
Saul Sanchez,,RP,-0.32904,-277.6349506666667,RP,9526,3526
Cristian Rueda,MIA,RP,-0.3301799999999999,-277.6360906666667,RP,9529,3527
Darling Reyes,,RP,-0.33110000000000006,-277.6370106666667,RP,9531,3528
Jose Sanchez,WSN,RP,-0.3337800000000001,-277.6396906666667,RP,9533,3529
Yeferson Silva,,RP,-0.33452500000000013,-277.6404356666667,RP,9534,3530
Yoryi Simarra,,RP,-0.3352600000000001,-277.6411706666667,RP,9536,3531
Omar Calcurian,SFG,RP,-0.33630000000000004,-277.6422106666667,RP,9537,3532
Nixon Parra,,RP,-0.3367600000000001,-277.64267066666673,RP,9538,3533
Yoandys Veraza,BOS,RP,-0.3383400000000002,-277.6442506666667,RP,9540,3534
Deiver Oliveros,,RP,-0.3387000000000004,-277.6446106666667,RP,9541,3535
Jordi Romero,,RP,-0.3391800000000004,-277.6450906666667,RP,9542,3536
Carlos Canales,MIL,RP,-0.34294,-277.6488506666667,RP,9544,3537
Joel Heredia,,RP,-0.3445399999999998,-277.6504506666667,RP,9545,3538
Ranwell Smith,,RP,-0.34548000000000023,-277.6513906666667,RP,9547,3539
Jordi Infante,TBR,RP,-0.3524599999999998,-277.6583706666667,RP,9553,3540
Henry Ramirez,PHI,RP,-0.3527199999999996,-277.6586306666667,RP,9554,3541
Luis Vasquez,DET,RP,-0.35334,-277.6592506666667,RP,9555,3542
Jose Meza,SFG,RP,-0.3575799999999998,-277.6634906666667,RP,9557,3543
Yander Pinero,ATL,RP,-0.3583399999999999,-277.6642506666667,RP,9558,3544
Leudy Tirado,,RP,-0.36024,-277.6661506666667,RP,9559,3545
Leonardi Almonte,,RP,-0.3604999999999999,-277.6664106666667,RP,9560,3546
Geremy Barroso,TOR,RP,-0.3609000000000001,-277.6668106666667,RP,9561,3547
Yuliangel De La Cruz,LAD,RP,-0.3613400000000001,-277.6672506666667,RP,9562,3548
Esmerlyn Valenzuela,,RP,-0.3621400000000001,-277.6680506666667,RP,9563,3549
Mario Zabala,SDP,RP,-0.36248099999999983,-277.6683916666667,RP,9564,3550
Elías Moscoso,BAL,RP,-0.3636800000000002,-277.6695906666667,RP,9565,3551
Jhon Cabral,MIA,RP,-0.3657250000000002,-277.6716356666667,RP,9567,3552
Jank Pichardo,HOU,RP,-0.36654000000000003,-277.6724506666667,RP,9568,3553
Jose Golindano,,RP,-0.36704000000000025,-277.6729506666667,RP,9569,3554
Hanfermin Vargas,,RP,-0.3672999999999999,-277.6732106666667,RP,9570,3555
Luis Joseph,,RP,-0.36767999999999995,-277.6735906666667,RP,9571,3556
Robinson Javier,,RP,-0.36895999999999984,-277.6748706666667,RP,9574,3557
Oswal Rodriguez,KCR,RP,-0.37236,-277.6782706666667,RP,9577,3558
Reiner Lopez,STL,RP,-0.3733800000000004,-277.6792906666667,RP,9578,3559
Ruver Flores,,RP,-0.37378000000000017,-277.6796906666667,RP,9579,3560
Wilmer Lugo,NYM,RP,-0.3740000000000004,-277.67991066666673,RP,9580,3561
Breilin Arredondo,,RP,-0.37943999999999967,-277.6853506666667,RP,9582,3562
Noslen Marquez,,RP,-0.3794699999999997,-277.68538066666673,RP,9583,3563
Tyler Hoffman,,RP,-0.3805549999999999,-277.6864656666667,RP,9584,3564
Carlos Beras,KCR,RP,-0.38194000000000006,-277.6878506666667,RP,9585,3565
Yoryi Jimenez,,RP,-0.3822399999999999,-277.68815066666673,RP,9586,3566
Jeyson Mejia,,RP,-0.38292000000000004,-277.6888306666667,RP,9587,3567
Jake Polancic,,RP,-0.385713,-277.6916236666667,RP,9588,3568
Yansel Marine,,RP,-0.38586,-277.6917706666667,RP,9589,3569
Aneudis George,,RP,-0.3860800000000002,-277.6919906666667,RP,9590,3570
Tim Fischer,LAD,RP,-0.3907100000000002,-277.6966206666667,RP,9593,3571
John Sosa,,RP,-0.39146000000000014,-277.6973706666667,RP,9594,3572
Luis De Aza,,RP,-0.39157999999999993,-277.6974906666667,RP,9595,3573
Jeremy Guzman,,RP,-0.39202000000000015,-277.6979306666667,RP,9596,3574
Bryan Landaez,CHC,RP,-0.3922000000000003,-277.6981106666667,RP,9597,3575
Jesus Poline,,RP,-0.39444,-277.7003506666667,RP,9599,3576
Dulger Nino,CIN,RP,-0.39578000000000013,-277.7016906666667,RP,9600,3577
Misael Lopez,,RP,-0.39795999999999987,-277.7038706666667,RP,9602,3578
Jack Kochanowicz,LAA,SP,31.0062,-277.705332,SP,1164,3579
Randol Martinez,,RP,-0.3996400000000001,-277.7055506666667,RP,9605,3580
Jackson Grounds,,RP,-0.4021980000000003,-277.7081086666667,RP,9606,3581
Dermis Ordonez,,RP,-0.4031199999999996,-277.7090306666667,RP,9607,3582
Santiago Rojas,MIN,RP,-0.40570000000000017,-277.71161066666673,RP,9609,3583
Santhony Vizcaino,BAL,RP,-0.41046000000000016,-277.7163706666667,RP,9612,3584
Jecsua Liborius,LAD,RP,-0.4117765,-277.7176871666667,RP,9616,3585
Rolando Anzola,LAA,RP,-0.4121800000000002,-277.7180906666667,RP,9617,3586
Juan Duarte,PHI,RP,-0.41762000000000016,-277.7235306666667,RP,9622,3587
Erick Padilla,CLE,RP,-0.42090000000000005,-277.7268106666667,RP,9623,3588
Ledwin Gonzalez,,RP,-0.4251799999999999,-277.7310906666667,RP,9626,3589
Luis Cabrera,,RP,-0.4269799999999997,-277.7328906666667,RP,9627,3590
Hader Blanco,,RP,-0.4277399999999999,-277.7336506666667,RP,9628,3591
Edwyn Hernandez,SDP,RP,-0.4284199999999998,-277.7343306666667,RP,9629,3592
Roman Camacho,,RP,-0.4318799999999996,-277.7377906666667,RP,9631,3593
Abel Brito,,RP,-0.43218999999999974,-277.7381006666667,RP,9632,3594
Weslin De Los Santos,,RP,-0.4328999999999997,-277.7388106666667,RP,9633,3595
Jhosep Chirinos,,RP,-0.43447000000000013,-277.7403806666667,RP,9634,3596
Johandi Medina,,RP,-0.4409399999999999,-277.7468506666667,RP,9636,3597
David Burgos,,RP,-0.44161999999999973,-277.7475306666667,RP,9637,3598
Javier Abreu,,RP,-0.4433799999999999,-277.7492906666667,RP,9640,3599
Enderson Jean,PHI,RP,-0.4436600000000004,-277.7495706666667,RP,9642,3600
Alberto Chala,,RP,-0.44389999999999996,-277.7498106666667,RP,9643,3601
Victor Trejo,PIT,RP,-0.4455999999999998,-277.7515106666667,RP,9644,3602
Aldrin Gonzalez,MIL,RP,-0.4500099999999998,-277.7559206666667,RP,9648,3603
Angel Sanchez,,RP,-0.4502600000000002,-277.7561706666667,RP,9649,3604
Rafael Lasorsa,,RP,-0.4531999999999998,-277.7591106666667,RP,9651,3605
Brandon Smith,,RP,-0.4553400000000002,-277.7612506666667,RP,9652,3606
Lenin Mendez,,RP,-0.4556600000000002,-277.7615706666667,RP,9653,3607
Anthony Reynoso,,RP,-0.45698000000000005,-277.7628906666667,RP,9654,3608
Linbel Jimenez,MIL,RP,-0.4606999999999999,-277.7666106666667,RP,9655,3609
Andres Ramos,,RP,-0.46196000000000004,-277.7678706666667,RP,9656,3610
Miguel Cruz,,RP,-0.46304999999999974,-277.7689606666667,RP,9657,3611
Leodarlyn Colon,WSN,RP,-0.4678049999999998,-277.7737156666667,RP,9658,3612
Daniel Colina,,RP,-0.46948000000000023,-277.7753906666667,RP,9659,3613
Jesus Silverio,,RP,-0.47061,-277.7765206666667,RP,9660,3614
Oliver Eusebio,,RP,-0.47131999999999985,-277.7772306666667,RP,9661,3615
Wali Pierre,,RP,-0.4717399999999997,-277.7776506666667,RP,9662,3616
Fraylin Suriel,,RP,-0.4752599999999998,-277.7811706666667,RP,9663,3617
Jonaikel Meza,CLE,RP,-0.4776799999999999,-277.7835906666667,RP,9664,3618
Richard Jimenez,MIA,RP,-0.4794400000000002,-277.7853506666667,RP,9665,3619
Johan Zapata,,RP,-0.48017999999999994,-277.7860906666667,RP,9666,3620
Yeison Silgado,,RP,-0.48053999999999997,-277.7864506666667,RP,9667,3621
Eriberto Vasquez,CLE,RP,-0.4843200000000003,-277.79023066666673,RP,9671,3622
Enyerber Rivero,,RP,-0.48851999999999995,-277.7944306666667,RP,9676,3623
Estarlin Francisco,,RP,-0.49638000000000004,-277.8022906666667,RP,9678,3624
Gustavo Meneses,,RP,-0.4968399999999996,-277.8027506666667,RP,9679,3625
Wagner Castillo,,RP,-0.49868000000000023,-277.8045906666667,RP,9680,3626
Neftali Taveras,KCR,RP,-0.5025,-277.8084106666667,RP,9681,3627
Jhon Leon,SFG,RP,-0.5045600000000001,-277.81047066666673,RP,9683,3628
Oliver Camilo,,RP,-0.5108799999999994,-277.8167906666667,RP,9685,3629
Osbriel Mogollon,,RP,-0.5110850000000001,-277.8169956666667,RP,9686,3630
Moises Moreno,,RP,-0.5190399999999997,-277.8249506666667,RP,9689,3631
Frederic Frias,,RP,-0.5203400000000001,-277.8262506666667,RP,9690,3632
Guanchi Martinez,,RP,-0.5245200000000002,-277.8304306666667,RP,9692,3633
Damian Alcala,,RP,-0.5259800000000001,-277.8318906666667,RP,9693,3634
Delvis Heredia,SFG,RP,-0.5348799999999999,-277.8407906666667,RP,9696,3635
Andres Herrera,COL,RP,-0.5381400000000004,-277.8440506666667,RP,9698,3636
Jesus Tapia,,RP,-0.5389800000000001,-277.8448906666667,RP,9699,3637
Roblin Heredia,,RP,-0.54,-277.8459106666667,RP,9700,3638
Raymond Sosa,BAL,RP,-0.5435800000000001,-277.8494906666667,RP,9701,3639
Abdiel Medina,,RP,-0.54511,-277.8510206666667,RP,9702,3640
Brayan Polanco,,RP,-0.5475999999999999,-277.8535106666667,RP,9703,3641
Carlos Lopez,CLE,RP,-0.5536400000000004,-277.8595506666667,RP,9704,3642
Christopher Vasquez,NYY,RP,-0.5574600000000003,-277.8633706666667,RP,9705,3643
Eduardo Tovar,,RP,-0.5631180000000002,-277.8690286666667,RP,9706,3644
Alan Marcano,ARI,RP,-0.5673800000000004,-277.8732906666667,RP,9707,3645
Gabriel De La Cruz,,RP,-0.5719000000000001,-277.87781066666673,RP,9708,3646
Abis Prado,BOS,RP,-0.5732595,-277.8791701666667,RP,9709,3647
Alexander Lugo,ARI,RP,-0.5800799999999998,-277.8859906666667,RP,9710,3648
Angel Gomez,,RP,-0.58846,-277.8943706666667,RP,9711,3649
Alexander Rivero,,RP,-0.59432,-277.9002306666667,RP,9712,3650
Jheifer Ramirez,,RP,-0.5981200000000002,-277.9040306666667,RP,9713,3651
Jhoan Lorenzo,,RP,-0.6002800000000001,-277.9061906666667,RP,9714,3652
Alejandro De La Cruz,MIA,RP,-0.6059400000000001,-277.9118506666667,RP,9715,3653
Nestor Cafe,,RP,-0.6060199999999998,-277.9119306666667,RP,9716,3654
Brahian Rijo,,RP,-0.6096800000000001,-277.91559066666673,RP,9718,3655
Kelvin Carmona,,RP,-0.6149000000000004,-277.9208106666667,RP,9719,3656
Chance Nolan,NYY,RP,-0.625,-277.9309106666667,RP,9720,3657
Christian Mracna,,RP,-0.6287190000000002,-277.9346296666667,RP,9721,3658
Marco Patino,,RP,-0.6299849999999997,-277.9358956666667,RP,9722,3659
Luke Thelen,,RP,-0.6324700000000002,-277.9383806666667,RP,9723,3660
Luciano Romero,,RP,-0.63906,-277.9449706666667,RP,9724,3661
Yarison Ruiz,,RP,-0.640107,-277.9460176666667,RP,9725,3662
Jeffrey Amparo,,RP,-0.6490599999999995,-277.9549706666667,RP,9727,3663
Nicola Prodanovic,CIN,RP,-0.7052200000000001,-278.0111306666667,RP,9732,3664
Darlin Mendez,,RP,-0.7092149999999998,-278.0151256666667,RP,9733,3665
Rene Yrish,PHI,RP,-0.7156399999999998,-278.0215506666667,RP,9734,3666
Wilme Mora,,RP,-0.7281250000000004,-278.0340356666667,RP,9735,3667
Jeiki Beltran,,RP,-0.7514449999999999,-278.0573556666667,RP,9737,3668
Tyler Locklear,ARI,1B,67.26026966666666,-278.0666129333333,Batter,902,3669
Albert Feliz,,RP,-0.7632700000000003,-278.0691806666667,RP,9738,3670
Cam Brown,,RP,-0.7772969999999999,-278.0832076666667,RP,9739,3671
Nicholas Judice,BOS,RP,-0.7841370000000003,-278.0900476666667,RP,9740,3672
Caleb Franzen,,RP,-0.8027399999999995,-278.1086506666667,RP,9743,3673
Tommy Ventimiglia,,RP,-0.8133350000000003,-278.1192456666667,RP,9745,3674
Jommy Hernandez,CHW,RP,-0.8134600000000001,-278.1193706666667,RP,9746,3675
Mo Hanley,,RP,-0.8616400000000004,-278.1675506666667,RP,9748,3676
Ricardo Montero,LAD,RP,-0.8786360000000003,-278.18454666666673,RP,9749,3677
Robert Puason,ATH,RP,-0.8789600000000002,-278.1848706666667,RP,9750,3678
Jean Reyes,,RP,-0.8799999999999999,-278.1859106666667,RP,9751,3679
Tommy Sheehan,CHW,RP,-0.8799999999999999,-278.1859106666667,RP,9752,3680
Jose Pinto,,RP,-0.8869649999999998,-278.1928756666667,RP,9754,3681
Fernando Caldera,HOU,RP,-0.8894200000000003,-278.1953306666667,RP,9755,3682
Josue Arias,MIA,RP,-0.9271250000000004,-278.2330356666667,RP,9759,3683
Sam Gerth,COL,RP,-0.9399999999999995,-278.2459106666667,RP,9761,3684
Genderson Zapata,,RP,-0.9450749999999997,-278.2509856666667,RP,9762,3685
Erick Rodriguez,,RP,-0.9668200000000002,-278.2727306666667,RP,9764,3686
David Lee,COL,RP,-0.9749999999999996,-278.2809106666667,RP,9765,3687
Josh VanMeter,,RP,-1.0,-278.3059106666667,RP,9767,3688
Jacob Bimbi,PIT,RP,-1.0,-278.3059106666667,RP,9768,3689
Max Schuemann,NYY,3B,16.186857000000003,-278.5188337333334,Batter,1317,3690
Yoel Correa,,RP,-1.2499989999999999,-278.5559096666667,RP,9775,3691
Clarence Martina,WSN,RP,-1.2999999999999998,-278.6059106666667,RP,9779,3692
Adam Macko,TOR,SP,30.072000000000003,-278.639532,SP,1175,3693
Troy Butler,,RP,-1.439968,-278.7458786666667,RP,9784,3694
Ronel Blanco,HOU,SP,29.91442,-278.79711199999997,SP,1177,3695
Adrian Acosta,LAA,RP,-1.4967850000000003,-278.8026956666667,RP,9786,3696
Christian Oliveira,LAD,RP,-2.3857100000000004,-279.6916206666667,RP,9792,3697
Kyren Paris,LAA,2B,15.575680666666665,-279.8455793333334,Batter,1323,3698
Carlos Cortes,ATH,Unknown,65.44203566666665,-279.88484693333334,Batter,917,3699
Kyle Farmer,ATL,2B,14.2043,-281.21696000000003,Batter,1340,3700
Dylan Carlson,CHC,LF,20.801112666666665,-281.50857133333335,Batter,1254,3701
Jonah Bride,TEX,3B,13.128016466666667,-281.5776742666667,Batter,1354,3702
Gage Jump,ATH,SP,26.97039266666667,-281.7411393333333,SP,1199,3703
Noah Schultz,CHW,SP,26.92416,-281.787372,SP,1200,3704
Miles Mastrobuoni,SEA,3B,12.775924333333336,-281.92976640000006,Batter,1360,3705
Kameron Misner,KCR,CF,20.156642000000005,-282.153042,Batter,1263,3706
Tyler Wade,TEX,2B,12.677856666666665,-282.74340333333333,Batter,1363,3707
JR Ritchie,ATL,SP,25.580019999999998,-283.131512,SP,1214,3708
Brandon Lockridge,MIL,LF,18.572235666666668,-283.73744833333336,Batter,1286,3709
Thomas Harrington,PIT,SP,24.670379999999994,-284.041152,SP,1222,3710
Matt Waldron,SDP,SP,24.520440000000008,-284.19109199999997,SP,1223,3711
Kevin Newman,KCR,3B,10.282085966666667,-284.4236047666667,Batter,1397,3712
Mickey Gasper,BOS,2B,9.6696557,-285.7516043,Batter,1413,3713
Jorge Barrosa,ARI,Unknown,59.223159,-286.10372359999997,Batter,960,3714
Mitch Bratt,ARI,SP,22.577676666666665,-286.1338553333333,SP,1240,3715
Jhonkensy Noel,BAL,RF,15.559359466666665,-286.75032453333336,Batter,1324,3716
Heston Kjerstad,BAL,LF,15.0155861,-287.2940979,Batter,1331,3717
Austin Slater,DET,LF,14.400699999999997,-287.90898400000003,Batter,1336,3718
Taylor Trammell,HOU,LF,12.957832333333334,-289.3518516666667,Batter,1357,3719
Cal Quantrill,TEX,SP,19.35931333333333,-289.35221866666666,SP,1274,3720
Jacob Melton,TBR,Unknown,55.96876433333333,-289.3581182666666,Batter,978,3721
Emmanuel Rivera,,3B,4.748574266666666,-289.9571164666667,Batter,1524,3722
Ben Kudrna,KCR,SP,18.544040000000003,-290.167492,SP,1287,3723
Eric Wagaman,MIN,1B,54.998442000000004,-290.32844059999996,Batter,981,3724
Jonatan Clase,TOR,LF,11.572325666666666,-290.73735833333336,Batter,1382,3725
Nick Yorke,PIT,Unknown,53.80587933333333,-291.52100326666664,Batter,990,3726
Riley Cornelio,WSN,SP,17.12265,-291.58888199999996,SP,1302,3727
Vinny Capra,BOS,3B,2.8264880333333333,-291.87920270000006,Batter,1920,3728
Marco Raya,MIN,SP,16.68825199999999,-292.02328,SP,1307,3729
Yanquiel Fernández,NYY,RF,10.173145033333334,-292.13653896666665,Batter,1403,3730
César Salazar,HOU,Unknown,52.020286999999996,-293.3065956,Batter,1004,3731
Nick Allen,HOU,SS,46.465364666666666,-293.67253573333335,Batter,1037,3732
Zac Veen,COL,Unknown,50.84503700000001,-294.4818456,Batter,1006,3733
Jose Ramirez,DET,3B/DH,0.07589999999999997,-294.6297907333334,Batter,7714,3734
Miguel Vargas,,3B/1B,0.005699999999999983,-294.6999907333334,Batter,8606,3735
Tanner Houck,BOS,SP,13.987853333333328,-294.7236786666667,SP,1344,3736
Drew Waters,KCR,LF,7.500431666666667,-294.80925233333335,Batter,1452,3737
Orlando Arcia,MIN,SS,45.32808933333333,-294.8098110666667,Batter,1048,3738
Jorge Mateo,ATL,Unknown,49.92308666666668,-295.4037959333333,Batter,1011,3739
Marco Gonzales,SDP,SP,12.890380000000006,-295.821152,SP,1358,3740
Brandon Waddell,NYM,SP,12.644941999999997,-296.06658999999996,SP,1364,3741
Tony Gonsolin,,SP,12.214169999999996,-296.49736199999995,SP,1370,3742
Blake Walston,ARI,SP,12.205438999999997,-296.50609299999996,SP,1372,3743
Tink Hence,STL,SP,12.155250666666666,-296.5562813333333,SP,1373,3744
Trey Gibson,BAL,SP,11.84711,-296.864422,SP,1378,3745
Jean Cabrera,PHI,SP,11.595334,-297.116198,SP,1381,3746
Weston Wilson,BAL,LF,4.825266533333333,-297.4844174666667,Batter,1519,3747
Bryan Torres,STL,Unknown,47.086792333333335,-298.24009026666664,Batter,1030,3748
Yoniel Curet,PHI,SP,10.252202666666667,-298.4593293333333,SP,1398,3749
Leo Jiménez,TOR,Unknown,46.84438333333333,-298.48249926666665,Batter,1032,3750
Hunter Renfroe,,RF,3.6528,-298.656884,Batter,1642,3751
Anthony Molina,ATL,SP,9.972653333333335,-298.73887866666666,SP,1405,3752
Reese Olson,DET,SP,9.874429000000001,-298.83710299999996,SP,1408,3753
Joshua Palacios,,RF,3.3356000000000003,-298.974084,Batter,1713,3754
Juan Brito,CLE,Unknown,46.01904266666667,-299.3078399333333,Batter,1040,3755
Nestor Cortes,,SP,9.195341999999995,-299.51619,SP,1422,3756
Brody Hopkins,TBR,SP,9.184339999999999,-299.52719199999996,SP,1423,3757
Jackson Wolf,SDP,SP,9.170166,-299.541366,SP,1425,3758
Julian Garcia,CIN,SP,8.99999,-299.71154199999995,SP,1428,3759
Bryce Johnson,SDP,Unknown,45.50328,-299.82360259999996,Batter,1045,3760
Deyvison De Los Santos,MIA,Unknown,45.437334666666665,-299.8895479333333,Batter,1047,3761
Ryan Webb,CLE,SP,8.728247333333334,-299.98328466666663,SP,1433,3762
Pete Hansen,STL,SP,8.63608933333333,-300.0754426666666,SP,1434,3763
Sean Sullivan,COL,SP,8.518029999999998,-300.19350199999997,SP,1435,3764
Brandon Walter,HOU,SP,8.009112666666667,-300.7024193333333,SP,1445,3765
Alexander Canario,,LF,1.2874999999999999,-301.022184,Batter,3487,3766
Nick Martini,,RF,1.2617499999999997,-301.047934,Batter,3552,3767
Cooper Hummel,,LF,1.13475,-301.174934,Batter,3877,3768
Joel Hurtado,LAA,SP,7.167459999999997,-301.54407199999997,SP,1457,3769
Austin Kitchen,SEA,SP,7.160880000000001,-301.55065199999996,SP,1458,3770
Didier Fuentes,ATL,SP,7.080629000000001,-301.630903,SP,1460,3771
Calvin Ziegler,NYM,SP,6.647860000000001,-302.063672,SP,1465,3772
Jared Lyons,CIN,SP,6.620159999999997,-302.091372,SP,1466,3773
Michael A. Taylor,,RF,0.0,-302.309684,Batter,8726,3774
Jackson Jobe,DET,SP,6.276151333333334,-302.4353806666666,SP,1476,3775
Casey Lawrence,SEA,SP,6.163297333333332,-302.54823466666664,SP,1481,3776
Esteury Ruiz,MIA,Unknown,42.716878333333334,-302.61000426666664,Batter,1067,3777
Daniel Eagen,ARI,SP,5.793305,-302.918227,SP,1485,3778
Cole Irvin,LAD,SP,5.6336326666666645,-303.07789933333333,SP,1489,3779
Yu Darvish,SDP,SP,5.490165,-303.221367,SP,1492,3780
Alejandro Rosario,WSN,SP,5.476590000000001,-303.234942,SP,1494,3781
Thomas Hatch,ARI,SP,5.475318666666664,-303.2362133333333,SP,1495,3782
Tylor Megill,NYM,SP,5.3918550000000005,-303.31967699999996,SP,1496,3783
Brandon Knarr,,SP,5.368380000000002,-303.343152,SP,1498,3784
Cole Hertzler,HOU,SP,5.28312,-303.428412,SP,1499,3785
Ben Hess,NYY,SP,5.274395000000001,-303.43713699999995,SP,1500,3786
Walker Jenkins,MIN,Unknown,41.80317233333333,-303.5237102666666,Batter,1072,3787
T.J. Nichols,TBR,SP,5.125995,-303.585537,SP,1506,3788
Jagger Haynes,SDP,SP,5.024415000000001,-303.687117,SP,1510,3789
Tekoah Roby,STL,SP,5.01696,-303.694572,SP,1511,3790
Pierce Coppola,CHC,SP,5.00001,-303.711522,SP,1512,3791
Luis Pimentel,CIN,SP,5.0,-303.711532,SP,1513,3792
Allan Winans,,SP,4.986015,-303.72551699999997,SP,1514,3793
Jonathan Santucci,NYM,SP,4.84537,-303.866162,SP,1517,3794
Brian Hendry,NYY,SP,4.800000000000001,-303.91153199999997,SP,1522,3795
Luis Ortiz,CLE,SP,4.764275,-303.947257,SP,1523,3796
David Davalillo,TEX,SP,4.693734999999999,-304.017797,SP,1526,3797
Khal Stephen,CLE,SP,4.641480000000001,-304.070052,SP,1528,3798
Will Brennan,SFG,Unknown,41.2253,-304.1015826,Batter,1081,3799
Brady Tygart,BOS,SP,4.549990000000001,-304.161542,SP,1529,3800
Jackson Ferris,LAD,SP,4.540225000000001,-304.17130699999996,SP,1530,3801
Clayton Kershaw,,SP,4.534255,-304.177277,SP,1531,3802
Owen Murphy,ATL,SP,4.5323,-304.17923199999996,SP,1532,3803
Lucas Braun,ATL,SP,4.521300000000001,-304.190232,SP,1533,3804
Carlos Lagrange,NYY,SP,4.508705000000001,-304.20282699999996,SP,1534,3805
Luke Holman,CIN,SP,4.5,-304.211532,SP,1535,3806
Will McCausland,CLE,SP,4.5,-304.211532,SP,1536,3807
Carson Spiers,CIN,SP,4.491732000000001,-304.21979999999996,SP,1537,3808
Joander Suarez,NYM,SP,4.485255,-304.226277,SP,1538,3809
Zach Thornton,NYM,SP,4.449395,-304.262137,SP,1541,3810
Joe Elbis,ARI,SP,4.410940000000001,-304.300592,SP,1543,3811
Erick Leal,,SP,4.39361,-304.31792199999995,SP,1544,3812
Tyson Hardin,MIL,SP,4.388795000000001,-304.32273699999996,SP,1545,3813
Vince Velasquez,CHC,SP,4.379090000000001,-304.33244199999996,SP,1546,3814
Frankie Montas,,SP,4.33808,-304.373452,SP,1549,3815
Lachlan Wells,,SP,4.327505,-304.384027,SP,1550,3816
Lance Lynn,,SP,4.321865000000001,-304.389667,SP,1551,3817
Nestor German,BAL,SP,4.3148349999999995,-304.39669699999996,SP,1552,3818
Travis Sykora,WSN,SP,4.308125,-304.40340699999996,SP,1553,3819
Blake Money,BAL,SP,4.29549,-304.416042,SP,1555,3820
Santiago Suarez,TBR,SP,4.275189999999999,-304.43634199999997,SP,1557,3821
Nick Bush,,SP,4.246670000000002,-304.464862,SP,1560,3822
Jorge Rodriguez,,SP,4.238160000000001,-304.473372,SP,1561,3823
Braxton Bragg,BAL,SP,4.234575,-304.47695699999997,SP,1562,3824
Gabe Mosser,SEA,SP,4.230179999999999,-304.48135199999996,SP,1563,3825
Luke Sinnard,ATL,SP,4.221924999999999,-304.489607,SP,1564,3826
Matt Wilkinson,CLE,SP,4.196899999999999,-304.514632,SP,1566,3827
Alec Marsh,KCR,SP,4.19203,-304.519502,SP,1568,3828
Xavier Rivas,NYY,SP,4.154014999999999,-304.55751699999996,SP,1570,3829
Hayden Mullins,BOS,SP,4.14407,-304.567462,SP,1571,3830
Gabe Morales,,SP,4.1414100000000005,-304.57012199999997,SP,1573,3831
Kyle Gibson,,SP,4.130239999999999,-304.58129199999996,SP,1575,3832
Mason Moore,CHW,SP,4.090250000000001,-304.62128199999995,SP,1577,3833
Mason Marriott,ARI,SP,4.037254999999999,-304.67427699999996,SP,1580,3834
Dalton Rogers,BOS,SP,4.026740000000002,-304.68479199999996,SP,1581,3835
Anderson Brito,TBR,SP,4.026220000000001,-304.68531199999995,SP,1582,3836
Drew Rom,MIL,SP,4.011004999999999,-304.70052699999997,SP,1583,3837
Carson Montgomery,SDP,SP,3.9999900000000004,-304.71154199999995,SP,1584,3838
Jagger Beck,HOU,SP,3.9999900000000004,-304.71154199999995,SP,1585,3839
Josh Grosz,ARI,SP,3.9872,-304.724332,SP,1588,3840
Yordanny Monegro,BOS,SP,3.956665000000001,-304.754867,SP,1591,3841
Jaron DeBerry,MIL,SP,3.9123550000000007,-304.799177,SP,1593,3842
Bishop Letson,MIL,SP,3.900685,-304.81084699999997,SP,1596,3843
Yorman Gómez,CLE,SP,3.89278,-304.81875199999996,SP,1599,3844
Jarlin Susana,WSN,SP,3.8835400000000004,-304.827992,SP,1600,3845
Ben Lively,CLE,SP,3.8776500000000023,-304.83388199999996,SP,1601,3846
Riley Gowens,CHW,SP,3.8750750000000003,-304.836457,SP,1602,3847
Marcus Johnson,TBR,SP,3.860925,-304.85060699999997,SP,1604,3848
Nick Margevicius,SFG,SP,3.852965,-304.858567,SP,1605,3849
Jackson Kent,WSN,SP,3.85201,-304.85952199999997,SP,1606,3850
Spencer Howard,,SP,3.840105,-304.871427,SP,1609,3851
Bruce Zimmermann,STL,SP,3.805115,-304.906417,SP,1610,3852
Joe Whitman,SFG,SP,3.8015850000000007,-304.909947,SP,1611,3853
Juaron Watts-Brown,BAL,SP,3.7983149999999988,-304.913217,SP,1612,3854
Bryce Mayer,HOU,SP,3.788165,-304.923367,SP,1613,3855
Isaac Coffey,BOS,SP,3.759785000000001,-304.95174699999995,SP,1616,3856
Kyle Hendricks,,SP,3.751955,-304.95957699999997,SP,1618,3857
Owen Hall,DET,SP,3.75,-304.961532,SP,1619,3858
Brett Kennedy,,SP,3.7367600000000003,-304.974772,SP,1621,3859
Hagen Smith,CHW,SP,3.7360100000000003,-304.97552199999996,SP,1622,3860
Ethan Lanthier,NYM,SP,3.7292000000000005,-304.982332,SP,1623,3861
Chih-Jung Liu,BOS,SP,3.7145849999999996,-304.996947,SP,1625,3862
John Holobetz,BOS,SP,3.7131600000000016,-304.99837199999996,SP,1627,3863
Anthony DeSclafani,,SP,3.7073099999999997,-305.00422199999997,SP,1628,3864
Bryce Cunningham,NYY,SP,3.7058349999999995,-305.005697,SP,1630,3865
Domingo Robles,ATH,SP,3.6951699999999996,-305.01636199999996,SP,1631,3866
Adam Serwinowski,LAD,SP,3.6892949999999995,-305.02223699999996,SP,1632,3867
Ixan Henderson,STL,SP,3.6813399999999987,-305.030192,SP,1634,3868
Jon Duplantier,,SP,3.67601,-305.03552199999996,SP,1635,3869
Caden Scarborough,TEX,SP,3.6756050000000005,-305.03592699999996,SP,1636,3870
Cameron Weston,BAL,SP,3.6733350000000002,-305.03819699999997,SP,1637,3871
Reid VanScoter,SEA,SP,3.663719999999999,-305.04781199999996,SP,1638,3872
Cole Tolbert,BOS,SP,3.66,-305.05153199999995,SP,1639,3873
Tyler Schweitzer,CHW,SP,3.6580000000000013,-305.05353199999996,SP,1640,3874
Ryan Birchard,MIL,SP,3.6557399999999998,-305.055792,SP,1641,3875
Ryan Gallagher,MIN,SP,3.6525350000000003,-305.058997,SP,1643,3876
Charlie Barnes,CHC,SP,3.64979,-305.061742,SP,1644,3877
Logan Workman,TBR,SP,3.643795000000001,-305.06773699999997,SP,1646,3878
Jesus Gonzalez,,SP,3.64156,-305.06997199999995,SP,1647,3879
R.J. Gordon,NYM,SP,3.6345050000000003,-305.077027,SP,1649,3880
Sam Rochard,MIN,SP,3.629999999999999,-305.081532,SP,1650,3881
Brandon Birdsell,CHC,SP,3.6219349999999997,-305.08959699999997,SP,1652,3882
Michael Grove,LAD,SP,3.6188099999999994,-305.092722,SP,1653,3883
Josh Hartle,CLE,SP,3.6182350000000003,-305.09329699999995,SP,1654,3884
Rodney Boone,CLE,SP,3.6169000000000007,-305.094632,SP,1655,3885
Curtis Taylor,,SP,3.6161550000000005,-305.095377,SP,1656,3886
Griffin Herring,COL,SP,3.615225,-305.09630699999997,SP,1657,3887
Will Watson,NYM,SP,3.6100299999999996,-305.101502,SP,1658,3888
Kade Woods,ATL,SP,3.6000000000000014,-305.11153199999995,SP,1659,3889
Aaron Wilkerson,,SP,3.5956549999999994,-305.11587699999995,SP,1660,3890
Dylan DeLucia,CLE,SP,3.5901749999999995,-305.121357,SP,1661,3891
Jace Kaminska,MIN,SP,3.581314999999999,-305.13021699999996,SP,1662,3892
Jake Odorizzi,,SP,3.57334,-305.138192,SP,1663,3893
Luis De La Torre,SFG,SP,3.5724399999999994,-305.139092,SP,1664,3894
Connor McCullough,CHW,SP,3.571555,-305.139977,SP,1665,3895
Braden Davis,STL,SP,3.5708,-305.14073199999996,SP,1666,3896
Kenny Rosenberg,,SP,3.55867,-305.15286199999997,SP,1668,3897
Elieser Hernández,ATL,SP,3.526195,-305.185337,SP,1669,3898
Troy Watson,DET,SP,3.5123660000000005,-305.199166,SP,1672,3899
Hancel Rincon,STL,SP,3.5114750000000012,-305.20005699999996,SP,1673,3900
Jonathan Stevens,MIN,SP,3.5000099999999996,-305.211522,SP,1677,3901
Chris Flexen,,SP,3.49742,-305.214112,SP,1678,3902
John Means,KCR,SP,3.49513,-305.21640199999996,SP,1681,3903
Brody McCullough,CHC,SP,3.4886500000000003,-305.22288199999997,SP,1683,3904
Luke Russo,PHI,SP,3.487415000000001,-305.224117,SP,1684,3905
Spenser Watkins,,SP,3.481460000000001,-305.23007199999995,SP,1685,3906
Patrick Copen,LAD,SP,3.441164999999999,-305.27036699999996,SP,1688,3907
Nick Dean,CHC,SP,3.4363000000000006,-305.27523199999996,SP,1689,3908
Brendan McKay,,SP,3.4318799999999996,-305.279652,SP,1691,3909
Sem Robberse,STL,SP,3.4238899999999997,-305.287642,SP,1693,3910
Carlos Peña,DET,SP,3.42279,-305.28874199999996,SP,1694,3911
Jostin Florentino,CHC,SP,3.4098300000000012,-305.301702,SP,1696,3912
Ethan Pecko,HOU,SP,3.4086099999999995,-305.30292199999997,SP,1697,3913
Gage Stanifer,TOR,SP,3.3942300000000003,-305.317302,SP,1699,3914
Ryan Sloan,SEA,SP,3.3913750000000005,-305.320157,SP,1700,3915
Peter Lambert,HOU,SP,3.385305,-305.32622699999996,SP,1701,3916
Caleb Boushley,,SP,3.3686049999999996,-305.342927,SP,1702,3917
Michael Forret,TBR,SP,3.3666650000000002,-305.34486699999997,SP,1703,3918
Aldrin Batista,CHW,SP,3.36622,-305.345312,SP,1704,3919
Joseph Montalvo,DET,SP,3.362905,-305.34862699999996,SP,1705,3920
Boston Bateman,BAL,SP,3.36227,-305.34926199999995,SP,1706,3921
Drake George,SFG,SP,3.36038,-305.35115199999996,SP,1707,3922
Jurrangelo Cijntje,STL,SP,3.349355,-305.362177,SP,1708,3923
Lael Lockhart,DET,SP,3.3489699999999996,-305.36256199999997,SP,1709,3924
Peter Heubeck,LAD,SP,3.3486350000000003,-305.362897,SP,1710,3925
Adam Seminaris,PHI,SP,3.34098,-305.370552,SP,1711,3926
Alex Pham,BAL,SP,3.3367400000000003,-305.37479199999996,SP,1712,3927
James Hicks,HOU,SP,3.333825,-305.377707,SP,1715,3928
Julio Robaina,,SP,3.3192299999999992,-305.392302,SP,1716,3929
Sean Boyle,SDP,SP,3.3187449999999985,-305.392787,SP,1717,3930
Chris Kachmar,,SP,3.313014999999999,-305.39851699999997,SP,1719,3931
Antwone Kelly,PIT,SP,3.3122199999999995,-305.39931199999995,SP,1720,3932
Richard Gallardo,TOR,SP,3.30997,-305.40156199999996,SP,1721,3933
James Paxton,,SP,3.30934,-305.40219199999996,SP,1722,3934
Spencer Giesting,ARI,SP,3.30929,-305.402242,SP,1723,3935
David Shields,KCR,SP,3.306375,-305.405157,SP,1724,3936
Jesus Carrera,HOU,SP,3.300595,-305.410937,SP,1725,3937
Luis De Avila,,SP,3.2974500000000013,-305.41408199999995,SP,1726,3938
Manuel Rodriguez,MIL,SP,3.2973599999999985,-305.41417199999995,SP,1727,3939
Caden Favors,CLE,SP,3.2941150000000006,-305.417417,SP,1729,3940
Ian Mejia,ATL,SP,3.272504999999999,-305.43902699999995,SP,1731,3941
Grant Umberger,CHW,SP,3.2693800000000004,-305.44215199999996,SP,1732,3942
Karson Milbrandt,MIA,SP,3.2659899999999995,-305.445542,SP,1733,3943
Sheng-En Lin,CIN,SP,3.2600099999999994,-305.45152199999995,SP,1735,3944
Domingo Germán,,SP,3.25279,-305.458742,SP,1737,3945
Miguel Mendez,SDP,SP,3.2374099999999992,-305.47412199999997,SP,1741,3946
Braylon Doughty,CLE,SP,3.22263,-305.488902,SP,1743,3947
Jackson Nezuh,HOU,SP,3.222415,-305.48911699999996,SP,1744,3948
Hayden Minton,DET,SP,3.2207349999999995,-305.490797,SP,1745,3949
Drue Hackenberg,ATL,SP,3.21805,-305.493482,SP,1746,3950
Wei-En Lin,ATH,SP,3.2124949999999997,-305.499037,SP,1747,3951
Will Schomberg,MIA,SP,3.2082549999999994,-305.50327699999997,SP,1748,3952
Wyatt Crowell,LAD,SP,3.201385,-305.51014699999996,SP,1749,3953
Colton Shaw,SEA,SP,3.200009999999999,-305.51152199999996,SP,1750,3954
Will Dion,CLE,SP,3.19113,-305.520402,SP,1752,3955
Cedric De Grandpre,ATL,SP,3.1870150000000006,-305.524517,SP,1753,3956
Ian Bedell,STL,SP,3.184290000000001,-305.527242,SP,1754,3957
Christian Zazueta,LAD,SP,3.1726200000000007,-305.538912,SP,1755,3958
Colin Fields,DET,SP,3.1666050000000006,-305.544927,SP,1756,3959
Alex Faedo,,SP,3.163965,-305.54756699999996,SP,1757,3960
Patrick Reilly,BAL,SP,3.1635649999999993,-305.54796699999997,SP,1758,3961
Khristian Curtis,PIT,SP,3.1615349999999998,-305.54999699999996,SP,1759,3962
Chung-Hsiang Huang,ARI,SP,3.1612300000000007,-305.550302,SP,1760,3963
Luke Fox,LAD,SP,3.1518450000000002,-305.559687,SP,1761,3964
Daulton Jefferies,PIT,SP,3.151215,-305.560317,SP,1762,3965
Jack Bushell,DET,SP,3.1499999999999986,-305.561532,SP,1764,3966
Landon Beidelschies,ATL,SP,3.1499999999999986,-305.561532,SP,1763,3967
Mason Molina,STL,SP,3.14356,-305.567972,SP,1766,3968
Kiefer Lord,BAL,SP,3.14138,-305.57015199999995,SP,1767,3969
Christian Little,SEA,SP,3.138015,-305.573517,SP,1769,3970
Cooper Hjerpe,STL,SP,3.128110000000001,-305.583422,SP,1771,3971
Mason Adams,CHW,SP,3.1275249999999994,-305.584007,SP,1772,3972
Johnny Cueto,,SP,3.1266649999999996,-305.584867,SP,1773,3973
Royber Salinas,,SP,3.124505000000001,-305.587027,SP,1774,3974
Cody Sedlock,,SP,3.11975,-305.59178199999997,SP,1775,3975
Jaden Hamm,DET,SP,3.1183650000000003,-305.593167,SP,1776,3976
Jackson Baumeister,TBR,SP,3.106865,-305.60466699999995,SP,1780,3977
Victor Lizarraga,SDP,SP,3.1039949999999994,-305.607537,SP,1782,3978
Christian Oppor,CHW,SP,3.1026249999999997,-305.608907,SP,1783,3979
Chen-Wei Lin,STL,SP,3.1018,-305.60973199999995,SP,1784,3980
Blake Wehunt,BOS,SP,3.10172,-305.609812,SP,1785,3981
Darius Vines,ATL,SP,3.0929049999999996,-305.618627,SP,1788,3982
Nic Swanson,HOU,SP,3.0919800000000004,-305.619552,SP,1789,3983
Brady Smith,LAD,SP,3.09,-305.621532,SP,1790,3984
Kelvis Salcedo,DET,SP,3.085155,-305.626377,SP,1792,3985
Caden Grice,ARI,SP,3.0847699999999993,-305.626762,SP,1793,3986
Rafe Schlesinger,CLE,SP,3.0828499999999996,-305.62868199999997,SP,1794,3987
Julio Teheran,,SP,3.0823049999999994,-305.62922699999996,SP,1795,3988
Isaac Lyon,WSN,SP,3.0749999999999993,-305.636532,SP,1796,3989
Riley Frey,ATL,SP,3.0695799999999998,-305.641952,SP,1797,3990
Matt Sauer,,SP,3.0602650000000002,-305.65126699999996,SP,1798,3991
Bryce Conley,,SP,3.046985,-305.66454699999997,SP,1802,3992
Johnny King,TOR,SP,3.03984,-305.67169199999995,SP,1803,3993
Alexander Cornielle,NYY,SP,3.035675000000001,-305.67585699999995,SP,1805,3994
Grant Rogers,TOR,SP,3.0318150000000004,-305.679717,SP,1809,3995
Yhoiker Fajardo,STL,SP,3.0297449999999997,-305.681787,SP,1810,3996
Juan Daniel Encarnacion,,SP,3.02632,-305.685212,SP,1811,3997
Johan Dominguez,,SP,3.016504999999999,-305.695027,SP,1815,3998
Lucas Elissalt,DET,SP,3.0135450000000006,-305.69798699999996,SP,1816,3999
Kyle Carr,NYY,SP,3.0094849999999997,-305.702047,SP,1818,4000
TJ Shook,COL,SP,3.0091800000000006,-305.70235199999996,SP,1819,4001
Evan Fitterer,SDP,SP,3.0083349999999998,-305.703197,SP,1820,4002
Eduardo Rivera,BOS,SP,3.00675,-305.70478199999997,SP,1821,4003
Cam Caminiti,ATL,SP,3.0063349999999995,-305.705197,SP,1822,4004
Konner Eaton,COL,SP,3.006225,-305.705307,SP,1823,4005
Cade Smith,NYY,SP,3.00258,-305.70895199999995,SP,1824,4006
Mavis Graves,PHI,SP,3.0024200000000003,-305.709112,SP,1825,4007
Andrew Heaney,,SP,3.0021750000000003,-305.70935699999995,SP,1826,4008
Alex Freeland,LAD,Unknown,39.616763666666664,-305.7101189333333,Batter,1096,4009
Gary Gill Hill,TBR,SP,3.0003299999999995,-305.71120199999996,SP,1827,4010
Ethan Schiefelbein,DET,SP,3.0,-305.711532,SP,1831,4011
Bobby Olsen,STL,SP,3.0,-305.711532,SP,1828,4012
Antony Aparicio,HOU,SP,3.0,-305.711532,SP,1829,4013
Yujanyer Herrera,COL,SP,2.9920450000000005,-305.71948699999996,SP,1833,4014
Dalton Pence,TEX,SP,2.990575,-305.720957,SP,1835,4015
Javi Rivera,CIN,SP,2.9856749999999996,-305.72585699999996,SP,1836,4016
Wes Benjamin,,SP,2.98501,-305.726522,SP,1837,4017
Luis De León,BAL,SP,2.983725,-305.727807,SP,1838,4018
Michael Morales,SEA,SP,2.9774149999999993,-305.73411699999997,SP,1839,4019
Easton Lucas,,SP,2.976895,-305.73463699999996,SP,1840,4020
Evan McKendry,MIA,SP,2.975875,-305.735657,SP,1841,4021
Zach Messinger,NYY,SP,2.9718750000000007,-305.73965699999997,SP,1843,4022
Luke Lashutka,MIA,SP,2.9717400000000005,-305.73979199999997,SP,1844,4023
Drew Beam,KCR,SP,2.960294999999999,-305.751237,SP,1846,4024
Ben Shields,COL,SP,2.9581050000000007,-305.753427,SP,1847,4025
Marlon Nieves,LAD,SP,2.9559800000000007,-305.75555199999997,SP,1848,4026
Nico Zeglin,HOU,SP,2.9527,-305.758832,SP,1849,4027
Nolan Watson,,SP,2.949935,-305.761597,SP,1852,4028
Jorge Marcheco,ATH,SP,2.9447699999999997,-305.76676199999997,SP,1854,4029
Liomar Martinez,MIA,SP,2.9341400000000006,-305.77739199999996,SP,1857,4030
Garrett Gainey,TBR,SP,2.933345,-305.778187,SP,1858,4031
Abdiel Mendoza,SEA,SP,2.9293650000000007,-305.78216699999996,SP,1861,4032
Douglas Orellana,NYM,SP,2.92908,-305.782452,SP,1862,4033
Sam Garcia,MIL,SP,2.9263899999999987,-305.78514199999995,SP,1863,4034
Chris Clark,TBR,SP,2.9250250000000007,-305.786507,SP,1864,4035
Ross Stripling,,SP,2.9221949999999994,-305.789337,SP,1865,4036
Herick Hernandez,ATL,SP,2.920675,-305.79085699999996,SP,1867,4037
Jackson Tetreault,,SP,2.9199800000000002,-305.79155199999997,SP,1868,4038
Ricky Castro,MIN,SP,2.9153099999999994,-305.796222,SP,1870,4039
Peter Van Loon,,SP,2.914185,-305.797347,SP,1871,4040
Jacob Bresnahan,SFG,SP,2.9119249999999997,-305.799607,SP,1873,4041
Christian McGowan,PHI,SP,2.9105299999999996,-305.801002,SP,1874,4042
Brett Kerry,LAA,SP,2.910100000000001,-305.801432,SP,1875,4043
Austin Gordon,LAA,SP,2.90949,-305.802042,SP,1876,4044
Juan Mercedes,,SP,2.906295,-305.805237,SP,1879,4045
Jacob Miller,MIA,SP,2.90121,-305.810322,SP,1880,4046
Mike Paredes,MIN,SP,2.9005799999999997,-305.810952,SP,1881,4047
Robert Dugger,,SP,2.8945050000000005,-305.817027,SP,1883,4048
Michael Plassmeyer,TOR,SP,2.893875,-305.817657,SP,1884,4049
Justin Jarvis,LAD,SP,2.8778200000000007,-305.833712,SP,1887,4050
Adam Oller,MIA,SP,2.87777,-305.833762,SP,1888,4051
Dakota Hawkins,NYM,SP,2.8753499999999996,-305.83618199999995,SP,1890,4052
Alex Wood,,SP,2.8720100000000004,-305.839522,SP,1892,4053
Ryan Carpenter,,SP,2.869745,-305.84178699999995,SP,1893,4054
Braden Montgomery,CHW,Unknown,39.483138000000004,-305.8437446,Batter,1097,4055
Ubaldo Soto,LAA,SP,2.8628450000000005,-305.848687,SP,1894,4056
Michael Kennedy,CLE,SP,2.8621149999999993,-305.84941699999996,SP,1895,4057
Garrett Edwards,TBR,SP,2.8601300000000007,-305.85140199999995,SP,1896,4058
Zach Fruit,BAL,SP,2.8589699999999993,-305.852562,SP,1897,4059
Owen Hackman,ATL,SP,2.858644999999999,-305.85288699999995,SP,1898,4060
Chia-Shi Shen,SEA,SP,2.8585749999999996,-305.852957,SP,1899,4061
Frank Elissalt,STL,SP,2.855945,-305.85558699999996,SP,1900,4062
Garrett Baumann,ATL,SP,2.8492599999999997,-305.86227199999996,SP,1904,4063
Daniel Martinez,,SP,2.849125,-305.86240699999996,SP,1905,4064
Chris Cortez,LAA,SP,2.8477050000000004,-305.86382699999996,SP,1906,4065
Aidan Curry,TEX,SP,2.847044999999999,-305.864487,SP,1907,4066
Jared Kollar,SDP,SP,2.8444100000000003,-305.867122,SP,1908,4067
Kade Morris,ATH,SP,2.8411350000000004,-305.87039699999997,SP,1911,4068
Eiberson Castellano,COL,SP,2.840905,-305.87062699999996,SP,1912,4069
Ethan Hankins,,SP,2.8401650000000003,-305.87136699999996,SP,1913,4070
Matt Tiberia,SEA,SP,2.8398700000000003,-305.87166199999996,SP,1914,4071
Jonney Rosario,,SP,2.8384099999999997,-305.87312199999997,SP,1915,4072
Lucas Gordon,CHW,SP,2.8328300000000004,-305.878702,SP,1916,4073
Sean Paul Liñan,WSN,SP,2.8318799999999995,-305.87965199999996,SP,1917,4074
Aaron Rozek,NYM,SP,2.8316800000000004,-305.87985199999997,SP,1918,4075
Mitch Myers,ATH,SP,2.8295200000000005,-305.882012,SP,1919,4076
Allen Facundo,NYY,SP,2.82592,-305.885612,SP,1921,4077
David Hagaman,ARI,SP,2.82503,-305.88650199999995,SP,1922,4078
Kendry Chourio,KCR,SP,2.822694999999999,-305.88883699999997,SP,1923,4079
Scott Randall,,SP,2.8217949999999994,-305.88973699999997,SP,1924,4080
Russell Smith,MIL,SP,2.81933,-305.892202,SP,1926,4081
Felipe De La Cruz,NYM,SP,2.818925,-305.892607,SP,1927,4082
Jogly Garcia,CLE,SP,2.818645,-305.892887,SP,1928,4083
Tyler Schlaffer,CHC,SP,2.8168999999999995,-305.894632,SP,1929,4084
Caleb Kilian,SFG,SP,2.8153699999999997,-305.896162,SP,1931,4085
Juan Nuñez,BAL,SP,2.8150399999999998,-305.89649199999997,SP,1932,4086
Paul Campbell,,SP,2.8148849999999994,-305.896647,SP,1933,4087
Landon Harper,ATL,SP,2.814235000000001,-305.897297,SP,1934,4088
Brett Sears,ATL,SP,2.81099,-305.900542,SP,1935,4089
Trent Baker,MIN,SP,2.8099749999999997,-305.90155699999997,SP,1936,4090
Aaron Davenport,CLE,SP,2.8086450000000003,-305.90288699999996,SP,1937,4091
John West,ARI,SP,2.808450000000001,-305.903082,SP,1938,4092
Jack Choate,SFG,SP,2.807315,-305.90421699999996,SP,1939,4093
Trevor Harrison,TBR,SP,2.803925,-305.907607,SP,1940,4094
Jay Groome,,SP,2.800630000000001,-305.91090199999996,SP,1941,4095
Rorik Maltrud,CLE,SP,2.80014,-305.911392,SP,1942,4096
Josh Knoth,MIL,SP,2.7940699999999996,-305.917462,SP,1943,4097
Jose Olivares,MIN,SP,2.793925,-305.917607,SP,1944,4098
Trace Bright,BAL,SP,2.7928050000000004,-305.918727,SP,1945,4099
Brock Selvidge,NYY,SP,2.785689999999998,-305.925842,SP,1949,4100
Jose Cabrera,ARI,SP,2.7810349999999993,-305.930497,SP,1950,4101
Yorman Galindez,MIL,SP,2.77599,-305.935542,SP,1951,4102
Eriq Swan,WSN,SP,2.7740299999999998,-305.937502,SP,1952,4103
Spencer Bengard,MIN,SP,2.7736249999999996,-305.937907,SP,1953,4104
Bailey Dees,NYY,SP,2.772945,-305.938587,SP,1954,4105
Michael Dominguez,,SP,2.7712849999999993,-305.940247,SP,1955,4106
Brendan Girton,NYM,SP,2.7703050000000005,-305.94122699999997,SP,1956,4107
Luis Patiño,,SP,2.766885,-305.944647,SP,1960,4108
Austin Krob,,SP,2.7646899999999994,-305.946842,SP,1961,4109
Blair Henley,,SP,2.7615499999999997,-305.949982,SP,1962,4110
Kohl Franklin,CHC,SP,2.7596549999999995,-305.95187699999997,SP,1963,4111
Samuel Mejia,,SP,2.7582600000000004,-305.95327199999997,SP,1965,4112
Enyel Lopez,TEX,SP,2.75,-305.961532,SP,1967,4113
Jose Acuna,CIN,SP,2.7484949999999997,-305.963037,SP,1969,4114
Jimmy Endersby,,SP,2.746015,-305.965517,SP,1971,4115
Blayne Enlow,ATL,SP,2.7390150000000006,-305.972517,SP,1972,4116
Aaron Brown,,SP,2.73897,-305.972562,SP,1973,4117
Edwin Jimenez,MIL,SP,2.7383750000000013,-305.97315699999996,SP,1974,4118
D.J. McCarty,TEX,SP,2.7373549999999995,-305.974177,SP,1975,4119
Dylan Jordan,LAA,SP,2.7362200000000003,-305.975312,SP,1976,4120
Chris Campos,LAD,SP,2.7348299999999997,-305.976702,SP,1977,4121
Manuel Espinoza,,SP,2.7282400000000004,-305.98329199999995,SP,1981,4122
Colton Cosper,NYM,SP,2.7200000000000006,-305.99153199999995,SP,1983,4123
Trenton Wallace,TOR,SP,2.714600000000001,-305.99693199999996,SP,1984,4124
Anhuar Garcia,CHC,SP,2.714290000000002,-305.99724199999997,SP,1985,4125
Matt Manning,,SP,2.714055,-305.997477,SP,1986,4126
Aaron Perry,,SP,2.713885,-305.997647,SP,1987,4127
Kyle Tyler,,SP,2.7115650000000002,-305.99996699999997,SP,1990,4128
Ryan Magdic,ATH,SP,2.71126,-306.000272,SP,1991,4129
Yonny Chirinos,,SP,2.7083299999999997,-306.003202,SP,1992,4130
CJ Van Eyk,TOR,SP,2.7072000000000003,-306.004332,SP,1993,4131
Ramon Marquez,PHI,SP,2.703105,-306.008427,SP,1994,4132
Gabriel Barbosa,PHI,SP,2.7022299999999992,-306.009302,SP,1995,4133
Brett Gillis,HOU,SP,2.701855,-306.00967699999995,SP,1996,4134
Clark Candiotti,SDP,SP,2.6989350000000005,-306.01259699999997,SP,1997,4135
Logan Gragg,,SP,2.6965950000000003,-306.014937,SP,1999,4136
Derek Diamond,PIT,SP,2.693005,-306.01852699999995,SP,2000,4137
Ryan Lobus,TEX,SP,2.6928099999999993,-306.01872199999997,SP,2001,4138
Kash Mayfield,SDP,SP,2.6925999999999997,-306.01893199999995,SP,2002,4139
Stharlin Torres,CIN,SP,2.69244,-306.019092,SP,2003,4140
Dylan File,DET,SP,2.6832299999999996,-306.028302,SP,2007,4141
Javier Perez,HOU,SP,2.6765649999999996,-306.034967,SP,2010,4142
Juan Carela,CHW,SP,2.6764849999999996,-306.03504699999996,SP,2011,4143
Sterling Patick,LAD,SP,2.6729650000000005,-306.038567,SP,2012,4144
Dameivi Tineo,MIA,SP,2.6699699999999993,-306.041562,SP,2013,4145
Eddy Felix,DET,SP,2.6690800000000006,-306.04245199999997,SP,2014,4146
Anders Tolhurst,,SP,2.66898,-306.042552,SP,2015,4147
Wellington Aracena,ARI,SP,2.6628249999999998,-306.048707,SP,2017,4148
Austin Bergner,TEX,SP,2.6620799999999996,-306.049452,SP,2019,4149
Mitch Mueller,MIN,SP,2.66,-306.05153199999995,SP,2020,4150
Owen Wild,TBR,SP,2.657280000000001,-306.05425199999996,SP,2022,4151
Alonzo Tredwell,HOU,SP,2.656065,-306.05546699999996,SP,2023,4152
Max Rajcic,STL,SP,2.655875000000001,-306.055657,SP,2024,4153
Kyle Funkhouser,,SP,2.6501850000000005,-306.06134699999996,SP,2027,4154
Ty Langenberg,MIN,SP,2.646045,-306.06548699999996,SP,2028,4155
Alex Troop,,SP,2.64024,-306.07129199999997,SP,2031,4156
Jose Fleury,HOU,SP,2.6396150000000005,-306.071917,SP,2032,4157
Danny Wirchansky,SEA,SP,2.6354049999999996,-306.076127,SP,2033,4158
Jack Anderson,BOS,SP,2.6351199999999997,-306.076412,SP,2034,4159
Alex Amalfi,TOR,SP,2.6328650000000007,-306.078667,SP,2036,4160
Jeremy Pilon,TBR,SP,2.62883,-306.082702,SP,2037,4161
Chad Kuhl,,SP,2.62758,-306.08395199999995,SP,2038,4162
Joey Wiemer,WSN,Unknown,39.24222366666667,-306.0846589333333,Batter,1098,4163
José Rodríguez,LAD,SP,2.6265549999999998,-306.084977,SP,2039,4164
Luis Gutierrez,SDP,SP,2.624215,-306.087317,SP,2040,4165
Henry Lalane,NYY,SP,2.6223149999999995,-306.08921699999996,SP,2042,4166
Andrew Bash,MIN,SP,2.6219500000000004,-306.08958199999995,SP,2043,4167
Walker Powell,CHC,SP,2.620955,-306.090577,SP,2044,4168
Paolo Espino,,SP,2.62072,-306.09081199999997,SP,2045,4169
Thomas Szapucki,,SP,2.6198799999999998,-306.09165199999995,SP,2046,4170
Daury Vasquez,ARI,SP,2.614374999999999,-306.097157,SP,2048,4171
Connor Schultz,CHC,SP,2.607595,-306.103937,SP,2051,4172
Victor Juarez,COL,SP,2.60661,-306.104922,SP,2052,4173
Nick Frasso,LAD,SP,2.60452,-306.107012,SP,2053,4174
Daniel Missaki,TEX,SP,2.6018000000000003,-306.10973199999995,SP,2054,4175
Ryan Cusick,PHI,SP,2.599855,-306.111677,SP,2056,4176
Connor Wietgrefe,PIT,SP,2.5995900000000005,-306.111942,SP,2057,4177
Noble Meyer,MIA,SP,2.5981049999999994,-306.113427,SP,2058,4178
Anthony Veneziano,,SP,2.5959450000000004,-306.115587,SP,2059,4179
Fernando Perez,TOR,SP,2.5936949999999994,-306.11783699999995,SP,2060,4180
Jose Gonzalez,LAA,SP,2.58262,-306.12891199999996,SP,2064,4181
Ethan Flanagan,CHC,SP,2.58181,-306.12972199999996,SP,2065,4182
Ryan Costeiu,LAA,SP,2.5803350000000007,-306.131197,SP,2066,4183
Mike Mayers,,SP,2.5794150000000005,-306.132117,SP,2068,4184
Michael Knorr,HOU,SP,2.5794,-306.13213199999996,SP,2069,4185
Eric Yost,SDP,SP,2.5742249999999993,-306.13730699999996,SP,2071,4186
Nick Payero,,SP,2.56553,-306.14600199999995,SP,2072,4187
Nolan DeVos,HOU,SP,2.5613200000000003,-306.15021199999995,SP,2073,4188
Jacob Kisting,TBR,SP,2.55897,-306.152562,SP,2074,4189
Irving Cota,NYM,SP,2.5581799999999997,-306.153352,SP,2075,4190
Brett Wichrowski,MIL,SP,2.556339999999999,-306.155192,SP,2076,4191
Bryce Bonnin,,SP,2.554435,-306.15709699999996,SP,2079,4192
Joel Díaz,NYM,SP,2.5542750000000005,-306.15725699999996,SP,2080,4193
Kyle Brnovich,PHI,SP,2.552055,-306.159477,SP,2081,4194
Jackson Wentworth,TOR,SP,2.5507850000000003,-306.16074699999996,SP,2082,4195
C.J. Culpepper,MIN,SP,2.5499350000000005,-306.161597,SP,2083,4196
Nick Nastrini,LAD,SP,2.548085,-306.16344699999996,SP,2085,4197
Luis Quiñones,MIN,SP,2.547675,-306.16385699999995,SP,2086,4198
Will Rudy,MIL,SP,2.545725,-306.165807,SP,2088,4199
Hayden Robinson,MIL,SP,2.5452200000000005,-306.16631199999995,SP,2089,4200
Jaime Barria,,SP,2.5448500000000007,-306.166682,SP,2090,4201
Yunior Tur,ATH,SP,2.543365,-306.168167,SP,2092,4202
Drew Dowd,TBR,SP,2.54331,-306.16822199999996,SP,2093,4203
Jarrod Cande,COL,SP,2.5350900000000003,-306.17644199999995,SP,2097,4204
Chandler Murphy,TBR,SP,2.5345899999999997,-306.176942,SP,2098,4205
Austin Cates,TOR,SP,2.5343699999999996,-306.17716199999995,SP,2099,4206
Yu-Min Lin,ARI,SP,2.5340749999999996,-306.177457,SP,2100,4207
Thomas Ireland,TEX,SP,2.5337199999999998,-306.17781199999996,SP,2101,4208
Brandon Clarke,STL,SP,2.533635,-306.177897,SP,2102,4209
Grant Gavin,,SP,2.53024,-306.181292,SP,2104,4210
Grant Gambrell,,SP,2.5274199999999984,-306.18411199999997,SP,2105,4211
Zack Qin,SDP,SP,2.527185,-306.184347,SP,2106,4212
Jack Hostetler,MIL,SP,2.5199999999999996,-306.191532,SP,2111,4213
Tyler Stuart,WSN,SP,2.518249999999999,-306.19328199999995,SP,2112,4214
Nico Tellache,SEA,SP,2.51525,-306.196282,SP,2113,4215
Carson Pierce,TOR,SP,2.5131250000000005,-306.198407,SP,2114,4216
Dylan MacLean,TEX,SP,2.5094549999999995,-306.202077,SP,2115,4217
Jace Hampson,NYM,SP,2.5089300000000003,-306.20260199999996,SP,2116,4218
Luis Aguilar,HOU,SP,2.5088749999999997,-306.202657,SP,2117,4219
Nabil Crismatt,TEX,SP,2.5084800000000005,-306.20305199999996,SP,2118,4220
Adam Plutko,,SP,2.5084649999999993,-306.203067,SP,2119,4221
Jared Shuster,STL,SP,2.5080449999999996,-306.203487,SP,2120,4222
Ryan Garcia,,SP,2.5073700000000003,-306.204162,SP,2122,4223
Jack Cushing,TOR,SP,2.50629,-306.205242,SP,2123,4224
J.T. Etheridge,NYY,SP,2.5054949999999994,-306.206037,SP,2124,4225
Aaron Brooks,,SP,2.5051850000000004,-306.206347,SP,2125,4226
Tim Cate,,SP,2.502405,-306.20912699999997,SP,2126,4227
Chad Dallas,TOR,SP,2.5018400000000005,-306.20969199999996,SP,2127,4228
Trystan Vrieling,SFG,SP,2.5013750000000012,-306.210157,SP,2128,4229
Rodney Theophile,,SP,2.5010950000000003,-306.21043699999996,SP,2129,4230
Alejandro Hidalgo,MIN,SP,2.501055,-306.21047699999997,SP,2130,4231
Josh Trentadue,TEX,SP,2.4966300000000006,-306.214902,SP,2131,4232
Luis F. Castillo,,SP,2.4951500000000006,-306.21638199999995,SP,2132,4233
Sayer Diederich,BAL,SP,2.490845,-306.220687,SP,2133,4234
Dylan Carmouche,SFG,SP,2.49079,-306.220742,SP,2134,4235
Hunter Dryden,SFG,SP,2.4898149999999992,-306.22171699999996,SP,2136,4236
Taylor Dollard,SEA,SP,2.4878649999999998,-306.223667,SP,2137,4237
Miguel Cienfuegos,SDP,SP,2.4822450000000003,-306.229287,SP,2140,4238
Christian Romero,LAD,SP,2.481395,-306.23013699999996,SP,2141,4239
Nick Sinacola,SFG,SP,2.4740800000000003,-306.23745199999996,SP,2142,4240
Zach Davies,,SP,2.4683049999999995,-306.243227,SP,2146,4241
Maddux Bruns,LAD,SP,2.4681400000000004,-306.243392,SP,2148,4242
Evan Yates,BAL,SP,2.4647449999999997,-306.246787,SP,2149,4243
Ryan Hawks,SEA,SP,2.4617799999999987,-306.249752,SP,2151,4244
Gabriel Reyes,DET,SP,2.4570299999999996,-306.254502,SP,2155,4245
Moisés Chace,PHI,SP,2.4557599999999997,-306.255772,SP,2157,4246
Jacob Kroeger,ATL,SP,2.454765,-306.25676699999997,SP,2159,4247
Davis Polo,ATL,SP,2.4540550000000003,-306.257477,SP,2160,4248
Adel Dilone,,SP,2.45331,-306.258222,SP,2162,4249
Noah Hall,NYM,SP,2.452549999999999,-306.258982,SP,2163,4250
Jake Brooks,COL,SP,2.4474550000000006,-306.264077,SP,2167,4251
Nick Hull,CHC,SP,2.4473800000000003,-306.26415199999997,SP,2168,4252
Josh Bostick,SFG,SP,2.4471500000000006,-306.26438199999996,SP,2169,4253
Elvin Rodríguez,,SP,2.4464050000000004,-306.26512699999995,SP,2170,4254
Enmanuel Pinales,SDP,SP,2.441960000000001,-306.269572,SP,2173,4255
Paul Bonzagni,TEX,SP,2.4404049999999997,-306.271127,SP,2175,4256
Brandon Komar,,SP,2.4403349999999993,-306.271197,SP,2176,4257
Trey Dombroski,HOU,SP,2.4377500000000003,-306.273782,SP,2178,4258
Ty Blach,,SP,2.436535,-306.274997,SP,2179,4259
Cory Lewis,MIN,SP,2.435415,-306.276117,SP,2180,4260
J'Briell Easley,TEX,SP,2.4347849999999998,-306.276747,SP,2181,4261
Garrett Burhenn,DET,SP,2.4331699999999996,-306.27836199999996,SP,2182,4262
Blake Aita,STL,SP,2.4325949999999996,-306.278937,SP,2183,4263
Donovan Benoit,,SP,2.429655,-306.28187699999995,SP,2185,4264
Josh Randall,WSN,SP,2.42129,-306.290242,SP,2189,4265
Dallas Keuchel,,SP,2.4146500000000004,-306.296882,SP,2191,4266
Liam Sullivan,WSN,SP,2.4141500000000002,-306.29738199999997,SP,2192,4267
Riley Thompson,,SP,2.413519999999999,-306.29801199999997,SP,2193,4268
Charlee Soto,MIN,SP,2.41012,-306.30141199999997,SP,2195,4269
Drake Fellows,NYY,SP,2.40954,-306.301992,SP,2196,4270
Wily Peralta,,SP,2.4088700000000003,-306.302662,SP,2198,4271
Dylan Cumming,CHW,SP,2.4059150000000002,-306.305617,SP,2199,4272
Pat Gallagher,TOR,SP,2.4041099999999997,-306.307422,SP,2200,4273
Jaime Arias,,SP,2.4017049999999998,-306.309827,SP,2201,4274
Payton Martin,LAD,SP,2.4016699999999993,-306.30986199999995,SP,2202,4275
Connor Foley,ARI,SP,2.3999999999999986,-306.311532,SP,2205,4276
Tyler Van Dyke,STL,SP,2.3999999999999986,-306.311532,SP,2206,4277
Matthew Thompson,,SP,2.398425,-306.313107,SP,2207,4278
Alex Cornwell,STL,SP,2.3975549999999997,-306.31397699999997,SP,2208,4279
Roque Gutierrez,LAD,SP,2.3950450000000005,-306.316487,SP,2211,4280
Ashton Izzi,ARI,SP,2.394244999999999,-306.31728699999996,SP,2212,4281
James Gonzalez,ATH,SP,2.3940349999999997,-306.317497,SP,2214,4282
Juan Valera,BOS,SP,2.3898400000000004,-306.321692,SP,2216,4283
Garrett McMillan,PIT,SP,2.3896749999999995,-306.32185699999997,SP,2217,4284
Adrian Sampson,,SP,2.3886549999999986,-306.322877,SP,2218,4285
Alex Santos II,HOU,SP,2.3859150000000002,-306.32561699999997,SP,2220,4286
Luis Serna,NYY,SP,2.38044,-306.33109199999996,SP,2221,4287
Seth Lonsway,SFG,SP,2.377920000000001,-306.33361199999996,SP,2223,4288
Johan Moreno,SDP,SP,2.37678,-306.334752,SP,2224,4289
Leandro Hernandez,,SP,2.375,-306.336532,SP,2225,4290
Max Carlson,BOS,SP,2.37308,-306.33845199999996,SP,2226,4291
Rob Kaminsky,,SP,2.370015,-306.34151699999995,SP,2228,4292
Yordin Chalas,ARI,SP,2.368535,-306.34299699999997,SP,2229,4293
Greg Farone,SFG,SP,2.364555,-306.346977,SP,2230,4294
Juanmi Vasquez,TOR,SP,2.3627299999999996,-306.348802,SP,2231,4295
Izack Tiger,TEX,SP,2.361585,-306.349947,SP,2232,4296
Luke Westphal,,SP,2.3604950000000002,-306.35103699999996,SP,2233,4297
Manuel Urias,HOU,SP,2.3571950000000004,-306.354337,SP,2234,4298
Levi Wells,BAL,SP,2.351605,-306.35992699999997,SP,2236,4299
Chase Anderson,TEX,SP,2.342929999999999,-306.36860199999995,SP,2238,4300
Jesus Travieso,PIT,SP,2.3426050000000003,-306.368927,SP,2239,4301
Blake Burkhalter,ATL,SP,2.3408550000000004,-306.370677,SP,2240,4302
Matt Osterberg,,SP,2.3387449999999994,-306.37278699999996,SP,2241,4303
Matt Frisbee,,SP,2.3384599999999995,-306.373072,SP,2242,4304
Alex Williams,MIA,SP,2.3376549999999994,-306.373877,SP,2243,4305
Jared Karros,LAD,SP,2.3330650000000004,-306.378467,SP,2244,4306
Max Alba,DET,SP,2.3303949999999993,-306.38113699999997,SP,2245,4307
Blake Adams,COL,SP,2.3266999999999998,-306.38483199999996,SP,2246,4308
Nate Dohm,STL,SP,2.3257450000000004,-306.385787,SP,2248,4309
Dayne Pengelly,TOR,SP,2.3249999999999993,-306.386532,SP,2249,4310
Jacob Watters,TBR,SP,2.323125,-306.388407,SP,2250,4311
Rich Hill,,SP,2.3230599999999995,-306.388472,SP,2251,4312
Chandler Champlain,KCR,SP,2.3225400000000005,-306.388992,SP,2252,4313
Mariano Salomon,NYY,SP,2.3218099999999997,-306.38972199999995,SP,2253,4314
Sean Hjelle,,SP,2.3200650000000005,-306.391467,SP,2255,4315
Chase Solesky,TBR,SP,2.317695,-306.39383699999996,SP,2257,4316
Luis Ledo,,SP,2.3165200000000006,-306.39501199999995,SP,2258,4317
Peyton Olejnik,LAA,SP,2.3163750000000016,-306.395157,SP,2259,4318
Jose Urbina,TBR,SP,2.3144399999999994,-306.397092,SP,2260,4319
Nick Fraze,,SP,2.3130250000000006,-306.398507,SP,2261,4320
Evan Aschenbeck,CHC,SP,2.3128550000000008,-306.39867699999996,SP,2262,4321
Manuel Medina,,SP,2.3107149999999996,-306.40081699999996,SP,2265,4322
Garrett Stallings,MIL,SP,2.3104249999999995,-306.40110699999997,SP,2266,4323
Zane Mills,CHC,SP,2.3047150000000007,-306.406817,SP,2272,4324
Justin Lange,,SP,2.3038799999999995,-306.407652,SP,2274,4325
Bryson Horne,,SP,2.3000000000000007,-306.41153199999997,SP,2275,4326
Trey McGough,NYM,SP,2.2961800000000006,-306.415352,SP,2277,4327
Ryan Dromboski,PHI,SP,2.2947050000000004,-306.41682699999996,SP,2278,4328
Ty Floyd,CIN,SP,2.2940999999999994,-306.41743199999996,SP,2279,4329
Noah Syndergaard,,SP,2.2939099999999994,-306.417622,SP,2280,4330
Bryce Meccage,MIL,SP,2.2919150000000004,-306.41961699999996,SP,2281,4331
Davis Daniel,CIN,SP,2.288294999999999,-306.423237,SP,2282,4332
Logan Tabeling,LAD,SP,2.280825,-306.430707,SP,2285,4333
Dasan Hill,MIN,SP,2.2804900000000004,-306.431042,SP,2286,4334
R.J. Sales,WSN,SP,2.2775399999999997,-306.433992,SP,2287,4335
Roman Angelo,ARI,SP,2.2771699999999995,-306.43436199999996,SP,2288,4336
Ricardo Estrada,SFG,SP,2.2747900000000003,-306.436742,SP,2289,4337
Adrian Bohorquez,MIN,SP,2.2699649999999996,-306.44156699999996,SP,2291,4338
Gage Ziehl,BOS,SP,2.2689699999999986,-306.44256199999995,SP,2292,4339
Ryan Long,BAL,SP,2.2673250000000005,-306.44420699999995,SP,2293,4340
Steven Zobac,KCR,SP,2.2634849999999993,-306.448047,SP,2295,4341
Brandon Schaeffer,SEA,SP,2.260269999999999,-306.451262,SP,2296,4342
Adam Leverett,SEA,SP,2.2591400000000004,-306.452392,SP,2297,4343
Nick Zwack,SFG,SP,2.2589799999999998,-306.45255199999997,SP,2298,4344
Eliazar Dishmey,MIA,SP,2.25888,-306.452652,SP,2299,4345
Ethan Dorchies,MIL,SP,2.2578449999999997,-306.453687,SP,2300,4346
Keythel Key,LAA,SP,2.25227,-306.45926199999997,SP,2304,4347
Drew Gray,CHC,SP,2.2485399999999998,-306.462992,SP,2306,4348
Garrett Horn,MIN,SP,2.244775,-306.466757,SP,2308,4349
Mason Olson,TOR,SP,2.2447350000000004,-306.466797,SP,2309,4350
Jared Poland,,SP,2.2411899999999996,-306.47034199999996,SP,2312,4351
Silvano Hechavarria,TOR,SP,2.2396199999999995,-306.471912,SP,2313,4352
Dylan Howard,HOU,SP,2.2392350000000003,-306.47229699999997,SP,2314,4353
Esteban Mejia,BAL,SP,2.238715,-306.47281699999996,SP,2315,4354
Billy Corcoran,ARI,SP,2.2377549999999995,-306.473777,SP,2316,4355
Tyler Ivey,,SP,2.2371499999999997,-306.474382,SP,2317,4356
John Michael Bertrand,SFG,SP,2.2351650000000003,-306.476367,SP,2318,4357
Ross Carver,CLE,SP,2.2350399999999997,-306.47649199999995,SP,2319,4358
Dan Straily,,SP,2.2332899999999993,-306.47824199999997,SP,2320,4359
Jackson Humphries,CLE,SP,2.2315750000000003,-306.47995699999996,SP,2322,4360
Brayhans Barreto,,SP,2.23147,-306.480062,SP,2323,4361
Morgan McSweeney,,SP,2.231205,-306.480327,SP,2324,4362
Nick Bennett,,SP,2.2310399999999997,-306.48049199999997,SP,2325,4363
Elvis Peguero,,SP,2.230744,-306.48078799999996,SP,2326,4364
Victor Santos,STL,SP,2.230435000000001,-306.481097,SP,2328,4365
Cesar Avila,,SP,2.228579999999999,-306.48295199999995,SP,2329,4366
Rayner Castillo,DET,SP,2.22808,-306.483452,SP,2330,4367
Jonathan Bermúdez,,SP,2.2258499999999994,-306.485682,SP,2331,4368
Michael Prosecky,COL,SP,2.22458,-306.486952,SP,2332,4369
Enniel Cortez,MIL,SP,2.2187599999999996,-306.492772,SP,2335,4370
Cole Peschl,MIN,SP,2.217575,-306.49395699999997,SP,2336,4371
Darien Smith,SFG,SP,2.2157399999999994,-306.495792,SP,2337,4372
Jorge Bautista,,SP,2.21561,-306.49592199999995,SP,2338,4373
Braeden Fausnaught,PHI,SP,2.21164,-306.499892,SP,2340,4374
Gilberto Batista,TOR,SP,2.205075,-306.50645699999995,SP,2341,4375
Edgar Barclay,,SP,2.203030000000001,-306.50850199999996,SP,2343,4376
Baron Stuart,NYY,SP,2.201459999999999,-306.510072,SP,2345,4377
Joey Oakie,CLE,SP,2.201015,-306.510517,SP,2346,4378
Ben Vespi,BAL,SP,2.1996,-306.511932,SP,2348,4379
Ryan Watson,TOR,SP,2.1950249999999993,-306.516507,SP,2351,4380
Sixto Sánchez,MIA,SP,2.19449,-306.517042,SP,2352,4381
Sandy Mejia,HOU,SP,2.1942600000000003,-306.517272,SP,2353,4382
Juan Bello,HOU,SP,2.19311,-306.518422,SP,2354,4383
Avery Short,ARI,SP,2.192265000000001,-306.51926699999996,SP,2356,4384
Yunior Marte,SFG,SP,2.1922400000000004,-306.51929199999995,SP,2357,4385
Brian Edgington,,SP,2.1916250000000006,-306.519907,SP,2358,4386
Connor O'Halloran,TOR,SP,2.1911500000000004,-306.520382,SP,2359,4387
Devin Smeltzer,,SP,2.1905649999999994,-306.520967,SP,2360,4388
Ryan Murphy,STL,SP,2.18806,-306.52347199999997,SP,2363,4389
David Parkinson,,SP,2.1834,-306.52813199999997,SP,2366,4390
Aiden May,MIA,SP,2.18102,-306.530512,SP,2369,4391
Chase Chaney,NYY,SP,2.174045000000001,-306.537487,SP,2374,4392
James Kaprielian,,SP,2.173859999999999,-306.537672,SP,2375,4393
Griffin Tobias,MIL,SP,2.1734100000000005,-306.538122,SP,2376,4394
Brandon McPherson,HOU,SP,2.1731550000000004,-306.53837699999997,SP,2377,4395
Dahian Santos,TOR,SP,2.1731249999999998,-306.53840699999995,SP,2378,4396
Ryan Ramsey,KCR,SP,2.16926,-306.54227199999997,SP,2380,4397
Tyson Guerrero,KCR,SP,2.1650449999999988,-306.54648699999996,SP,2382,4398
Walter Ford,SEA,SP,2.159485,-306.55204699999996,SP,2384,4399
José De León,,SP,2.1523400000000006,-306.559192,SP,2388,4400
T.J. Sikkema,BOS,SP,2.15185,-306.55968199999995,SP,2389,4401
Nolan Perry,TOR,SP,2.15002,-306.561512,SP,2391,4402
Drew Parrish,,SP,2.1491050000000005,-306.56242699999996,SP,2392,4403
Devereaux Harrison,TOR,SP,2.1460500000000002,-306.565482,SP,2393,4404
Harry Gustin,SDP,SP,2.14485,-306.56668199999996,SP,2395,4405
Jean Pinto,,SP,2.1433349999999995,-306.568197,SP,2396,4406
Wilkel Hernandez,,SP,2.13947,-306.57206199999996,SP,2399,4407
Mason Erla,LAA,SP,2.1383400000000004,-306.57319199999995,SP,2400,4408
Nate Payne,MIA,SP,2.13341,-306.57812199999995,SP,2404,4409
Justus Sheffield,,SP,2.1330750000000003,-306.57845699999996,SP,2405,4410
Brandt Thompson,STL,SP,2.1202650000000003,-306.59126699999996,SP,2411,4411
David Lorduy,CIN,SP,2.1197599999999994,-306.591772,SP,2412,4412
Reed Garrett,NYM,SP,2.118535,-306.59299699999997,SP,2413,4413
Shane Rademacher,SFG,SP,2.118505,-306.59302699999995,SP,2414,4414
Juan Nunez,HOU,SP,2.117485,-306.594047,SP,2416,4415
Bryce Osmond,LAA,SP,2.1150900000000004,-306.59644199999997,SP,2417,4416
Victor Vargas,,SP,2.112379999999999,-306.599152,SP,2420,4417
Edgar Moreta,NYM,SP,2.1106249999999998,-306.60090699999995,SP,2423,4418
Carson Dorsey,BAL,SP,2.1063599999999996,-306.605172,SP,2425,4419
Chris Clarke,,SP,2.1037250000000003,-306.607807,SP,2428,4420
Riley Valentine,DET,SP,2.09999,-306.611542,SP,2433,4421
Ray Kerr,ATL,SP,2.09849,-306.61304199999995,SP,2434,4422
Noah Dean,BOS,SP,2.09751,-306.614022,SP,2435,4423
Michael Arias,NYY,SP,2.0957049999999997,-306.61582699999997,SP,2437,4424
Levi Stoudt,PHI,SP,2.0935550000000007,-306.617977,SP,2438,4425
Sann Omosako,TOR,SP,2.091405,-306.62012699999997,SP,2440,4426
Tyree Thompson,,SP,2.08972,-306.621812,SP,2442,4427
Alex Clemmey,WSN,SP,2.087350000000001,-306.62418199999996,SP,2447,4428
Sean Matson,CLE,SP,2.0872750000000004,-306.624257,SP,2448,4429
Christian Young,,SP,2.0834549999999994,-306.62807699999996,SP,2449,4430
Connor Gillispie,,SP,2.0830800000000003,-306.628452,SP,2450,4431
Angel Sánchez,,SP,2.0797250000000007,-306.631807,SP,2453,4432
Jackson Cox,COL,SP,2.078935,-306.632597,SP,2454,4433
Keyner Benitez,MIA,SP,2.076245000000001,-306.63528699999995,SP,2456,4434
Carlos Espinosa,LAA,SP,2.066045,-306.645487,SP,2462,4435
Efrain Contreras,,SP,2.0647150000000005,-306.646817,SP,2464,4436
Teddy McGraw,SEA,SP,2.0625700000000005,-306.648962,SP,2466,4437
Hunter Owen,KCR,SP,2.062499999999999,-306.649032,SP,2467,4438
Shane Panzini,KCR,SP,2.062355,-306.64917699999995,SP,2468,4439
Jordan Geber,NYM,SP,2.060844999999999,-306.650687,SP,2469,4440
Angel Benitez,NYY,SP,2.0600000000000005,-306.651532,SP,2470,4441
Alessandro Ercolani,PIT,SP,2.0523249999999997,-306.659207,SP,2471,4442
Dakota Hudson,,SP,2.05047,-306.66106199999996,SP,2472,4443
Rhett Kouba,HOU,SP,2.0502749999999996,-306.661257,SP,2473,4444
Peyton Fosher,MIA,SP,2.0500100000000003,-306.661522,SP,2474,4445
Kyle Luckham,WSN,SP,2.0491,-306.66243199999997,SP,2476,4446
Preston Johnson,,SP,2.048715,-306.66281699999996,SP,2477,4447
Hendry Chivilli,MIN,SP,2.0428699999999997,-306.668662,SP,2478,4448
Anthony Solometo,PIT,SP,2.0391800000000004,-306.672352,SP,2480,4449
J.J. Niekro,,SP,2.0391399999999997,-306.672392,SP,2481,4450
Luis Moreno,,SP,2.0386599999999997,-306.672872,SP,2482,4451
Nick Brink,MIA,SP,2.03726,-306.674272,SP,2484,4452
Andrew Knizner,SEA,Unknown,38.65123866666667,-306.6756439333333,Batter,1101,4453
Ryan Brown,ATH,SP,2.0351549999999996,-306.676377,SP,2485,4454
Emmett Olson,MIA,SP,2.0345150000000003,-306.677017,SP,2486,4455
T.J. Zeuch,,SP,2.0319800000000003,-306.679552,SP,2488,4456
Yoel Tejeda Jr.,WSN,SP,2.0211599999999987,-306.69037199999997,SP,2494,4457
Felix Arronde,KCR,SP,2.0169350000000006,-306.694597,SP,2498,4458
Brayan Mendoza,MIA,SP,2.0163849999999996,-306.69514699999996,SP,2499,4459
Sebastian Keane,NYY,SP,2.0156099999999997,-306.695922,SP,2500,4460
Kyle Robinson,ATH,SP,2.0115349999999994,-306.699997,SP,2502,4461
T.J. Brock,TOR,SP,2.002045,-306.70948699999997,SP,2508,4462
Juan Fraide,HOU,SP,2.0,-306.711532,SP,2511,4463
Blake Beers,ATH,SP,1.9970399999999997,-306.71449199999995,SP,2514,4464
Jeremy Reyes,ATL,SP,1.9956499999999995,-306.71588199999997,SP,2516,4465
Bryce Warrecker,NYY,SP,1.9880049999999994,-306.723527,SP,2519,4466
Aidan Foeller,LAD,SP,1.986395,-306.72513699999996,SP,2520,4467
Joel Garcia,MIN,SP,1.9848499999999998,-306.726682,SP,2522,4468
Jacob Waguespack,MIL,SP,1.9839149999999997,-306.72761699999995,SP,2523,4469
Andrew Lindsey,TBR,SP,1.9798799999999996,-306.731652,SP,2524,4470
Jimmy Cordero,,SP,1.9779199999999997,-306.733612,SP,2525,4471
Daviel Hurtado,NYM,SP,1.9755150000000001,-306.736017,SP,2526,4472
Enderson Mercado,MIL,SP,1.9741199999999992,-306.73741199999995,SP,2528,4473
Zach Jacobs,CLE,SP,1.97361,-306.73792199999997,SP,2529,4474
Jack Crowder,BAL,SP,1.97019,-306.741342,SP,2531,4475
Cohen Achen,BAL,SP,1.966415,-306.745117,SP,2536,4476
Wande Torres,MIL,SP,1.965375,-306.746157,SP,2537,4477
Lebarron Johnson Jr.,COL,SP,1.9651900000000007,-306.74634199999997,SP,2538,4478
David Griffin,,SP,1.9643250000000005,-306.747207,SP,2539,4479
Melvin Hernandez,MIL,SP,1.9561600000000003,-306.75537199999997,SP,2542,4480
Jakob Wright,LAD,SP,1.9529149999999995,-306.75861699999996,SP,2543,4481
Kolton Curtis,TEX,SP,1.9515100000000003,-306.760022,SP,2544,4482
Brandon Decker,NYY,SP,1.9507699999999997,-306.760762,SP,2545,4483
Nolan Sparks,STL,SP,1.9443349999999997,-306.76719699999995,SP,2552,4484
Hayden Snelsire,TBR,SP,1.9366849999999998,-306.77484699999997,SP,2556,4485
Reiss Knehr,,SP,1.935435,-306.776097,SP,2558,4486
Patricio Aquino,MIL,SP,1.9349850000000004,-306.776547,SP,2559,4487
Niko Mazza,SFG,SP,1.9342049999999995,-306.77732699999996,SP,2560,4488
Jose Romero,SEA,SP,1.9341400000000002,-306.77739199999996,SP,2561,4489
Adam Tulloch,CLE,SP,1.9332899999999995,-306.778242,SP,2562,4490
Wilmer Flores,,SP,1.9274,-306.784132,SP,2565,4491
Nate Peterson,CIN,SP,1.9258450000000003,-306.785687,SP,2566,4492
Ismael Agreda,TEX,SP,1.9255399999999998,-306.78599199999996,SP,2567,4493
Duque Hebbert,DET,SP,1.9246249999999998,-306.786907,SP,2568,4494
Seth Shuman,WSN,SP,1.924505,-306.78702699999997,SP,2569,4495
John Gant,,SP,1.9213600000000004,-306.790172,SP,2571,4496
Dane Acker,TEX,SP,1.9179150000000005,-306.793617,SP,2573,4497
Michael Sansone,BOS,SP,1.9144900000000002,-306.797042,SP,2574,4498
Joan Adon,,SP,1.9101500000000002,-306.801382,SP,2577,4499
Yon Castro,,SP,1.9077799999999998,-306.803752,SP,2578,4500
Tommy Romero,,SP,1.9055500000000003,-306.805982,SP,2579,4501
Cooper Chandler,,SP,1.9050549999999997,-306.806477,SP,2580,4502
Adam Wolf,,SP,1.9045100000000001,-306.80702199999996,SP,2581,4503
Tyler Santana,CHC,SP,1.9009349999999998,-306.810597,SP,2582,4504
Brooks Fowler,TEX,SP,1.8963750000000004,-306.815157,SP,2585,4505
Cole Miller,ATH,SP,1.89392,-306.817612,SP,2586,4506
Jordan Fowler,,SP,1.8865999999999996,-306.824932,SP,2588,4507
Dawson Netz,CHC,SP,1.8854849999999999,-306.82604699999996,SP,2590,4508
Zach Plesac,,SP,1.8844949999999994,-306.82703699999996,SP,2591,4509
Tanner Gillis,MIL,SP,1.8844199999999998,-306.827112,SP,2592,4510
Emmanuel Chapman,PIT,SP,1.88407,-306.82746199999997,SP,2593,4511
Hunter Patteson,KCR,SP,1.8819000000000008,-306.829632,SP,2596,4512
Shintaro Fujinami,,SP,1.880555,-306.83097699999996,SP,2597,4513
Dariel Francia,PIT,SP,1.8761749999999995,-306.835357,SP,2603,4514
Luke Gabrysh,PHI,SP,1.8761750000000006,-306.835357,SP,2602,4515
Manuel Genao,MIA,SP,1.8757299999999997,-306.835802,SP,2604,4516
William Fleming,,SP,1.8755350000000002,-306.83599699999996,SP,2605,4517
Ethan Bagwell,ATL,SP,1.8732899999999992,-306.838242,SP,2606,4518
Brandon White,MIA,SP,1.8710500000000008,-306.84048199999995,SP,2608,4519
Joe Miller,DET,SP,1.8705100000000008,-306.84102199999995,SP,2609,4520
Kenya Huggins,ATH,SP,1.866345,-306.84518699999995,SP,2611,4521
Parker Smith,HOU,SP,1.8605499999999995,-306.850982,SP,2616,4522
Blake Townsend,TEX,SP,1.8601499999999997,-306.851382,SP,2617,4523
Adrián Martinez,,SP,1.8585050000000003,-306.853027,SP,2619,4524
Darwin Rodriguez,KCR,SP,1.8576499999999996,-306.853882,SP,2620,4525
Carter Spivey,CLE,SP,1.8569549999999997,-306.85457699999995,SP,2621,4526
Derek True,HOU,SP,1.85487,-306.856662,SP,2622,4527
John O'Reilly,,SP,1.8483099999999997,-306.86322199999995,SP,2627,4528
Jonatan Bernal,ARI,SP,1.8482249999999996,-306.86330699999996,SP,2628,4529
Jhoster Baez,HOU,SP,1.8474649999999997,-306.864067,SP,2630,4530
Troy Miller,,SP,1.8398350000000008,-306.871697,SP,2634,4531
Cruz Noriega,,SP,1.838405,-306.87312699999995,SP,2635,4532
Yanquiel Sanchez,,SP,1.83739,-306.87414199999995,SP,2636,4533
Luis Angel Rodriguez,HOU,SP,1.8315050000000006,-306.880027,SP,2638,4534
Luis Reyes,CHW,SP,1.8304149999999995,-306.88111699999996,SP,2639,4535
Franklin Gil,HOU,SP,1.8303300000000007,-306.881202,SP,2640,4536
Steven Echavarria,ATH,SP,1.8279599999999998,-306.88357199999996,SP,2643,4537
Carlos Carra,MIL,SP,1.8278249999999996,-306.88370699999996,SP,2644,4538
Owen Kellington,PIT,SP,1.82661,-306.88492199999996,SP,2645,4539
Denny Larrondo,,SP,1.8214550000000003,-306.89007699999996,SP,2650,4540
Reinold Navarro,PIT,SP,1.8154749999999997,-306.896057,SP,2654,4541
Jerar Encarnacion,SFG,Unknown,38.43069333333334,-306.8961892666666,Batter,1104,4542
Luis Palacios,MIA,SP,1.8118449999999995,-306.899687,SP,2658,4543
Joan Ogando,HOU,SP,1.8055050000000004,-306.906027,SP,2660,4544
Sam Armstrong,MIN,SP,1.8040399999999994,-306.907492,SP,2661,4545
Grant Judkins,,SP,1.8018199999999998,-306.90971199999996,SP,2663,4546
Eric Silva,DET,SP,1.8001650000000007,-306.911367,SP,2665,4547
Fraser Ellard,,SP,1.79995,-306.91158199999995,SP,2666,4548
Daniel Keaney,TEX,SP,1.7988300000000002,-306.91270199999997,SP,2667,4549
Brody Brecht,COL,SP,1.7982,-306.91333199999997,SP,2669,4550
Kleiber Olmedo,SDP,SP,1.7940799999999997,-306.91745199999997,SP,2670,4551
Hyun-Seok Jang,LAD,SP,1.793255,-306.918277,SP,2671,4552
Francisco Pazos,SEA,SP,1.789455,-306.922077,SP,2672,4553
Casey Anderson,ARI,SP,1.7838200000000002,-306.927712,SP,2675,4554
Cory Wall,ATL,SP,1.7772949999999998,-306.934237,SP,2681,4555
Austin Vernon,TBR,SP,1.7767049999999998,-306.934827,SP,2682,4556
Ryan Cardona,CIN,SP,1.7764099999999996,-306.935122,SP,2683,4557
Sandy Ozuna,COL,SP,1.7730549999999998,-306.938477,SP,2684,4558
Samuel Sanchez,LAD,SP,1.7726250000000001,-306.938907,SP,2685,4559
Cole Reynolds,CHC,SP,1.7722949999999997,-306.939237,SP,2686,4560
Bobby Milacki,,SP,1.7712800000000002,-306.940252,SP,2687,4561
Bryan Perez,COL,SP,1.7694849999999998,-306.942047,SP,2690,4562
Mitch Neunborn,PHI,SP,1.76764,-306.943892,SP,2692,4563
Ty Buttrey,,SP,1.767345,-306.944187,SP,2693,4564
Keyner Martinez,SFG,SP,1.766725,-306.94480699999997,SP,2694,4565
Jose T. Perez,SFG,SP,1.7666700000000013,-306.944862,SP,2695,4566
Zuher Yousuf,PHI,SP,1.7662699999999996,-306.94526199999996,SP,2696,4567
Andrew Taylor,HOU,SP,1.764465,-306.947067,SP,2699,4568
Raúl Alcantara,,SP,1.7609,-306.950632,SP,2700,4569
Josh Hansell,KCR,SP,1.7604699999999998,-306.951062,SP,2701,4570
Darlin Saladin,STL,SP,1.7581650000000002,-306.95336699999996,SP,2702,4571
Brooks Caple,CHC,SP,1.7562949999999995,-306.95523699999995,SP,2704,4572
Leomar Rosario,HOU,SP,1.7485749999999998,-306.96295699999996,SP,2709,4573
Jack Mahoney,COL,SP,1.7447050000000002,-306.96682699999997,SP,2712,4574
Julio Urías,LAD,SP,1.73726,-306.974272,SP,2717,4575
Yenrri Rojas,CHC,SP,1.73576,-306.97577199999995,SP,2718,4576
Logan Mercado,ARI,SP,1.7348649999999999,-306.97666699999996,SP,2719,4577
Jake Walkinshaw,MIA,SP,1.72959,-306.981942,SP,2723,4578
Hyun-il Choi,,SP,1.7240249999999997,-306.987507,SP,2728,4579
Marcelo Perez,SEA,SP,1.7223950000000006,-306.98913699999997,SP,2729,4580
Chris Ellis,,SP,1.71972,-306.991812,SP,2731,4581
Nate Lavender,NYM,SP,1.7158399999999998,-306.99569199999996,SP,2732,4582
Collin Lowe,,SP,1.71494,-306.99659199999996,SP,2734,4583
Luis Cessa,,SP,1.71418,-306.997352,SP,2735,4584
Franklin Gomez,CLE,SP,1.71365,-306.997882,SP,2737,4585
Erian Rodriguez,CHC,SP,1.7128450000000002,-306.99868699999996,SP,2739,4586
Kevin Camacho,CHC,SP,1.7115349999999991,-306.99999699999995,SP,2741,4587
Hiro Wyatt,KCR,SP,1.7106900000000003,-307.000842,SP,2742,4588
Samuel Colmenares,TOR,SP,1.7078900000000004,-307.00364199999996,SP,2744,4589
Micah Ottenbreit,PHI,SP,1.7047650000000005,-307.00676699999997,SP,2746,4590
Michael Carpenter,MIN,SP,1.7035000000000002,-307.00803199999996,SP,2747,4591
Braydon Tucker,PHI,SP,1.701365,-307.01016699999997,SP,2750,4592
Dominic Perachi,PIT,SP,1.6985499999999996,-307.01298199999997,SP,2752,4593
Wyatt Hudepohl,NYM,SP,1.69779,-307.013742,SP,2753,4594
Jordarlin Mendoza,NYY,SP,1.6867300000000005,-307.02480199999997,SP,2759,4595
Trey Gregory-Alford,LAA,SP,1.68601,-307.02552199999997,SP,2760,4596
Tyler Renz,MIL,SP,1.684109999999999,-307.027422,SP,2762,4597
Adam Smith,,SP,1.6824050000000004,-307.02912699999996,SP,2763,4598
Melkis Hernandez,CLE,SP,1.6756600000000001,-307.035872,SP,2766,4599
Giussepe Velasquez,PHI,SP,1.6734599999999995,-307.038072,SP,2768,4600
Hayden Wynja,SFG,SP,1.6723249999999994,-307.039207,SP,2771,4601
Cesar Perdomo,SFG,SP,1.6712099999999994,-307.040322,SP,2772,4602
Ike Buxton,,SP,1.671195,-307.04033699999997,SP,2773,4603
Bryan Rivera,MIL,SP,1.6710150000000001,-307.04051699999997,SP,2774,4604
Carlos Castillo,PIT,SP,1.6684199999999996,-307.04311199999995,SP,2777,4605
Luis Rujano,CHC,SP,1.66671,-307.04482199999995,SP,2779,4606
Rafael Gonzalez,HOU,SP,1.666705,-307.044827,SP,2780,4607
Joel Lara,NYM,SP,1.66371,-307.047822,SP,2783,4608
Luis Valdez,,SP,1.6588399999999999,-307.052692,SP,2791,4609
Estibenzon Jimenez,PHI,SP,1.6575400000000005,-307.053992,SP,2792,4610
Cam Day,LAD,SP,1.6530050000000007,-307.05852699999997,SP,2800,4611
Damian Mendoza,,SP,1.6487950000000007,-307.06273699999997,SP,2804,4612
Brett Martin,,SP,1.63638,-307.075152,SP,2818,4613
Peyton Battenfield,,SP,1.6357650000000001,-307.075767,SP,2819,4614
Nick Pinto,CHW,SP,1.6319149999999998,-307.079617,SP,2823,4615
Holden Wilkerson,TOR,SP,1.6315399999999998,-307.079992,SP,2824,4616
Cristofer Gomez,NYM,SP,1.6312900000000001,-307.080242,SP,2825,4617
Aidan Deakins,TEX,SP,1.6309299999999998,-307.080602,SP,2826,4618
Trey Pooser,TBR,SP,1.6306250000000002,-307.08090699999997,SP,2827,4619
Peyton Gray,TEX,SP,1.62708,-307.084452,SP,2834,4620
Andrew Landry,NYY,SP,1.6268049999999994,-307.084727,SP,2835,4621
Javier González,BAL,SP,1.6237350000000002,-307.08779699999997,SP,2838,4622
Nelfy Ynfante,STL,SP,1.62371,-307.08782199999996,SP,2839,4623
Cole Urman,,SP,1.6236800000000002,-307.087852,SP,2840,4624
Justin Chambers,LAD,SP,1.6232100000000003,-307.08832199999995,SP,2841,4625
Pablo Aldonis,WSN,SP,1.6216,-307.089932,SP,2846,4626
Jose Atencio,,SP,1.6172050000000007,-307.09432699999996,SP,2849,4627
Danyony Pulido,PHI,SP,1.6163750000000001,-307.095157,SP,2850,4628
Erik Martinez,,SP,1.61425,-307.09728199999995,SP,2852,4629
Luke Farrell,,SP,1.6132800000000007,-307.098252,SP,2855,4630
Aaron Combs,PHI,SP,1.6103950000000002,-307.101137,SP,2859,4631
Wen-Hui Pan,PHI,SP,1.6090499999999999,-307.10248199999995,SP,2860,4632
Nick Sando,CIN,SP,1.608765,-307.102767,SP,2861,4633
Michael Caldon,BAL,SP,1.6077299999999992,-307.103802,SP,2862,4634
Julio  Marte,HOU,SP,1.6061750000000001,-307.10535699999997,SP,2863,4635
Matt Gabbert,,SP,1.6051150000000005,-307.10641699999996,SP,2865,4636
Rafael Sanchez,TOR,SP,1.60007,-307.11146199999996,SP,2869,4637
Wuilberth Mendez,DET,SP,1.5993549999999996,-307.112177,SP,2872,4638
Kendall Williams,,SP,1.5983099999999995,-307.11322199999995,SP,2873,4639
Zach Willeman,,SP,1.5979500000000004,-307.11358199999995,SP,2874,4640
Miguelangel Boadas,MIN,SP,1.5902750000000003,-307.12125699999996,SP,2878,4641
Cristopher Castro,,SP,1.5897899999999998,-307.121742,SP,2880,4642
Tommy Vail,CHW,SP,1.5883450000000001,-307.123187,SP,2883,4643
Tzu-Chen Sha,ATH,SP,1.5867849999999994,-307.12474699999996,SP,2884,4644
Yeiber Cartaya,BAL,SP,1.5843400000000003,-307.127192,SP,2886,4645
Alec Baker,ARI,SP,1.579755,-307.131777,SP,2890,4646
Jose Montero,CIN,SP,1.5772849999999998,-307.13424699999996,SP,2891,4647
Alec Gamboa,BOS,SP,1.5764699999999998,-307.135062,SP,2892,4648
Darien Núñez,,SP,1.5756000000000001,-307.13593199999997,SP,2894,4649
Cesar Aquino,PIT,SP,1.5728899999999997,-307.138642,SP,2900,4650
Chase Watkins,CHC,SP,1.5674249999999996,-307.14410699999996,SP,2909,4651
Jefferson Moran,STL,SP,1.5672150000000005,-307.144317,SP,2910,4652
Christian Lopez,CIN,SP,1.565125,-307.14640699999995,SP,2912,4653
Joshua Cornielly,NYM,SP,1.5616100000000002,-307.149922,SP,2914,4654
Channing Austin,NYM,SP,1.561365,-307.15016699999995,SP,2915,4655
Nigel Belgrave,MIA,SP,1.5603,-307.151232,SP,2917,4656
Ty Cummings,TBR,SP,1.5596249999999994,-307.151907,SP,2919,4657
Anthony Flores,MIL,SP,1.557255,-307.154277,SP,2923,4658
Ty Weatherly,,SP,1.55646,-307.15507199999996,SP,2926,4659
Enrique Segura,TEX,SP,1.5555599999999998,-307.15597199999996,SP,2929,4660
Luichi Casilla,COL,SP,1.553,-307.158532,SP,2933,4661
JeanPierre Ortiz,CIN,SP,1.5519950000000002,-307.159537,SP,2935,4662
Chalniel Arias,NYY,SP,1.5517599999999998,-307.159772,SP,2936,4663
Garrett Richards,,SP,1.5510800000000002,-307.16045199999996,SP,2937,4664
Jose M. Rodriguez,NYY,SP,1.5479650000000003,-307.163567,SP,2941,4665
Jose Chirinos,NYM,SP,1.5470799999999998,-307.164452,SP,2944,4666
Adrian Heredia,BAL,SP,1.5458849999999995,-307.165647,SP,2946,4667
Tommy Mace,CLE,SP,1.537925,-307.173607,SP,2957,4668
Angel Jimenez,COL,SP,1.5376100000000001,-307.173922,SP,2958,4669
David Rodriguez,KCR,SP,1.5374899999999996,-307.174042,SP,2959,4670
Joelvis Del Rosario,,SP,1.5350150000000002,-307.176517,SP,2962,4671
Samuel Strickland,ATL,SP,1.5345650000000002,-307.176967,SP,2963,4672
Logan Martin,SFG,SP,1.5290249999999999,-307.182507,SP,2972,4673
Isaiah Lowe,SDP,SP,1.528389999999999,-307.183142,SP,2973,4674
Charles King,PHI,SP,1.5281900000000008,-307.183342,SP,2974,4675
Adam Laskey,COL,SP,1.5259550000000002,-307.18557699999997,SP,2978,4676
Geison Urbaez,TOR,SP,1.5215849999999995,-307.18994699999996,SP,2982,4677
Sebastian Gongora,BAL,SP,1.5183049999999993,-307.193227,SP,2987,4678
Florencio Serrano,,SP,1.5128299999999995,-307.19870199999997,SP,2996,4679
Andres Galan,TBR,SP,1.5121750000000005,-307.19935699999996,SP,2997,4680
Reynardo Cruz,CIN,SP,1.50932,-307.202212,SP,3000,4681
Bowden Francis,TOR,SP,1.5055199999999997,-307.206012,SP,3001,4682
Will Johnston,ATH,SP,1.5054400000000001,-307.20609199999996,SP,3002,4683
Kendy Richard,ATL,SP,1.5050149999999993,-307.20651699999996,SP,3003,4684
Charlie McDaniel,SFG,SP,1.5047249999999994,-307.20680699999997,SP,3004,4685
Caleb Bolden,BOS,SP,1.5041699999999996,-307.207362,SP,3005,4686
Hayden Merda,NYY,SP,1.502665,-307.208867,SP,3006,4687
Augie Mojica,ARI,SP,1.4999900000000004,-307.21154199999995,SP,3010,4688
Jack Wenninger,NYM,SP,1.49966,-307.21187199999997,SP,3011,4689
Reiver Camacho,COL,SP,1.4955999999999998,-307.21593199999995,SP,3014,4690
Kenny Serwa,DET,SP,1.494905,-307.21662699999996,SP,3015,4691
Corey Avant,ATH,SP,1.4927150000000007,-307.218817,SP,3020,4692
Beau Blanchard,CIN,SP,1.4849399999999997,-307.226592,SP,3029,4693
Travis Smith,MIL,SP,1.4811899999999993,-307.23034199999995,SP,3034,4694
Brett Schulze,,SP,1.4806,-307.230932,SP,3035,4695
Luis Devers,,SP,1.4800749999999998,-307.231457,SP,3036,4696
Nick Dombkowski,PIT,SP,1.4742400000000004,-307.23729199999997,SP,3046,4697
Luis Velasquez,NYY,SP,1.47105,-307.240482,SP,3049,4698
Braian Salazar,SDP,SP,1.469475,-307.242057,SP,3051,4699
Jaxon Wiggins,CHC,SP,1.4693799999999992,-307.242152,SP,3052,4700
Carlos Jimenez,,SP,1.4677549999999997,-307.24377699999997,SP,3055,4701
Aneury Lora,SEA,SP,1.465595,-307.24593699999997,SP,3057,4702
Karl Kauffmann,,SP,1.4648249999999996,-307.24670699999996,SP,3060,4703
Michael Byrne,,SP,1.46305,-307.24848199999997,SP,3063,4704
Craig Stammen,,SP,1.4628199999999998,-307.24871199999995,SP,3064,4705
Adam Maier,ATL,SP,1.4623850000000005,-307.249147,SP,3066,4706
Grant Shepardson,MIA,SP,1.4609200000000007,-307.250612,SP,3069,4707
Jack Dashwood,,SP,1.4606250000000003,-307.250907,SP,3070,4708
Dominic Niman,TBR,SP,1.4588199999999998,-307.252712,SP,3072,4709
Cale Lansville,SFG,SP,1.4581900000000003,-307.253342,SP,3074,4710
Maikel Miralles,SDP,SP,1.4575699999999998,-307.253962,SP,3075,4711
Juan Hillman,,SP,1.457515,-307.254017,SP,3076,4712
Shea Sprague,BOS,SP,1.4551949999999994,-307.256337,SP,3080,4713
Juan Rojas,BAL,SP,1.4535750000000003,-307.257957,SP,3083,4714
Argenis Cayama,SFG,SP,1.4519200000000008,-307.259612,SP,3085,4715
Luke Johnson,WSN,SP,1.4500499999999998,-307.261482,SP,3088,4716
Ian Koenig,SDP,SP,1.449704999999999,-307.261827,SP,3089,4717
Nick Kingham,,SP,1.4493800000000006,-307.26215199999996,SP,3090,4718
Po-Yu Chen,PIT,SP,1.4491249999999989,-307.262407,SP,3091,4719
Junior Ciprian,ARI,SP,1.4485399999999997,-307.262992,SP,3094,4720
Collin McHugh,,SP,1.44854,-307.262992,SP,3093,4721
Jason Savacool,STL,SP,1.448195000000001,-307.263337,SP,3095,4722
Orlando Ortiz-Mayr,MIA,SP,1.44726,-307.264272,SP,3098,4723
Wilfredo Pereira,STL,SP,1.4434449999999996,-307.268087,SP,3111,4724
Edinson Batista,,SP,1.4420000000000006,-307.26953199999997,SP,3113,4725
Nazier Mulé,CHC,SP,1.4410849999999997,-307.270447,SP,3115,4726
Ricardo Yan,ARI,SP,1.4404349999999992,-307.271097,SP,3117,4727
Jordan Woods,KCR,SP,1.439805,-307.271727,SP,3120,4728
Logan Clayton,,SP,1.4394900000000006,-307.272042,SP,3121,4729
Robert Colina,,SP,1.43846,-307.27307199999996,SP,3124,4730
Kenten Egbert,CHC,SP,1.4372200000000004,-307.27431199999995,SP,3126,4731
Rayven Antonio,ATL,SP,1.4362849999999998,-307.275247,SP,3128,4732
Andrew Magno,BAL,SP,1.4352999999999998,-307.276232,SP,3129,4733
Lewis Sifontes,ATL,SP,1.4342449999999993,-307.277287,SP,3132,4734
Alejandro Mateo,,SP,1.4304399999999995,-307.281092,SP,3139,4735
David Rodriguez,ATL,SP,1.4299399999999995,-307.281592,SP,3142,4736
JP Wheat,CHC,SP,1.4283649999999999,-307.283167,SP,3146,4737
Mathias LaCombe,CHW,SP,1.4282450000000004,-307.283287,SP,3148,4738
Brian Gonzalez,SDP,SP,1.4253399999999998,-307.28619199999997,SP,3155,4739
Matt Dermody,,SP,1.42274,-307.288792,SP,3160,4740
Alain Pena,HOU,SP,1.4182499999999996,-307.293282,SP,3168,4741
Cooper Adams,BOS,SP,1.4172950000000002,-307.29423699999995,SP,3171,4742
Chase Hampton,NYY,SP,1.4161599999999996,-307.295372,SP,3176,4743
Tyler Tolbert,KCR,Unknown,38.030193999999995,-307.2966886,Batter,1106,4744
Noah Denoyer,,SP,1.4142800000000002,-307.29725199999996,SP,3178,4745
Jefferson Jean,ATH,SP,1.4138249999999999,-307.297707,SP,3179,4746
Rony García,,SP,1.4127599999999998,-307.298772,SP,3182,4747
Steven Sanchez,,SP,1.4113899999999997,-307.300142,SP,3185,4748
Jonathan Jimenez,NYM,SP,1.409545,-307.301987,SP,3190,4749
Everett Catlett,COL,SP,1.4088450000000008,-307.302687,SP,3192,4750
Brailyn Marquez,,SP,1.4079400000000002,-307.303592,SP,3193,4751
David Phelps,,SP,1.4057,-307.30583199999995,SP,3198,4752
Kevin Miranda,,SP,1.4053600000000004,-307.306172,SP,3199,4753
Drew McDaniel,CHW,SP,1.4036850000000003,-307.307847,SP,3202,4754
Mike Morin,,SP,1.4031200000000001,-307.308412,SP,3203,4755
Tanner Jones,KCR,SP,1.4024800000000002,-307.30905199999995,SP,3205,4756
Brooks Auger,LAD,SP,1.4013449999999996,-307.310187,SP,3208,4757
Manuel Mercedes,SFG,SP,1.4010700000000003,-307.310462,SP,3209,4758
Anderson Cardenas,ARI,SP,1.3994799999999998,-307.312052,SP,3218,4759
Will Brian,NYY,SP,1.3993399999999998,-307.312192,SP,3219,4760
José Mujica,,SP,1.39888,-307.31265199999996,SP,3221,4761
Miqueas Mercedes,MIL,SP,1.3984549999999996,-307.31307699999996,SP,3223,4762
Anderson Pilar,ATL,SP,1.3969550000000004,-307.314577,SP,3228,4763
Harrison Cohen,NYY,SP,1.39654,-307.31499199999996,SP,3229,4764
Kevin Valdez,CHC,SP,1.396404999999999,-307.31512699999996,SP,3230,4765
Ryan Andrade,TBR,SP,1.3962250000000007,-307.31530699999996,SP,3231,4766
Sean Mellen,,SP,1.3938400000000004,-307.31769199999997,SP,3233,4767
Jatnk Diaz,DET,SP,1.3926149999999997,-307.318917,SP,3235,4768
Kevin Velasco,BAL,SP,1.3909050000000007,-307.320627,SP,3236,4769
Jaitoine Kelly,ARI,SP,1.390775,-307.32075699999996,SP,3237,4770
Matt Turner,NYM,SP,1.3906650000000003,-307.32086699999996,SP,3238,4771
Mikell Manzano,,SP,1.3904549999999998,-307.321077,SP,3239,4772
Darren Bowen,MIN,SP,1.3896299999999995,-307.32190199999997,SP,3243,4773
Carlson Reed,PIT,SP,1.3874649999999997,-307.32406699999996,SP,3249,4774
Kirk McCarty,,SP,1.3872799999999998,-307.324252,SP,3250,4775
Tyler Switalski,SFG,SP,1.3865449999999995,-307.32498699999996,SP,3252,4776
Josh Mallitz,SDP,SP,1.38509,-307.326442,SP,3255,4777
Yeferson Vargas,LAA,SP,1.3849650000000004,-307.32656699999995,SP,3256,4778
Dillon Peters,,SP,1.38406,-307.327472,SP,3257,4779
Leonel Sequera,STL,SP,1.3823950000000003,-307.329137,SP,3260,4780
Mason Green,COL,SP,1.382145,-307.329387,SP,3261,4781
Ronald Herrera,,SP,1.3815200000000003,-307.33001199999995,SP,3262,4782
Garrett Williams,,SP,1.3807800000000001,-307.33075199999996,SP,3264,4783
Engel Daniel Peralta,HOU,SP,1.380685,-307.33084699999995,SP,3265,4784
Matt Ruppenthal,,SP,1.38036,-307.331172,SP,3266,4785
Ben Anderson,TEX,SP,1.3794499999999996,-307.33208199999996,SP,3267,4786
Jack Leftwich,CLE,SP,1.3794050000000002,-307.33212699999996,SP,3268,4787
Brandon Downer,BAL,SP,1.3776999999999997,-307.333832,SP,3270,4788
Skylar Arias,,SP,1.3775400000000002,-307.33399199999997,SP,3273,4789
Walter Pennington,,SP,1.3768599999999998,-307.33467199999996,SP,3275,4790
Justin Sinibaldi,CHW,SP,1.3761400000000013,-307.33539199999996,SP,3276,4791
Joey Marciano,,SP,1.37412,-307.337412,SP,3279,4792
Jacob Gomez,,SP,1.373185,-307.338347,SP,3282,4793
Haylen Green,,SP,1.3724,-307.33913199999995,SP,3285,4794
Chris Rodriguez,CHW,SP,1.3721750000000004,-307.33935699999995,SP,3286,4795
Javy Guerra,ATL,SP,1.3685999999999998,-307.34293199999996,SP,3294,4796
Michael Ross,MIN,SP,1.3642299999999994,-307.34730199999996,SP,3301,4797
Edwar Colina,,SP,1.36422,-307.347312,SP,3302,4798
Brendan Nail,,SP,1.3635600000000003,-307.34797199999997,SP,3304,4799
César Vargas,,SP,1.3631600000000001,-307.348372,SP,3305,4800
Erik Tolman,WSN,SP,1.3610899999999997,-307.350442,SP,3309,4801
Cade Kuehler,ATL,SP,1.3604249999999998,-307.35110699999996,SP,3311,4802
Zach Haake,,SP,1.3570799999999998,-307.354452,SP,3316,4803
Peyton Stumbo,PIT,SP,1.3568949999999995,-307.35463699999997,SP,3317,4804
Alex McFarlane,PHI,SP,1.3563050000000003,-307.35522699999996,SP,3319,4805
Luis Ramirez,,SP,1.3556849999999996,-307.355847,SP,3320,4806
Connor Overton,,SP,1.3543200000000002,-307.357212,SP,3322,4807
Landon Marceaux,,SP,1.35332,-307.358212,SP,3323,4808
Jose Bello,BOS,SP,1.35268,-307.35885199999996,SP,3325,4809
Tyler Thomas,,SP,1.3516699999999997,-307.35986199999996,SP,3328,4810
Andre Jackson,,SP,1.3487200000000004,-307.36281199999996,SP,3333,4811
Jeffrey Colon,,SP,1.3479649999999994,-307.363567,SP,3335,4812
Carlos Tavera,BAL,SP,1.3472899999999999,-307.364242,SP,3337,4813
Seth Keener,CHW,SP,1.3470550000000003,-307.36447699999997,SP,3338,4814
Josh Taylor,,SP,1.3468475,-307.36468449999995,SP,3339,4815
Engert Garcia,,SP,1.3464950000000002,-307.365037,SP,3340,4816
Matt Keating,NYY,SP,1.3455750000000002,-307.365957,SP,3342,4817
Jonathan Holder,,SP,1.3433800000000007,-307.36815199999995,SP,3348,4818
Dylan Covey,,SP,1.3428799999999996,-307.368652,SP,3350,4819
Buck Farmer,,SP,1.34043,-307.37110199999995,SP,3353,4820
Nick Swiney,,SP,1.3402450000000001,-307.371287,SP,3354,4821
Aaron Shortridge,,SP,1.3395799999999998,-307.37195199999996,SP,3355,4822
Dylan Phillips,LAA,SP,1.3391050000000002,-307.37242699999996,SP,3356,4823
Matt Foster,,SP,1.338985,-307.372547,SP,3357,4824
Troy Guthrie,TOR,SP,1.3360300000000003,-307.375502,SP,3361,4825
Trevor Bettencourt,,SP,1.3348199999999997,-307.376712,SP,3366,4826
Luis Carias,LAD,SP,1.3345900000000004,-307.376942,SP,3368,4827
Josh Dye,,SP,1.3343600000000002,-307.377172,SP,3370,4828
Gray Fenter,,SP,1.3333000000000002,-307.37823199999997,SP,3372,4829
Jerming Rosario,LAD,SP,1.3332149999999996,-307.378317,SP,3373,4830
Jordan Mikel,,SP,1.3329600000000001,-307.37857199999996,SP,3375,4831
Kyle Crigger,,SP,1.3327399999999998,-307.378792,SP,3376,4832
Mikey Tepper,WSN,SP,1.33005,-307.381482,SP,3380,4833
Will Ethridge,,SP,1.32974,-307.38179199999996,SP,3381,4834
Matt Duffy,BOS,SP,1.3268900000000006,-307.384642,SP,3386,4835
Austin Roberts,TEX,SP,1.3253949999999999,-307.38613699999996,SP,3387,4836
Sean Harney,ARI,SP,1.3249799999999998,-307.386552,SP,3390,4837
Juan De La Cruz,MIA,SP,1.3246249999999997,-307.38690699999995,SP,3392,4838
Jeter Martinez,PIT,SP,1.3239900000000004,-307.387542,SP,3393,4839
Junior Sanchez,ARI,SP,1.3234699999999993,-307.388062,SP,3396,4840
Luke Shilling,,SP,1.3233600000000003,-307.388172,SP,3397,4841
Chris McElvain,TOR,SP,1.3226950000000002,-307.38883699999997,SP,3398,4842
Corey Kluber,,SP,1.32204,-307.38949199999996,SP,3399,4843
Jackson Kelley,CHW,SP,1.32201,-307.389522,SP,3400,4844
Winston Santos,TEX,SP,1.322,-307.389532,SP,3401,4845
Johnathan Harmon,CIN,SP,1.321925,-307.38960699999996,SP,3402,4846
Anthony Simonelli,KCR,SP,1.3206350000000002,-307.390897,SP,3404,4847
Francis Peguero,,SP,1.3195400000000002,-307.39199199999996,SP,3408,4848
Jacob Kmatz,TBR,SP,1.319195,-307.392337,SP,3410,4849
Jasseel De La Cruz,,SP,1.31802,-307.393512,SP,3413,4850
Oscar Rayo,KCR,SP,1.3180000000000003,-307.393532,SP,3414,4851
Joe Jones,,SP,1.3165799999999996,-307.394952,SP,3416,4852
Wilkin Ramos,SFG,SP,1.3130700000000002,-307.398462,SP,3421,4853
Sam Whiting,SDP,SP,1.3121750000000005,-307.39935699999995,SP,3424,4854
Geoffrey Gilbert,NYY,SP,1.3121299999999998,-307.39940199999995,SP,3425,4855
Jose Guevara,NYM,SP,1.311085,-307.400447,SP,3430,4856
Jordan Carr,,SP,1.3109900000000003,-307.400542,SP,3431,4857
Christian Becerra,MIN,SP,1.30769,-307.403842,SP,3438,4858
Leandro Lopez,TEX,SP,1.3076800000000004,-307.403852,SP,3439,4859
Graeme Stinson,TBR,SP,1.3054800000000006,-307.406052,SP,3441,4860
Lucas Jacobsen,,SP,1.30476,-307.406772,SP,3444,4861
Cesar Gomez,,SP,1.3041800000000003,-307.407352,SP,3445,4862
Austin Ehrlicher,BOS,SP,1.303655,-307.407877,SP,3447,4863
Jamison Hill,,SP,1.302255,-307.409277,SP,3450,4864
Blake Whitney,,SP,1.3020650000000002,-307.40946699999995,SP,3451,4865
Chance Kirby,,SP,1.3020600000000004,-307.409472,SP,3452,4866
Rio Gomez,,SP,1.3017800000000006,-307.40975199999997,SP,3453,4867
Patrick Murphy,,SP,1.300905,-307.410627,SP,3455,4868
Tim Brennan,,SP,1.3000799999999997,-307.411452,SP,3456,4869
Jose Varela,HOU,SP,1.2972549999999994,-307.41427699999997,SP,3459,4870
Joey Mancini,HOU,SP,1.2972250000000003,-307.41430699999995,SP,3460,4871
Colten Schmidt,,SP,1.2962000000000002,-307.415332,SP,3464,4872
Christian Rodriguez,NYM,SP,1.29579,-307.41574199999997,SP,3466,4873
Aaron Sanchez,KCR,SP,1.2940850000000006,-307.417447,SP,3469,4874
Bernard Mack,STL,SP,1.2936449999999993,-307.41788699999995,SP,3471,4875
Jimmy Nelson,,SP,1.2932800000000002,-307.418252,SP,3473,4876
Luis Oviedo,,SP,1.2919200000000002,-307.419612,SP,3476,4877
Taylor Broadway,,SP,1.29168,-307.419852,SP,3477,4878
Jason Blanchard,SDP,SP,1.29167,-307.41986199999997,SP,3478,4879
Samuel Reyes,,SP,1.290695,-307.42083699999995,SP,3481,4880
Hayden Deal,,SP,1.28968,-307.421852,SP,3483,4881
Tyler Beck,,SP,1.2875399999999995,-307.423992,SP,3486,4882
Jacob Wallace,ATL,SP,1.28293,-307.42860199999996,SP,3495,4883
Caleb Smith,,SP,1.28252,-307.429012,SP,3497,4884
Trevor Bauer,,SP,1.28156,-307.42997199999996,SP,3499,4885
Collin Kober,,SP,1.2812199999999996,-307.43031199999996,SP,3500,4886
Ethan Bosacker,KCR,SP,1.2801149999999994,-307.43141699999995,SP,3501,4887
David Leal,,SP,1.2795949999999996,-307.431937,SP,3504,4888
Cristian Hernandez,NYY,SP,1.279145,-307.43238699999995,SP,3507,4889
Noah Song,BOS,SP,1.2786199999999996,-307.432912,SP,3510,4890
Jarod Bayless,PIT,SP,1.2767150000000007,-307.43481699999995,SP,3514,4891
Brad Case,,SP,1.275445,-307.436087,SP,3521,4892
Nicolas Carreno,NYM,SP,1.2744600000000004,-307.437072,SP,3524,4893
J.B. Olson,,SP,1.2739599999999995,-307.437572,SP,3525,4894
Chris Gau,,SP,1.27393,-307.43760199999997,SP,3526,4895
Jose Guedez,HOU,SP,1.2734200000000002,-307.438112,SP,3527,4896
Kyle Whitten,TBR,SP,1.2733049999999997,-307.438227,SP,3528,4897
Wyatt Sparks,,SP,1.2726599999999995,-307.438872,SP,3530,4898
Reese Dutton,PHI,SP,1.2725450000000005,-307.438987,SP,3531,4899
Diego Barrera,ATH,SP,1.270925,-307.440607,SP,3533,4900
Shaddon Peavyhouse,SEA,SP,1.2697399999999999,-307.44179199999996,SP,3536,4901
Danny Duffy,,SP,1.2688100000000002,-307.442722,SP,3539,4902
Sam Highfill,PHI,SP,1.2682400000000005,-307.443292,SP,3541,4903
Zach Hart,,SP,1.2681599999999997,-307.44337199999995,SP,3542,4904
Danny Kirwin,BOS,SP,1.2640249999999997,-307.447507,SP,3546,4905
Keegan Curtis,,SP,1.26174,-307.449792,SP,3553,4906
Alexander Meckley,WSN,SP,1.2616950000000005,-307.449837,SP,3554,4907
Ryan Jensen,CHC,SP,1.2616850000000002,-307.449847,SP,3555,4908
Gerardo Salas,STL,SP,1.261615,-307.44991699999997,SP,3556,4909
Hyun Jin Ryu,,SP,1.2612599999999996,-307.450272,SP,3557,4910
Zack Greinke,,SP,1.26058,-307.450952,SP,3560,4911
Tsuyoshi Wada,,SP,1.2597999999999998,-307.451732,SP,3561,4912
Jose Davila,STL,SP,1.259795000000001,-307.451737,SP,3562,4913
Kyle Johnston,,SP,1.2592599999999998,-307.452272,SP,3565,4914
Eli Jones,MIN,SP,1.2581350000000002,-307.453397,SP,3568,4915
Anthony Narvaez,,SP,1.255285,-307.45624699999996,SP,3573,4916
Yadiel Batista,STL,SP,1.253495,-307.458037,SP,3574,4917
Cam Walty,CLE,SP,1.2534650000000005,-307.45806699999997,SP,3575,4918
Jeremy Lee,,SP,1.2502849999999999,-307.46124699999996,SP,3580,4919
Bryan Balzer,SDP,SP,1.2481250000000004,-307.46340699999996,SP,3583,4920
Cole Stupp,,SP,1.24701,-307.464522,SP,3585,4921
Greiber Mendez,PIT,SP,1.246805,-307.464727,SP,3586,4922
Cam Tullar,,SP,1.24561,-307.465922,SP,3588,4923
Anthony Cruz,HOU,SP,1.2453500000000006,-307.466182,SP,3589,4924
Eric Prado,MIL,SP,1.2433999999999998,-307.46813199999997,SP,3593,4925
Matt Wisler,,SP,1.2431800000000002,-307.468352,SP,3595,4926
Davian Garcia,WSN,SP,1.24295,-307.46858199999997,SP,3597,4927
Jacob Shafer,ATL,SP,1.2425100000000002,-307.469022,SP,3598,4928
Nick Jones,LAA,SP,1.2417850000000001,-307.469747,SP,3599,4929
Zack Leban,,SP,1.2406999999999997,-307.470832,SP,3601,4930
Conner Loeprich,,SP,1.24051,-307.471022,SP,3602,4931
John Parke,,SP,1.2401,-307.471432,SP,3604,4932
Will Sanders,CHC,SP,1.2399200000000001,-307.471612,SP,3605,4933
Eury Rosado,,SP,1.2397799999999997,-307.471752,SP,3606,4934
Rafael Ohashi,,SP,1.2389549999999998,-307.472577,SP,3609,4935
Andrew Pérez,KCR,SP,1.2336599999999995,-307.477872,SP,3611,4936
Matt Brosky,,SP,1.2334200000000002,-307.47811199999995,SP,3612,4937
Peyton Plumlee,,SP,1.2333599999999998,-307.478172,SP,3613,4938
Aiden Butler,SEA,SP,1.2309899999999996,-307.48054199999996,SP,3616,4939
Tucker Novotny,ATH,SP,1.229565,-307.481967,SP,3617,4940
Zack Morris,COL,SP,1.2295299999999998,-307.48200199999997,SP,3618,4941
Nate Ackenhausen,KCR,SP,1.229505,-307.48202699999996,SP,3619,4942
José Ureña,,SP,1.2283600000000001,-307.48317199999997,SP,3622,4943
Jeremy Walker,,SP,1.2276,-307.483932,SP,3626,4944
Fabian Ysalla,CHW,SP,1.2268549999999996,-307.484677,SP,3627,4945
Andrés Núñez,,SP,1.22608,-307.48545199999995,SP,3628,4946
Jason Bilous,,SP,1.2244600000000003,-307.48707199999996,SP,3632,4947
Luis Rodriguez,HOU,SP,1.2242599999999997,-307.48727199999996,SP,3633,4948
Jesús  Palacios,BAL,SP,1.2222800000000003,-307.48925199999996,SP,3636,4949
Dylan Bice,,SP,1.2215799999999999,-307.48995199999996,SP,3637,4950
Trent Sellers,NYY,SP,1.2202,-307.491332,SP,3641,4951
Jacob Odle,STL,SP,1.219285,-307.49224699999996,SP,3644,4952
Jordy Vargas,COL,SP,1.2185,-307.49303199999997,SP,3649,4953
Marcelo Martinez,,SP,1.2181999999999997,-307.49333199999995,SP,3651,4954
Antonio Jimenez,SFG,SP,1.2170949999999996,-307.494437,SP,3655,4955
Braeden Ogle,,SP,1.2166999999999997,-307.494832,SP,3657,4956
Jesus Tillero,LAD,SP,1.2165950000000003,-307.494937,SP,3659,4957
Osvaldo Berrios,BOS,SP,1.2145400000000002,-307.496992,SP,3666,4958
Ryan Shreve,,SP,1.2142300000000004,-307.497302,SP,3669,4959
Connor Staine,COL,SP,1.2141450000000003,-307.497387,SP,3670,4960
John Stankiewicz,DET,SP,1.21388,-307.49765199999996,SP,3671,4961
Evan Truitt,SEA,SP,1.2102249999999999,-307.501307,SP,3675,4962
Brett Daniels,,SP,1.2102199999999999,-307.501312,SP,3676,4963
Preston Howey,DET,SP,1.2093700000000003,-307.502162,SP,3677,4964
Matt Merrill,,SP,1.2087350000000001,-307.502797,SP,3679,4965
Yokelvin Reyes,LAA,SP,1.2085450000000004,-307.50298699999996,SP,3680,4966
Jacob Steinmetz,ARI,SP,1.2074949999999995,-307.504037,SP,3684,4967
Marcus Walden,,SP,1.2073,-307.504232,SP,3685,4968
Listher Sosa,,SP,1.2065899999999998,-307.50494199999997,SP,3687,4969
Bryan Chi,,SP,1.2057399999999991,-307.505792,SP,3689,4970
Jackson Finley,ATH,SP,1.2046599999999996,-307.506872,SP,3692,4971
Sam Benschoter,CIN,SP,1.20456,-307.50697199999996,SP,3693,4972
Rio Britton,ARI,SP,1.2038600000000002,-307.50767199999996,SP,3696,4973
Wilkelma Castillo,,SP,1.2003150000000002,-307.511217,SP,3708,4974
Manuel Alvarez,,SP,1.2000200000000008,-307.511512,SP,3711,4975
Orvis Fernandez,NYY,SP,1.1999899999999997,-307.51154199999996,SP,3713,4976
Barrett Kent,LAA,SP,1.1982200000000003,-307.513312,SP,3716,4977
Juan Mejia,,SP,1.19782,-307.513712,SP,3717,4978
Edwardo Melendez,CHC,SP,1.196605,-307.514927,SP,3719,4979
Joe Wieland,,SP,1.1944400000000002,-307.517092,SP,3721,4980
Carlos Carrasco,ATL,SP,1.19424,-307.517292,SP,3722,4981
Jack Dallas,PHI,SP,1.1932199999999997,-307.518312,SP,3724,4982
Eric Jokisch,,SP,1.1925800000000002,-307.51895199999996,SP,3726,4983
Kyle Wilson,,SP,1.1920600000000006,-307.51947199999995,SP,3728,4984
Alexander Campos,TBR,SP,1.1906200000000002,-307.52091199999995,SP,3731,4985
Chance Huff,WSN,SP,1.1905350000000001,-307.52099699999997,SP,3732,4986
Dante Biasi,,SP,1.1900600000000001,-307.52147199999996,SP,3733,4987
Zach Neal,,SP,1.18918,-307.52235199999996,SP,3735,4988
Mario Sanchez,,SP,1.1872999999999996,-307.524232,SP,3739,4989
Mervin Fell,ARI,SP,1.1867400000000001,-307.524792,SP,3741,4990
Ricardo Sánchez,,SP,1.1858399999999996,-307.525692,SP,3742,4991
Jervis Alfaro,CLE,SP,1.1850500000000004,-307.526482,SP,3744,4992
Cy Nielson,PIT,SP,1.1847399999999997,-307.526792,SP,3747,4993
Abraham Parra,SDP,SP,1.184475,-307.52705699999996,SP,3748,4994
Carlos Luna,,SP,1.1830000000000003,-307.528532,SP,3751,4995
Jimmy Kingsbury,SEA,SP,1.1828249999999998,-307.528707,SP,3752,4996
Trey Supak,TEX,SP,1.1823599999999996,-307.52917199999996,SP,3753,4997
Gunnar Groen,,SP,1.1820799999999998,-307.529452,SP,3754,4998
Mason Miller,KCR,SP,1.1780149999999998,-307.53351699999996,SP,3759,4999
Hayden Frank,CHC,SP,1.1778549999999997,-307.53367699999995,SP,3760,5000
Walker Brockhouse,,SP,1.17763,-307.53390199999996,SP,3762,5001
Daniel Tillo,,SP,1.1773200000000004,-307.53421199999997,SP,3764,5002
Huascar Ynoa,LAA,SP,1.17724,-307.534292,SP,3765,5003
Yermain Ruiz,BOS,SP,1.1766400000000001,-307.53489199999996,SP,3766,5004
Chris Archer,,SP,1.1762000000000001,-307.535332,SP,3770,5005
Sabier Marte,NYY,SP,1.1755250000000002,-307.536007,SP,3771,5006
Daniel Mengden,,SP,1.1750399999999996,-307.53649199999995,SP,3772,5007
Chance Adams,,SP,1.17407,-307.537462,SP,3775,5008
Mason Albright,COL,SP,1.1730900000000002,-307.538442,SP,3776,5009
Rodolfo Sanchez,,SP,1.17202,-307.539512,SP,3779,5010
Pedro Fernandez,,SP,1.17022,-307.541312,SP,3781,5011
Yohander Méndez,,SP,1.1693600000000002,-307.542172,SP,3782,5012
Austin Hansen,,SP,1.1669999999999996,-307.544532,SP,3785,5013
Humberto Cruz,SDP,SP,1.1665200000000007,-307.545012,SP,3786,5014
Kenny Hernandez,,SP,1.16618,-307.545352,SP,3789,5015
Ty Weber,SFG,SP,1.1656599999999997,-307.545872,SP,3792,5016
Angel Reyes,,SP,1.1648500000000002,-307.546682,SP,3796,5017
Calvin Bickerstaff,BOS,SP,1.1642550000000003,-307.54727699999995,SP,3799,5018
Jose Montilla,,SP,1.16406,-307.54747199999997,SP,3800,5019
Grant Black,,SP,1.16298,-307.548552,SP,3805,5020
Frainger Aranguren,,SP,1.1611,-307.550432,SP,3811,5021
Conner Greene,,SP,1.1598950000000001,-307.55163699999997,SP,3814,5022
Jayden Dubanewicz,MIL,SP,1.1569349999999998,-307.554597,SP,3822,5023
Riley Davis,,SP,1.1521200000000003,-307.55941199999995,SP,3829,5024
Kannon Kemp,SDP,SP,1.1514950000000004,-307.56003699999997,SP,3831,5025
Christian MacLeod,MIN,SP,1.1509000000000007,-307.560632,SP,3832,5026
Drew Rucinski,,SP,1.15066,-307.56087199999996,SP,3834,5027
Leonardo Pestana,,SP,1.15015,-307.561382,SP,3836,5028
Joshua Quezada,MIL,SP,1.1498950000000008,-307.56163699999996,SP,3838,5029
Sean Sullivan,PIT,SP,1.1485,-307.56303199999996,SP,3843,5030
Jose Chacin,,SP,1.1461000000000003,-307.565432,SP,3847,5031
Luke Stofel,DET,SP,1.1459,-307.565632,SP,3848,5032
Jose Bravo,,SP,1.1451000000000002,-307.56643199999996,SP,3850,5033
Eric Pardinho,TOR,SP,1.1443999999999996,-307.56713199999996,SP,3852,5034
Jake Bockenstedt,CHW,SP,1.1427700000000003,-307.568762,SP,3855,5035
Aaron Leasher,,SP,1.1425799999999997,-307.56895199999997,SP,3856,5036
Felix Castro,ATH,SP,1.1424849999999998,-307.56904699999996,SP,3857,5037
Daniel Ponce de Leon,,SP,1.1419599999999999,-307.569572,SP,3860,5038
Frankeli Arias,CHW,SP,1.1410900000000006,-307.57044199999996,SP,3862,5039
Julio Mendez,MIA,SP,1.14091,-307.57062199999996,SP,3863,5040
Jake Garland,ATH,SP,1.1408200000000002,-307.57071199999996,SP,3864,5041
Nestor Lorant,CIN,SP,1.1401299999999996,-307.571402,SP,3868,5042
Thomas Schultz,WSN,SP,1.1399850000000002,-307.57154699999995,SP,3869,5043
Natanael Polanco,MIA,SP,1.1391200000000001,-307.572412,SP,3870,5044
Kevin Stevens,NYY,SP,1.136835,-307.57469699999996,SP,3872,5045
Connor Noland,CHC,SP,1.13632,-307.57521199999996,SP,3873,5046
Jake Curtis,CHW,SP,1.1347450000000001,-307.57678699999997,SP,3878,5047
Zack Godley,,SP,1.1346399999999999,-307.576892,SP,3879,5048
Jacob Meador,LAD,SP,1.1341349999999997,-307.57739699999996,SP,3881,5049
Carlos Garcia,,SP,1.1324750000000003,-307.579057,SP,3887,5050
Wilmer Font,,SP,1.1319000000000001,-307.579632,SP,3889,5051
Ariel Jurado,,SP,1.1307800000000006,-307.58075199999996,SP,3890,5052
Edgar Manzo,,SP,1.1295600000000003,-307.58197199999995,SP,3894,5053
Dustin Saenz,WSN,SP,1.1285449999999997,-307.582987,SP,3896,5054
Ronald Medrano,,SP,1.1285399999999999,-307.582992,SP,3897,5055
Evan Gates,PHI,SP,1.12818,-307.583352,SP,3898,5056
Frankie Scalzo Jr.,CHC,SP,1.1280200000000002,-307.583512,SP,3899,5057
Trenton Denholm,CLE,SP,1.1253600000000004,-307.586172,SP,3906,5058
Carlos Calderon,,SP,1.1248050000000007,-307.586727,SP,3908,5059
Justin Dunn,,SP,1.1223650000000005,-307.589167,SP,3915,5060
Cole Ayers,NYY,SP,1.121705,-307.58982699999996,SP,3916,5061
Ramsey David,HOU,SP,1.1200350000000001,-307.591497,SP,3922,5062
Alemao Hernandez,,SP,1.1188999999999996,-307.592632,SP,3925,5063
Nolan Kingham,,SP,1.1186399999999999,-307.59289199999995,SP,3926,5064
Davis Feldman,,SP,1.11792,-307.59361199999995,SP,3927,5065
Candido Cuevas,NYM,SP,1.1175100000000002,-307.594022,SP,3928,5066
Andy Fabian,BAL,SP,1.1162649999999998,-307.595267,SP,3930,5067
Jake Lee,,SP,1.11582,-307.595712,SP,3931,5068
Grant Kipp,CHC,SP,1.1156000000000006,-307.59593199999995,SP,3932,5069
Adam Scott,,SP,1.1147799999999999,-307.596752,SP,3934,5070
Chris McMahon,,SP,1.11004,-307.60149199999995,SP,3940,5071
Twine Palmer,BAL,SP,1.1084399999999999,-307.603092,SP,3943,5072
Mason Vinyard,NYY,SP,1.10798,-307.603552,SP,3945,5073
James Marvel,,SP,1.1066600000000002,-307.604872,SP,3950,5074
Adan Moreno,,SP,1.1057699999999997,-307.60576199999997,SP,3953,5075
Juan Amarante,PHI,SP,1.10546,-307.606072,SP,3955,5076
Jose Feliz,WSN,SP,1.1054049999999989,-307.60612699999996,SP,3956,5077
Kohei Arihara,,SP,1.10538,-307.60615199999995,SP,3957,5078
Trevor Kelley,,SP,1.1044600000000002,-307.60707199999996,SP,3960,5079
Josh Stephan,TEX,SP,1.1040600000000005,-307.607472,SP,3961,5080
Trey McLoughlin,HOU,SP,1.1040099999999997,-307.60752199999996,SP,3962,5081
Randy Labaut,,SP,1.10359,-307.607942,SP,3963,5082
Nathan Dettmer,ATH,SP,1.1027449999999994,-307.60878699999995,SP,3964,5083
Colton Eastman,,SP,1.0984000000000005,-307.61313199999995,SP,3975,5084
Angel Liranzo,PHI,SP,1.09831,-307.61322199999995,SP,3976,5085
Daniel Nunez,ARI,SP,1.0982199999999993,-307.61331199999995,SP,3978,5086
Jeff Bain,,SP,1.0960400000000003,-307.61549199999996,SP,3984,5087
Chris Jefferson,,SP,1.0956249999999996,-307.615907,SP,3985,5088
Ricardo Velez,TEX,SP,1.09469,-307.61684199999996,SP,3987,5089
Hunter Dollander,,SP,1.0937599999999998,-307.617772,SP,3988,5090
Michael Bienlien,,SP,1.0931100000000002,-307.61842199999995,SP,3989,5091
Cade Austin,,SP,1.092985,-307.618547,SP,3990,5092
David Landeta,HOU,SP,1.092495,-307.619037,SP,3991,5093
Matt Swarmer,,SP,1.0901200000000004,-307.62141199999996,SP,3998,5094
Austin Cox,ATL,SP,1.088075,-307.623457,SP,4001,5095
Max Gieg,LAA,SP,1.08704,-307.624492,SP,4005,5096
Eurys Martich,HOU,SP,1.0869299999999995,-307.624602,SP,4006,5097
Chase Plymell,CHW,SP,1.086655,-307.62487699999997,SP,4007,5098
Adrian Chaidez,,SP,1.08628,-307.625252,SP,4009,5099
Hoss Brewer,NYM,SP,1.0837849999999998,-307.627747,SP,4012,5100
Yereny Teus,TBR,SP,1.0837399999999997,-307.627792,SP,4013,5101
Michael Pineda,,SP,1.0771799999999998,-307.634352,SP,4022,5102
Jake Kalish,,SP,1.07708,-307.63445199999995,SP,4023,5103
Ethan Lindow,,SP,1.0754400000000004,-307.63609199999996,SP,4025,5104
Noah Bremer,,SP,1.0743799999999994,-307.63715199999996,SP,4027,5105
Chay Yeager,TOR,SP,1.0715199999999998,-307.64001199999996,SP,4030,5106
Jonathan Hernández,PHI,SP,1.0658099999999997,-307.645722,SP,4034,5107
Casey Steward,PHI,SP,1.0654799999999998,-307.646052,SP,4035,5108
Kevin Kopps,SDP,SP,1.06543,-307.646102,SP,4036,5109
Dylan Ray,ARI,SP,1.0651,-307.646432,SP,4038,5110
Brandon Johnson,KCR,SP,1.064675,-307.64685699999995,SP,4039,5111
Hayden Juenger,TOR,SP,1.0646550000000001,-307.64687699999996,SP,4040,5112
Mike Montgomery,,SP,1.0642600000000004,-307.647272,SP,4041,5113
Adrian Alcantara,,SP,1.0639800000000001,-307.64755199999996,SP,4042,5114
Geronimo Franzua,,SP,1.0615549999999998,-307.649977,SP,4049,5115
Austin Schulfer,PHI,SP,1.0612999999999997,-307.65023199999996,SP,4050,5116
Miguel Yajure,,SP,1.05866,-307.652872,SP,4054,5117
Christian Mejias,,SP,1.05844,-307.65309199999996,SP,4055,5118
Denyi Reyes,,SP,1.0564600000000002,-307.65507199999996,SP,4056,5119
Jonah Dipoto,,SP,1.05637,-307.65516199999996,SP,4057,5120
Carlos Marcano,DET,SP,1.0552750000000009,-307.656257,SP,4059,5121
Jack Young,CHW,SP,1.0539399999999999,-307.65759199999997,SP,4062,5122
Steven Brooks,BOS,SP,1.0536400000000001,-307.657892,SP,4063,5123
Juan Cazarez,SEA,SP,1.052895,-307.658637,SP,4066,5124
German Nunez,,SP,1.0521500000000001,-307.659382,SP,4067,5125
Frank Mozzicato,KCR,SP,1.050955,-307.660577,SP,4071,5126
Ross Dunn,MIN,SP,1.0508949999999992,-307.66063699999995,SP,4072,5127
Zander Mueth,PIT,SP,1.0498,-307.661732,SP,4076,5128
Nicolas Cruz,LAD,SP,1.0495150000000002,-307.662017,SP,4077,5129
Chandler Jozwiak,,SP,1.0490949999999997,-307.66243699999995,SP,4079,5130
Eccel Correa,BAL,SP,1.0483600000000004,-307.663172,SP,4082,5131
Stiven Cruz,MIL,SP,1.0481849999999997,-307.663347,SP,4083,5132
Andy Rodriguez,,SP,1.045505,-307.666027,SP,4087,5133
Hunter Gregory,TOR,SP,1.0453350000000001,-307.66619699999995,SP,4088,5134
Paul Wilson,DET,SP,1.0449650000000006,-307.666567,SP,4090,5135
Stefan Raeth,SEA,SP,1.0447600000000001,-307.666772,SP,4092,5136
Reidis Sena,BOS,SP,1.0439399999999999,-307.66759199999996,SP,4093,5137
Ryan Langford,,SP,1.04307,-307.668462,SP,4095,5138
Jakob Hall,MIN,SP,1.0429549999999999,-307.66857699999997,SP,4096,5139
Nick Neidert,,SP,1.04108,-307.67045199999995,SP,4099,5140
Cade Halemanu,,SP,1.03857,-307.672962,SP,4103,5141
Manuel Cachutt,,SP,1.0368799999999998,-307.674652,SP,4108,5142
Travis Kuhn,TOR,SP,1.036715,-307.67481699999996,SP,4109,5143
Matt Allan,,SP,1.0356899999999998,-307.675842,SP,4112,5144
Tanner Dodson,,SP,1.0355400000000001,-307.67599199999995,SP,4113,5145
Edwuin Bencomo,,SP,1.0351600000000003,-307.67637199999996,SP,4114,5146
Ronny Oliver,,SP,1.0323000000000004,-307.67923199999996,SP,4121,5147
Seth Nordlin,,SP,1.0303799999999999,-307.681152,SP,4125,5148
J.C. Flowers,,SP,1.02698,-307.684552,SP,4127,5149
Tony Dibrell,,SP,1.02542,-307.686112,SP,4132,5150
Valentin Linarez,,SP,1.02527,-307.686262,SP,4133,5151
Mike Minor,,SP,1.0242799999999999,-307.687252,SP,4134,5152
Joe Record,,SP,1.0233950000000003,-307.688137,SP,4138,5153
Dualvert Gutierrez,,SP,1.0229999999999992,-307.68853199999995,SP,4139,5154
Reibyn Corona,,SP,1.0218300000000002,-307.68970199999995,SP,4143,5155
Raúl Alcántara,,SP,1.0202000000000002,-307.691332,SP,4147,5156
Won-Jun Chang,,SP,1.0199599999999993,-307.69157199999995,SP,4149,5157
Trennor O'Donnell,BOS,SP,1.019625,-307.69190699999996,SP,4151,5158
Chad Donato,,SP,1.0168399999999997,-307.694692,SP,4159,5159
Alex Valverde,,SP,1.01594,-307.695592,SP,4162,5160
Leonardo Rondon,,SP,1.0153850000000002,-307.696147,SP,4163,5161
Manuel Osorio,CLE,SP,1.0151600000000003,-307.696372,SP,4164,5162
Tahnaj Thomas,,SP,1.0143800000000005,-307.69715199999996,SP,4167,5163
Noah Skirrow,,SP,1.0132450000000004,-307.698287,SP,4168,5164
Ruben Galindo,SDP,SP,1.0108400000000002,-307.700692,SP,4178,5165
Adam Wainwright,,SP,1.01036,-307.701172,SP,4180,5166
Sean Reynolds,,SP,1.0081700000000002,-307.70336199999997,SP,4183,5167
Seth Keller,,SP,1.007735,-307.70379699999995,SP,4185,5168
Jordan Jones,,SP,1.0076600000000004,-307.703872,SP,4186,5169
Jackson Smeltz,SDP,SP,1.0073400000000001,-307.704192,SP,4187,5170
Brandon Hughes,,SP,1.006115,-307.70541699999995,SP,4188,5171
A.J. Block,,SP,1.00492,-307.70661199999995,SP,4190,5172
Francisco Morao,BAL,SP,1.0048449999999993,-307.706687,SP,4191,5173
Kwang Hyun Kim,,SP,1.0047599999999994,-307.706772,SP,4192,5174
Konnor Ash,,SP,1.0043600000000001,-307.70717199999996,SP,4193,5175
Enmanuel Mejia,,SP,1.00354,-307.707992,SP,4195,5176
Starlyn Castillo,,SP,1.0033200000000002,-307.708212,SP,4196,5177
Dylan Bundy,,SP,1.0027400000000006,-307.70879199999996,SP,4197,5178
Blake Wolters,KCR,SP,1.0018150000000001,-307.70971699999996,SP,4200,5179
Koen Moreno,CHC,SP,1.0010949999999996,-307.71043699999996,SP,4201,5180
Matt Shoemaker,,SP,1.00074,-307.71079199999997,SP,4202,5181
Michael Perez,MIA,SP,1.000635,-307.710897,SP,4204,5182
Brendan White,,SP,1.0002300000000002,-307.711302,SP,4206,5183
Andrés Parra,BAL,SP,0.9997799999999998,-307.711752,SP,4213,5184
Marcos Tineo,ARI,SP,0.9991800000000001,-307.71235199999995,SP,4214,5185
John Swanda,,SP,0.9984000000000003,-307.713132,SP,4217,5186
Logan Britt,,SP,0.9982399999999997,-307.71329199999997,SP,4218,5187
Brooks Gosswein,,SP,0.9960199999999996,-307.715512,SP,4221,5188
Jake Walters,,SP,0.9946799999999999,-307.71685199999996,SP,4225,5189
Carter Rustad,BAL,SP,0.993475,-307.718057,SP,4228,5190
Hung-Leng Chang,PIT,SP,0.9922850000000001,-307.719247,SP,4229,5191
Kevin Vaupel,,SP,0.99213,-307.719402,SP,4231,5192
Gerelmi Maldonado,SFG,SP,0.9914700000000003,-307.720062,SP,4234,5193
Joe Gunkel,,SP,0.9911849999999998,-307.720347,SP,4235,5194
Kannon Handy,,SP,0.9896850000000001,-307.72184699999997,SP,4240,5195
Stu Flesland III,COL,SP,0.9886399999999995,-307.722892,SP,4242,5196
Cole Schoenwetter,CIN,SP,0.9836250000000002,-307.72790699999996,SP,4253,5197
Jeremy Gonzalez,CHW,SP,0.983545,-307.727987,SP,4254,5198
Ky Bush,CHW,SP,0.9832999999999998,-307.728232,SP,4256,5199
Sam Ryan,MIN,SP,0.9821000000000002,-307.729432,SP,4262,5200
Tyler Mattison,DET,SP,0.9820049999999999,-307.72952699999996,SP,4263,5201
Davis Sharpe,CLE,SP,0.98113,-307.73040199999997,SP,4265,5202
Jefry Yan,NYM,SP,0.9810749999999996,-307.730457,SP,4266,5203
Alejandro Torres,HOU,SP,0.98007,-307.73146199999996,SP,4270,5204
Victor Munoz,,SP,0.97942,-307.732112,SP,4272,5205
Keiverson Ramirez,STL,SP,0.9772799999999998,-307.73425199999997,SP,4276,5206
Edgar Escobar,,SP,0.97662,-307.73491199999995,SP,4279,5207
Riley Cooper,BAL,SP,0.9752649999999995,-307.736267,SP,4282,5208
Josh Hendrickson,,SP,0.9735800000000002,-307.73795199999995,SP,4285,5209
Alejandro Lugo,,SP,0.9732149999999997,-307.738317,SP,4286,5210
Aaron Haase,,SP,0.9720699999999999,-307.739462,SP,4289,5211
Jairo Solis,,SP,0.9720200000000001,-307.739512,SP,4290,5212
Dionys Rodriguez,,SP,0.9690350000000004,-307.74249699999996,SP,4296,5213
Tommy Sommer,,SP,0.96804,-307.743492,SP,4297,5214
Ryan Sublette,LAD,SP,0.9671999999999998,-307.744332,SP,4300,5215
Adisyn Coffey,CHW,SP,0.9654,-307.746132,SP,4305,5216
Raimon Gomez,BAL,SP,0.9646750000000002,-307.746857,SP,4307,5217
Kona Takahashi,,SP,0.9641999999999998,-307.747332,SP,4308,5218
Tyler Davis,,SP,0.96339,-307.748142,SP,4311,5219
Carlos A. Francisco,,SP,0.9626500000000001,-307.748882,SP,4315,5220
Glenn Albanese Jr.,,SP,0.9619650000000002,-307.74956699999996,SP,4317,5221
Jesus Rivero,,SP,0.9615200000000002,-307.75001199999997,SP,4319,5222
Brody Jessee,CIN,SP,0.9605600000000002,-307.750972,SP,4323,5223
Robbie Peto,,SP,0.9602000000000002,-307.751332,SP,4327,5224
Hyeon-Jong Yang,,SP,0.9598999999999993,-307.751632,SP,4330,5225
Brandon Neeck,PIT,SP,0.9589299999999996,-307.75260199999997,SP,4332,5226
Tyler Bradt,STL,SP,0.95855,-307.752982,SP,4333,5227
Hamlet Garcia,MIA,SP,0.9570000000000008,-307.754532,SP,4341,5228
Norge Vera,,SP,0.9565899999999999,-307.75494199999997,SP,4343,5229
Woo-Suk Go,DET,SP,0.9562200000000001,-307.755312,SP,4344,5230
Tyler Gough,LAD,SP,0.9561750000000002,-307.755357,SP,4345,5231
Stephen Jones,MIA,SP,0.955785,-307.755747,SP,4346,5232
Daniel Guerra,TOR,SP,0.9553400000000005,-307.756192,SP,4347,5233
Yorlin Calderon,,SP,0.9548350000000001,-307.756697,SP,4351,5234
Accimias Morales,LAD,SP,0.9547499999999999,-307.756782,SP,4352,5235
Josh Wolf,,SP,0.9525199999999999,-307.759012,SP,4359,5236
Odrisamer Despaigne,,SP,0.9512999999999994,-307.760232,SP,4362,5237
Caleb Wurster,,SP,0.9479950000000003,-307.763537,SP,4372,5238
Zack Brown,,SP,0.9476999999999997,-307.763832,SP,4373,5239
Tommy Parsons,,SP,0.9467999999999996,-307.764732,SP,4376,5240
Mike Ruff,,SP,0.9457800000000004,-307.76575199999996,SP,4380,5241
Tommy Milone,,SP,0.9456399999999997,-307.76589199999995,SP,4381,5242
Adilson Peralta,PHI,SP,0.9433699999999997,-307.76816199999996,SP,4388,5243
Drew Hutchison,,SP,0.9425200000000001,-307.769012,SP,4395,5244
Cy Sneed,,SP,0.9423200000000003,-307.769212,SP,4397,5245
Henry Williams,KCR,SP,0.9405999999999997,-307.77093199999996,SP,4401,5246
Chipper Menard,,SP,0.9395050000000004,-307.772027,SP,4403,5247
Keeler Morfe,BAL,SP,0.9380849999999998,-307.773447,SP,4408,5248
Samuel Fabian,,SP,0.9379000000000002,-307.77363199999996,SP,4409,5249
Gabriel Aguilera,,SP,0.9370900000000002,-307.77444199999996,SP,4412,5250
Ben Wereski,,SP,0.9357400000000002,-307.77579199999997,SP,4419,5251
Evan Lee,,SP,0.9339550000000001,-307.77757699999995,SP,4426,5252
Sam Stuhr,ATH,SP,0.9335799999999999,-307.77795199999997,SP,4427,5253
Shawn Semple,,SP,0.9320800000000004,-307.779452,SP,4430,5254
Brandon Barriera,TOR,SP,0.9319000000000001,-307.779632,SP,4431,5255
Aníbal Sánchez,,SP,0.9290999999999998,-307.782432,SP,4436,5256
Zack Showalter,STL,SP,0.9285399999999999,-307.782992,SP,4437,5257
Will Varmette,SDP,SP,0.9265949999999996,-307.78493699999996,SP,4438,5258
Victor Cabreja,PIT,SP,0.9253450000000001,-307.786187,SP,4442,5259
Deybi Salcedo,,SP,0.9242699999999999,-307.787262,SP,4444,5260
Bryce Tassin,,SP,0.9235899999999997,-307.787942,SP,4446,5261
Blake Goldsberry,,SP,0.9223450000000003,-307.78918699999997,SP,4447,5262
Nicholas Regalado,,SP,0.9219649999999999,-307.789567,SP,4448,5263
Cesar Lares,MIN,SP,0.9211749999999999,-307.790357,SP,4449,5264
Zach King,,SP,0.9207999999999998,-307.790732,SP,4450,5265
Danis Correa,,SP,0.9190350000000003,-307.79249699999997,SP,4456,5266
Leon Hunter Jr.,,SP,0.9181100000000001,-307.79342199999996,SP,4458,5267
Fernando Romero,,SP,0.9167400000000001,-307.794792,SP,4462,5268
Matt Eckelman,,SP,0.91652,-307.795012,SP,4463,5269
Beau Burrows,PIT,SP,0.9158750000000001,-307.79565699999995,SP,4465,5270
Bryan Garcia,,SP,0.9157400000000003,-307.79579199999995,SP,4466,5271
Luke Murphy,LAA,SP,0.9145599999999999,-307.796972,SP,4469,5272
Madison Bumgarner,,SP,0.9135599999999999,-307.79797199999996,SP,4471,5273
Jack Sinclair,WSN,SP,0.91347,-307.79806199999996,SP,4472,5274
Duncan Snider,,SP,0.9126399999999999,-307.79889199999997,SP,4475,5275
Austin Strickland,SFG,SP,0.9107299999999998,-307.800802,SP,4483,5276
Dalton Roach,,SP,0.9046250000000002,-307.80690699999997,SP,4488,5277
Dan Hammer,,SP,0.9025099999999998,-307.80902199999997,SP,4494,5278
Mitch Miller,,SP,0.901395,-307.810137,SP,4498,5279
Brayan Vergara,LAA,SP,0.898565,-307.81296699999996,SP,4504,5280
Grant Ford,,SP,0.8973349999999997,-307.814197,SP,4507,5281
Zack Lee,DET,SP,0.8969149999999999,-307.814617,SP,4511,5282
Williander Moreno,,SP,0.8964400000000005,-307.815092,SP,4513,5283
Jimmy Lambert,,SP,0.8957350000000002,-307.815797,SP,4515,5284
Masahiro Tanaka,,SP,0.89548,-307.81605199999996,SP,4516,5285
Connor Oliver,PIT,SP,0.8952600000000001,-307.81627199999997,SP,4517,5286
Enny Romero,,SP,0.8934600000000004,-307.818072,SP,4521,5287
Jose Luis Reyes,SDP,SP,0.8925949999999999,-307.818937,SP,4523,5288
Jason Doktorczyk,MIN,SP,0.8921499999999993,-307.81938199999996,SP,4525,5289
Clevari Tejada,PIT,SP,0.89056,-307.820972,SP,4526,5290
Cole Patten,,SP,0.8897300000000001,-307.821802,SP,4530,5291
Francisco Pérez,ATH,SP,0.8895800000000001,-307.82195199999995,SP,4531,5292
Aidan Layton,ATH,SP,0.8874899999999999,-307.82404199999996,SP,4538,5293
Bryce Hubbart,CIN,SP,0.8822650000000001,-307.82926699999996,SP,4548,5294
Tyler Baum,WSN,SP,0.8810450000000002,-307.830487,SP,4553,5295
Yongchan Lee,,SP,0.8788000000000002,-307.83273199999996,SP,4556,5296
Josh Green,,SP,0.8773750000000001,-307.834157,SP,4557,5297
Kamdyn Perry,TEX,SP,0.8760000000000001,-307.835532,SP,4559,5298
Chase Centala,MIA,SP,0.8749950000000002,-307.83653699999996,SP,4561,5299
Zach Murray,,SP,0.8707499999999999,-307.840782,SP,4567,5300
Trent Palmer,,SP,0.8687249999999994,-307.842807,SP,4570,5301
Kenyon Yovan,LAA,SP,0.8684850000000001,-307.84304699999996,SP,4571,5302
Sterling Sharp,,SP,0.8681000000000002,-307.84343199999995,SP,4572,5303
Alan Reyes,STL,SP,0.8665900000000003,-307.844942,SP,4575,5304
Julian Bosnic,PIT,SP,0.86493,-307.84660199999996,SP,4578,5305
Franyer Herrera,NYY,SP,0.8644900000000002,-307.847042,SP,4579,5306
Dillon Larsen,,SP,0.8629149999999998,-307.848617,SP,4583,5307
Luke Hayden,CIN,SP,0.8624,-307.849132,SP,4585,5308
Mason Hickman,,SP,0.8616949999999998,-307.849837,SP,4586,5309
Brent Honeywell,,SP,0.8615799999999999,-307.849952,SP,4588,5310
Michael Flynn,SDP,SP,0.8546999999999998,-307.856832,SP,4596,5311
Eduar Gonzalez,TOR,SP,0.8535000000000003,-307.858032,SP,4599,5312
Derek Casey,,SP,0.8498600000000001,-307.861672,SP,4603,5313
Alejandro Chiquillo,TEX,SP,0.8497649999999998,-307.861767,SP,4604,5314
Donny Troconis,ATH,SP,0.8454950000000007,-307.86603699999995,SP,4613,5315
Norwith Gudiño,,SP,0.8419000000000002,-307.86963199999997,SP,4622,5316
Kyle Ayers,ARI,SP,0.838695,-307.872837,SP,4630,5317
Yeriel Santos,HOU,SP,0.8375899999999996,-307.873942,SP,4634,5318
Anderson Bido,,SP,0.8374149999999996,-307.87411699999996,SP,4635,5319
Dylan Lesko,TBR,SP,0.8371300000000007,-307.874402,SP,4637,5320
Jake Haberer,,SP,0.8323150000000001,-307.879217,SP,4645,5321
Micah Dallas,ATH,SP,0.8320349999999999,-307.87949699999996,SP,4647,5322
Dylan Questad,MIN,SP,0.8295399999999995,-307.88199199999997,SP,4654,5323
Jacob Zibin,CLE,SP,0.8274149999999998,-307.884117,SP,4659,5324
Melvin Pineda,SFG,SP,0.8269700000000001,-307.88456199999996,SP,4661,5325
Travis Sthele,WSN,SP,0.825045,-307.886487,SP,4666,5326
Griffin Kilander,BOS,SP,0.8248899999999995,-307.886642,SP,4668,5327
Aidan Anderson,TEX,SP,0.8243149999999997,-307.88721699999996,SP,4670,5328
Riskiel Tineo,MIA,SP,0.82279,-307.888742,SP,4672,5329
Zhiorman Imbriano,,SP,0.8213750000000002,-307.890157,SP,4675,5330
Alvin Nova,ATH,SP,0.8191849999999994,-307.892347,SP,4678,5331
Marcos Herrera,COL,SP,0.8158450000000003,-307.89568699999995,SP,4684,5332
Grayson Hitt,ARI,SP,0.8155700000000002,-307.895962,SP,4686,5333
Darrel Lunar,WSN,SP,0.8155450000000002,-307.895987,SP,4687,5334
Miguel Gomez,,SP,0.8117500000000003,-307.89978199999996,SP,4691,5335
Casey Cobb,,SP,0.8110800000000002,-307.900452,SP,4692,5336
Bo Bonds,TOR,SP,0.8088250000000001,-307.90270699999996,SP,4703,5337
Omar Victorino,NYM,SP,0.807455,-307.904077,SP,4706,5338
Kyle DeGroat,KCR,SP,0.8056999999999999,-307.905832,SP,4709,5339
Ian McKinney,,SP,0.8020600000000002,-307.909472,SP,4711,5340
Ray Gaither,,SP,0.8011349999999998,-307.910397,SP,4713,5341
Zack Tukis,PHI,SP,0.7995399999999997,-307.911992,SP,4719,5342
Chris Wright,,SP,0.7984200000000002,-307.91311199999996,SP,4721,5343
Wesley Moore,PHI,SP,0.79462,-307.91691199999997,SP,4732,5344
Alexander Fuentes,SFG,SP,0.7889649999999999,-307.92256699999996,SP,4744,5345
Kohl Simas,,SP,0.7878599999999999,-307.92367199999995,SP,4747,5346
Hunter Parks,CIN,SP,0.7871199999999999,-307.92441199999996,SP,4749,5347
Fineas Del Bonta-Smith,,SP,0.7855100000000003,-307.926022,SP,4750,5348
Levi Sterling,PIT,SP,0.7828899999999998,-307.92864199999997,SP,4754,5349
Wander Arias,,SP,0.7810199999999999,-307.93051199999996,SP,4756,5350
Merritt Beeker,WSN,SP,0.777015,-307.93451699999997,SP,4766,5351
Devin Futrell,BOS,SP,0.7759199999999997,-307.935612,SP,4768,5352
Iván Nova,COL,SP,0.7720799999999998,-307.93945199999996,SP,4775,5353
Jerad Eickhoff,,SP,0.77198,-307.939552,SP,4776,5354
Jose E. Martinez,,SP,0.7707799999999999,-307.940752,SP,4779,5355
Andrew Quezada,,SP,0.7699699999999998,-307.941562,SP,4780,5356
Blake Hammond,ATH,SP,0.7695250000000001,-307.942007,SP,4783,5357
Jake Lyons,,SP,0.7684800000000003,-307.94305199999997,SP,4785,5358
Luis Gonzalez,PHI,SP,0.7665200000000001,-307.94501199999996,SP,4786,5359
Henson Leal,KCR,SP,0.7660749999999997,-307.945457,SP,4787,5360
Teddy Stankiewicz,,SP,0.7630800000000003,-307.948452,SP,4794,5361
Jose Martinez,NYY,SP,0.7617099999999999,-307.949822,SP,4796,5362
Eiker Huizi,WSN,SP,0.7600299999999998,-307.951502,SP,4800,5363
Austin Briggs,,SP,0.75868,-307.95285199999995,SP,4801,5364
Cleiber Maldonado,MIN,SP,0.7578649999999999,-307.953667,SP,4803,5365
Leonardo Taveras,,SP,0.7572450000000002,-307.95428699999997,SP,4804,5366
Riley Bauman,,SP,0.7570300000000002,-307.954502,SP,4805,5367
Brandon Beckel,PHI,SP,0.7567950000000001,-307.95473699999997,SP,4806,5368
Steve Hajjar,,SP,0.7557449999999999,-307.955787,SP,4808,5369
Adrian Herrera,CIN,SP,0.7529549999999998,-307.958577,SP,4814,5370
Maximo Martinez,CHW,SP,0.7524150000000003,-307.959117,SP,4817,5371
Kelvin Rosario,ARI,SP,0.7520649999999998,-307.95946699999996,SP,4818,5372
Cole Paplham,SDP,SP,0.7520450000000002,-307.95948699999997,SP,4819,5373
Chandler Welch,MIL,SP,0.7512650000000007,-307.960267,SP,4823,5374
Isaac Ayon,LAD,SP,0.750195,-307.96133699999996,SP,4824,5375
Humberto Mejía,,SP,0.7488200000000003,-307.96271199999995,SP,4830,5376
Juan Zapata,,SP,0.7466099999999991,-307.964922,SP,4834,5377
Deyni Olivero,,SP,0.7448199999999999,-307.966712,SP,4837,5378
Maxwel Hernandez,,SP,0.7440800000000001,-307.967452,SP,4839,5379
Jordan DiValerio,,SP,0.7409000000000001,-307.97063199999997,SP,4850,5380
Yerry Landinez,SDP,SP,0.738005,-307.973527,SP,4857,5381
Michael Gomez,,SP,0.7363249999999998,-307.97520699999995,SP,4858,5382
Eli Saul,ARI,SP,0.7304300000000002,-307.98110199999996,SP,4867,5383
Robinson Hernandez,,SP,0.7301399999999996,-307.98139199999997,SP,4869,5384
Angel Roman,,SP,0.7277550000000004,-307.983777,SP,4873,5385
Chase Antle,,SP,0.7276599999999995,-307.98387199999996,SP,4874,5386
Jose Dicochea,ATH,SP,0.726915,-307.98461699999996,SP,4876,5387
Brett Standlee,,SP,0.7254600000000004,-307.986072,SP,4879,5388
Deylen Miley,,SP,0.7227199999999999,-307.988812,SP,4883,5389
Colby Holcombe,TOR,SP,0.7226149999999999,-307.98891699999996,SP,4885,5390
Brody Rodning,,SP,0.7202999999999998,-307.99123199999997,SP,4889,5391
Kade Mechals,,SP,0.7164200000000001,-307.99511199999995,SP,4897,5392
Victor Zarraga,CHC,SP,0.7163100000000009,-307.99522199999996,SP,4898,5393
Dannel Diaz,,SP,0.7159299999999997,-307.99560199999996,SP,4901,5394
Jesus Lopez,,SP,0.7156850000000001,-307.99584699999997,SP,4902,5395
Zachary Redner,LAA,SP,0.70923,-308.002302,SP,4914,5396
Cam Wynne,,SP,0.7084599999999999,-308.003072,SP,4915,5397
Jose Ramirez,,SP,0.7079599999999996,-308.00357199999996,SP,4918,5398
Kole Ramage,,SP,0.7061600000000001,-308.00537199999997,SP,4923,5399
Ernesto Mercedes,NYM,SP,0.7010850000000002,-308.010447,SP,4929,5400
Steven Fulgencio,,SP,0.700955,-308.01057699999996,SP,4931,5401
Cayman Goode,ATL,SP,0.6999999999999993,-308.011532,SP,4934,5402
Evelio Hernandez,CLE,SP,0.6986899999999996,-308.012842,SP,4940,5403
Tyler Burch,NYM,SP,0.6980599999999998,-308.013472,SP,4942,5404
Luis Reyes,,SP,0.6971250000000001,-308.01440699999995,SP,4944,5405
Raimy Rodriguez,HOU,SP,0.6946799999999995,-308.016852,SP,4949,5406
Reid Johnston,CLE,SP,0.6940399999999999,-308.017492,SP,4951,5407
Cameron Wagoner,MIL,SP,0.6889799999999998,-308.02255199999996,SP,4966,5408
Reese Sharp,,SP,0.68428,-308.027252,SP,4973,5409
Ben Harris,,SP,0.6836849999999999,-308.02784699999995,SP,4974,5410
Luke Bell,CHW,SP,0.6807350000000001,-308.03079699999995,SP,4983,5411
Manuel Veloz,,SP,0.676415,-308.03511699999996,SP,4989,5412
Jonathan Petit,,SP,0.6756749999999994,-308.03585699999996,SP,4991,5413
C.J. Mayhue,,SP,0.6740999999999997,-308.03743199999997,SP,4994,5414
Luimy Munoz,TEX,SP,0.6717700000000002,-308.039762,SP,4998,5415
Joseilyn Gonzalez,LAD,SP,0.6689149999999997,-308.04261699999995,SP,5002,5416
Cody Morse,LAD,SP,0.66883,-308.04270199999996,SP,5003,5417
Cody Tucker,,SP,0.66605,-308.045482,SP,5012,5418
Ronaldys Jimenez,PIT,SP,0.664545,-308.046987,SP,5014,5419
Ayendy Bravo,MIL,SP,0.663625,-308.04790699999995,SP,5015,5420
Brad Pacheco,PHI,SP,0.6628549999999995,-308.048677,SP,5016,5421
Ben Hansen,BOS,SP,0.6595199999999999,-308.052012,SP,5025,5422
Tanner Smith,BAL,SP,0.6569499999999998,-308.054582,SP,5029,5423
Raymon Rosario,PHI,SP,0.6568900000000002,-308.054642,SP,5030,5424
Chase Allsup,BAL,SP,0.6566400000000002,-308.054892,SP,5031,5425
David Tiburcio,,SP,0.6549649999999996,-308.056567,SP,5035,5426
Eddy Yean,WSN,SP,0.6511049999999998,-308.060427,SP,5042,5427
Christian Fernandez,,SP,0.6496400000000001,-308.061892,SP,5046,5428
Ryan Degges,PHI,SP,0.6471700000000002,-308.06436199999996,SP,5048,5429
Jadon Bercovich,TBR,SP,0.6469800000000001,-308.064552,SP,5049,5430
Camron Hill,PHI,SP,0.6420599999999996,-308.06947199999996,SP,5058,5431
Denny Lima,CHW,SP,0.641685,-308.069847,SP,5059,5432
William Cuevas,,SP,0.6413800000000003,-308.07015199999995,SP,5063,5433
Camilo Sanchez,WSN,SP,0.6408350000000003,-308.070697,SP,5065,5434
Quinton Martinez,,SP,0.6402300000000002,-308.071302,SP,5067,5435
Erik Rivera,BOS,SP,0.6393949999999994,-308.072137,SP,5070,5436
Jose Salvador,,SP,0.6381399999999999,-308.07339199999996,SP,5073,5437
Winyer Chourio,SDP,SP,0.6351450000000001,-308.07638699999995,SP,5081,5438
Emmanuel Reyes,KCR,SP,0.6348750000000002,-308.07665699999995,SP,5083,5439
Jose Gutierrez,KCR,SP,0.6319800000000005,-308.079552,SP,5089,5440
Eric Adler,CHW,SP,0.6316799999999996,-308.07985199999996,SP,5092,5441
Lorenzo Encarnacion,ARI,SP,0.6285900000000001,-308.082942,SP,5098,5442
Juan Soto,HOU,SP,0.6285649999999999,-308.082967,SP,5099,5443
Pedro Santos,,SP,0.62022,-308.09131199999996,SP,5114,5444
Hunter Riggins,,SP,0.6201400000000004,-308.091392,SP,5115,5445
Orlando Rodriguez,,SP,0.6196800000000002,-308.09185199999996,SP,5117,5446
Jormy Nivar,TEX,SP,0.6193099999999996,-308.092222,SP,5118,5447
Sam Jacobsak,,SP,0.61512,-308.096412,SP,5127,5448
Zac Addkison,,SP,0.6146800000000001,-308.09685199999996,SP,5128,5449
Rolando Gutierrez,,SP,0.6102899999999998,-308.10124199999996,SP,5134,5450
Moises Brito,,SP,0.60455,-308.10698199999996,SP,5142,5451
Erigaldi Perez,CLE,SP,0.6041200000000003,-308.10741199999995,SP,5143,5452
Trey Dillard,,SP,0.6040450000000002,-308.107487,SP,5144,5453
Jholbran Herder,LAD,SP,0.6015300000000007,-308.11000199999995,SP,5148,5454
Grif Hughes,,SP,0.6000000000000005,-308.11153199999995,SP,5153,5455
Ben Braymer,,SP,0.5991599999999998,-308.112372,SP,5163,5456
Jake Schrand,,SP,0.5978,-308.11373199999997,SP,5169,5457
Dylan Burns,,SP,0.5923399999999999,-308.119192,SP,5181,5458
Koyo Aoyagi,,SP,0.5903500000000002,-308.121182,SP,5184,5459
Freddy Pacheco,,SP,0.5902750000000002,-308.12125699999996,SP,5185,5460
Josdanner Suarez,ARI,SP,0.5865849999999998,-308.12494699999996,SP,5190,5461
Jonny Cuevas,TBR,SP,0.5860149999999998,-308.125517,SP,5191,5462
Peyton Glavine,,SP,0.5822099999999999,-308.129322,SP,5196,5463
Brayan Restituyo,ATH,SP,0.5816950000000001,-308.12983699999995,SP,5198,5464
Cullen Kafka,,SP,0.5811399999999999,-308.130392,SP,5200,5465
Andrew Morones,KCR,SP,0.5678900000000001,-308.143642,SP,5220,5466
Richard Fernandez,ATH,SP,0.56735,-308.144182,SP,5222,5467
L.P. Langevin,KCR,SP,0.5656300000000001,-308.145902,SP,5224,5468
Harlin Naut,BAL,SP,0.5627849999999996,-308.14874699999996,SP,5227,5469
In-beom Kim,,SP,0.5600399999999999,-308.15149199999996,SP,5236,5470
Biembenido  Brito,,SP,0.5599850000000004,-308.151547,SP,5238,5471
Pedro Marquez,,SP,0.5595399999999997,-308.15199199999995,SP,5239,5472
Jorge Geraldo,HOU,SP,0.5581699999999996,-308.15336199999996,SP,5240,5473
Alfredo Romero,CHC,SP,0.5579799999999999,-308.153552,SP,5241,5474
Aneudis Mejia,TEX,SP,0.5572199999999994,-308.154312,SP,5243,5475
Omar Gonzalez,NYY,SP,0.5572000000000001,-308.15433199999995,SP,5244,5476
Jacob Cravey,BAL,SP,0.5534249999999993,-308.158107,SP,5252,5477
Luis Arestigueta,ATL,SP,0.5519800000000006,-308.15955199999996,SP,5253,5478
Alex Vallecillo,,SP,0.5492149999999996,-308.162317,SP,5262,5479
Luis De La Rosa,,SP,0.5476199999999998,-308.163912,SP,5264,5480
Brett Banks,NYM,SP,0.5437399999999999,-308.16779199999996,SP,5273,5481
Jhon Medina,COL,SP,0.5436750000000005,-308.16785699999997,SP,5275,5482
William Privette,TEX,SP,0.5399099999999999,-308.17162199999996,SP,5281,5483
Orlando Gonzalez,PHI,SP,0.53942,-308.17211199999997,SP,5283,5484
Gabriel Cotto,,SP,0.5371000000000001,-308.17443199999997,SP,5286,5485
Ovis Portes,CIN,SP,0.5369349999999999,-308.17459699999995,SP,5288,5486
Kumar Nambiar,,SP,0.5326,-308.178932,SP,5296,5487
Logan Samuels,ATL,SP,0.53078,-308.180752,SP,5300,5488
Fisher Jameson,COL,SP,0.5245850000000005,-308.186947,SP,5309,5489
Pitterson Rosa,PIT,SP,0.5238549999999996,-308.18767699999995,SP,5311,5490
Breck Eichelberger,,SP,0.5234599999999998,-308.188072,SP,5312,5491
Carlos Lomeli,,SP,0.5184599999999999,-308.193072,SP,5325,5492
Angel Bolivar,,SP,0.5179699999999998,-308.193562,SP,5326,5493
Jorge Garcia,,SP,0.5166799999999996,-308.19485199999997,SP,5329,5494
Dash Albus,KCR,SP,0.5165499999999996,-308.194982,SP,5330,5495
Quinton Low,MIL,SP,0.5148999999999997,-308.19663199999997,SP,5331,5496
Denison Sanchez,BOS,SP,0.5086100000000005,-308.202922,SP,5336,5497
Bryan Caceres,,SP,0.5053599999999995,-308.206172,SP,5341,5498
Adonys Perez,ARI,SP,0.5037349999999998,-308.20779699999997,SP,5344,5499
Nolan Martinez,,SP,0.4966400000000002,-308.21489199999996,SP,5362,5500
Luis Jerez,,SP,0.49169000000000007,-308.21984199999997,SP,5365,5501
Juan Martinez,KCR,SP,0.4907049999999996,-308.220827,SP,5371,5502
Braunny Munoz,,SP,0.48774000000000034,-308.223792,SP,5373,5503
Luis Maracara,SDP,SP,0.4858299999999993,-308.22570199999996,SP,5375,5504
Rordy Mejia,SDP,SP,0.4856399999999997,-308.225892,SP,5376,5505
Matt Walker,,SP,0.4851599999999999,-308.22637199999997,SP,5378,5506
Gabriel Jackson,,SP,0.48234500000000013,-308.22918699999997,SP,5382,5507
Gabriel Rodriguez,CHW,SP,0.48219999999999985,-308.229332,SP,5383,5508
Cole Kirschsieper,,SP,0.4781399999999998,-308.233392,SP,5389,5509
Yoelvin Chirino,BOS,SP,0.4771149999999996,-308.23441699999995,SP,5391,5510
Luis Barroso,,SP,0.4744799999999997,-308.237052,SP,5397,5511
Mason Pelio,CIN,SP,0.47345999999999977,-308.238072,SP,5400,5512
Nelvis Ochoa,,SP,0.47024500000000014,-308.241287,SP,5409,5513
Cleiverth Perez,,SP,0.46406000000000014,-308.24747199999996,SP,5419,5514
Cesar Rojas,WSN,SP,0.46102500000000013,-308.25050699999997,SP,5424,5515
Rob Hensey,,SP,0.4558000000000002,-308.25573199999997,SP,5433,5516
Caswell Smith,ARI,SP,0.455545,-308.255987,SP,5434,5517
Mason McGwire,CHC,SP,0.4549300000000004,-308.256602,SP,5437,5518
Danny Flatt,NYY,SP,0.45393999999999995,-308.257592,SP,5439,5519
Moises Meza,COL,SP,0.4533900000000001,-308.25814199999996,SP,5441,5520
Jairon Digon,ARI,SP,0.45033000000000073,-308.26120199999997,SP,5446,5521
Bryce Alewine,DET,SP,0.4499999999999993,-308.261532,SP,5449,5522
Brayan Palencia,SFG,SP,0.4479900000000002,-308.263542,SP,5453,5523
Conner Whittaker,CLE,SP,0.4441550000000005,-308.26737699999995,SP,5457,5524
Adolfo Ramirez,,SP,0.44379999999999986,-308.26773199999997,SP,5459,5525
Cristian Nunez,,SP,0.4426,-308.26893199999995,SP,5461,5526
Case Williams,COL,SP,0.44157999999999975,-308.269952,SP,5464,5527
Elvis Soto,,SP,0.4412600000000003,-308.270272,SP,5465,5528
Logan Lyle,,SP,0.4399600000000002,-308.271572,SP,5467,5529
Paul Chacon,ATH,SP,0.43946500000000016,-308.272067,SP,5469,5530
Montana Semmel,,SP,0.43870000000000026,-308.272832,SP,5471,5531
Vitico Valdez,ARI,SP,0.43475499999999995,-308.276777,SP,5476,5532
Jesus Lafalaise,TEX,SP,0.4309100000000004,-308.280622,SP,5484,5533
Dawel Serda,,SP,0.42832499999999984,-308.283207,SP,5494,5534
Alex Ayala Jr.,,SP,0.42447999999999986,-308.28705199999996,SP,5504,5535
Gabriel Colmenarez,MIL,SP,0.4240749999999998,-308.28745699999996,SP,5505,5536
Luis Carrasco,ATH,SP,0.42407499999999976,-308.28745699999996,SP,5506,5537
Jaime Melendez,,SP,0.4237099999999997,-308.287822,SP,5507,5538
Tyler Wehrle,,SP,0.4236699999999996,-308.28786199999996,SP,5508,5539
Angel Anazco,TEX,SP,0.4165700000000002,-308.294962,SP,5520,5540
Luifer Romero,,SP,0.415405,-308.29612699999996,SP,5525,5541
Will Frisch,,SP,0.41400499999999996,-308.297527,SP,5530,5542
Donye Evans,DET,SP,0.4068249999999999,-308.30470699999995,SP,5548,5543
Carlos Guarate,,SP,0.4025600000000004,-308.308972,SP,5558,5544
Esmerlin Vinicio,SFG,SP,0.40015999999999985,-308.31137199999995,SP,5562,5545
Enrique Coronel,,SP,0.3985000000000002,-308.31303199999996,SP,5566,5546
Leury Tejada,,SP,0.3888799999999998,-308.322652,SP,5576,5547
Tanner Hall,MIN,SP,0.38823499999999994,-308.32329699999997,SP,5577,5548
Hunter Kublick,STL,SP,0.38678999999999963,-308.32474199999996,SP,5582,5549
Eliander Alcalde,TOR,SP,0.38009500000000024,-308.331437,SP,5596,5550
Bryan Mena,PIT,SP,0.373305,-308.33822699999996,SP,5613,5551
Geovanny Vasquez,CHC,SP,0.36863500000000005,-308.342897,SP,5627,5552
Juan Henriquez,,SP,0.3619700000000001,-308.349562,SP,5652,5553
Kelvin Nunez,,SP,0.3548000000000001,-308.35673199999997,SP,5674,5554
Patrick Pridgen,,SP,0.35016000000000014,-308.36137199999996,SP,5686,5555
Miguel Toscano,TBR,SP,0.34980999999999984,-308.361722,SP,5689,5556
Randy Berigüete,,SP,0.3470949999999998,-308.36443699999995,SP,5699,5557
Angel Camacho,PIT,SP,0.33711000000000024,-308.374422,SP,5731,5558
Brock Jones,,SP,0.3318599999999999,-308.37967199999997,SP,5753,5559
Justin Militello,STL,SP,0.3286200000000006,-308.382912,SP,5763,5560
Edgar Colon,CIN,SP,0.3239399999999999,-308.387592,SP,5776,5561
Harold Melenge,,SP,0.3215900000000002,-308.38994199999996,SP,5782,5562
Seon Gi Kim,,SP,0.31948000000000043,-308.392052,SP,5797,5563
Nomar Medina,,SP,0.3176,-308.39393199999995,SP,5805,5564
Mack Anglin,KCR,SP,0.3153999999999998,-308.39613199999997,SP,5817,5565
Moises Morales,TEX,SP,0.314285,-308.397247,SP,5821,5566
Wilmer Blanco,PHI,SP,0.3132649999999997,-308.398267,SP,5826,5567
Wilkin Paredes,ARI,SP,0.31261500000000086,-308.398917,SP,5827,5568
Yoscar Pimentel,,SP,0.30760000000000004,-308.403932,SP,5841,5569
Wilton Castillo,,SP,0.30704,-308.404492,SP,5842,5570
Jonawel Valdez,PIT,SP,0.3059349999999994,-308.405597,SP,5850,5571
Melvin Rodriguez,MIN,SP,0.2968100000000002,-308.414722,SP,5875,5572
Edgardo Ibarra,,SP,0.29419999999999996,-308.417332,SP,5888,5573
Jeury Espinal,ARI,SP,0.29268499999999986,-308.41884699999997,SP,5900,5574
Jayden Voelker,TBR,SP,0.29155499999999945,-308.41997699999996,SP,5904,5575
Alistair Tanner,DET,SP,0.2836450000000003,-308.427887,SP,5924,5576
Kendal Meza,SEA,SP,0.28314000000000006,-308.428392,SP,5925,5577
Anthony Crespo,NYM,SP,0.2819849999999999,-308.42954699999996,SP,5928,5578
Yovannki Pascual,,SP,0.27893999999999974,-308.432592,SP,5943,5579
Brandon Dufault,LAD,SP,0.2780950000000003,-308.43343699999997,SP,5946,5580
Cristofher Carrasco,,SP,0.27766999999999986,-308.433862,SP,5947,5581
Yordan Nodal,,SP,0.27584000000000003,-308.43569199999996,SP,5951,5582
Javier Atencio,,SP,0.2713800000000003,-308.44015199999996,SP,5980,5583
Dheygler Gimenez,,SP,0.2680999999999998,-308.443432,SP,5989,5584
Juan Pinto,SEA,SP,0.26379999999999987,-308.447732,SP,6005,5585
Alberto Pacheco,COL,SP,0.26337999999999934,-308.448152,SP,6007,5586
Jhonny Felix,,SP,0.25794000000000006,-308.45359199999996,SP,6030,5587
Raúl Rangel,,SP,0.25374000000000024,-308.457792,SP,6051,5588
Nicolo Pinazzi,LAA,SP,0.2502799999999997,-308.461252,SP,6062,5589
Kikito Severino,,SP,0.24972000000000028,-308.46181199999995,SP,6064,5590
Mauricio Veliz,,SP,0.24796999999999964,-308.46356199999997,SP,6077,5591
Luis Cohen,BOS,SP,0.24280500000000016,-308.468727,SP,6092,5592
Chandler Arnold,,SP,0.2383599999999999,-308.473172,SP,6107,5593
Sadiel Baro,,SP,0.23356999999999994,-308.477962,SP,6130,5594
Baldemix Cabrera,,SP,0.23347499999999993,-308.478057,SP,6132,5595
Blake Dickerson,DET,SP,0.23000000000000043,-308.48153199999996,SP,6147,5596
Pedro Reyes,,SP,0.22773499999999947,-308.483797,SP,6158,5597
Wyatt Wendell,,SP,0.22688499999999961,-308.484647,SP,6162,5598
Irwin Ramirez,PIT,SP,0.22062500000000018,-308.490907,SP,6181,5599
Christopher Vasquez,,SP,0.21976000000000012,-308.49177199999997,SP,6184,5600
Graham Osman,CIN,SP,0.21666000000000019,-308.494872,SP,6195,5601
Develson Aria,,SP,0.20937999999999996,-308.50215199999997,SP,6223,5602
Jorge Herrera,,SP,0.2088800000000002,-308.50265199999996,SP,6224,5603
Ricardo Brizuela,CHW,SP,0.20644500000000007,-308.505087,SP,6233,5604
Joneiker Arellano,,SP,0.19984500000000005,-308.511687,SP,6265,5605
Jhonny Jimenez,LAD,SP,0.18892999999999988,-308.52260199999995,SP,6333,5606
Miguel Cordero,MIN,SP,0.18047000000000027,-308.53106199999996,SP,6392,5607
Harol Arias,BAL,SP,0.1786999999999992,-308.532832,SP,6406,5608
Edwin Cervantes,CIN,SP,0.17242500000000022,-308.539107,SP,6456,5609
Gabe Emmett,,SP,0.165545,-308.54598699999997,SP,6498,5610
Elier Morillo,MIA,SP,0.1570599999999999,-308.554472,SP,6568,5611
Ruben Menes,STL,SP,0.15666500000000028,-308.554867,SP,6577,5612
Tomas Cleto,,SP,0.15522000000000014,-308.556312,SP,6596,5613
Wander Ventura,,SP,0.15445999999999988,-308.557072,SP,6602,5614
Miguel Flores,CLE,SP,0.1512900000000003,-308.56024199999996,SP,6626,5615
Dylan Wilson,SEA,SP,0.1512450000000003,-308.56028699999996,SP,6627,5616
Joey Gartrell,BOS,SP,0.14425499999999972,-308.567277,SP,6702,5617
Daury Zapata,,SP,0.13053499999999993,-308.58099699999997,SP,6865,5618
Dariel Polanco,SDP,SP,0.12957499999999927,-308.581957,SP,6881,5619
Bladimir Pichardo,PIT,SP,0.12762000000000012,-308.583912,SP,6909,5620
Luigi Hernandez,,SP,0.12576499999999952,-308.585767,SP,6933,5621
Hunter Hollan,CIN,SP,0.12342000000000009,-308.58811199999997,SP,6977,5622
Felipe De Los Santos,,SP,0.11650500000000025,-308.59502699999996,SP,7084,5623
Gabriel Agostini,WSN,SP,0.11165500000000012,-308.599877,SP,7151,5624
Jeison Calvo,ARI,SP,0.11093500000000009,-308.600597,SP,7161,5625
Juan Cota,MIN,SP,0.1086000000000001,-308.60293199999995,SP,7201,5626
Carlos Hinestroza,,SP,0.09554499999999982,-308.61598699999996,SP,7396,5627
Naimer Rosario,ARI,SP,0.09357999999999997,-308.617952,SP,7425,5628
Elvis Reyes,,SP,0.09134500000000012,-308.620187,SP,7461,5629
Manuel Olivares,COL,SP,0.08717499999999988,-308.624357,SP,7526,5630
Yulian Quintana,PIT,SP,0.08589499999999961,-308.625637,SP,7547,5631
Osiris Calvo,NYM,SP,0.08045999999999992,-308.63107199999996,SP,7646,5632
Anthony Astudillo,TEX,SP,0.07716000000000015,-308.634372,SP,7691,5633
Diego Dugarte,,SP,0.07387500000000047,-308.637657,SP,7747,5634
Kadon Morton,,SP,0.0649999999999995,-308.646532,SP,7861,5635
Francis Marte,ATH,SP,0.06499500000000023,-308.64653699999997,SP,7862,5636
Angel Rivero,TOR,SP,0.05696000000000018,-308.654572,SP,7978,5637
Merlin Bido,BOS,SP,0.054650000000000365,-308.656882,SP,8010,5638
Juan Reyes,WSN,SP,0.04468000000000019,-308.66685199999995,SP,8152,5639
Jose Paulino,MIA,SP,0.039780000000000065,-308.67175199999997,SP,8209,5640
Jeronimo Palmeros,SDP,SP,0.031059999999999727,-308.68047199999995,SP,8321,5641
Jose Regalado,PIT,SP,0.030595000000000233,-308.680937,SP,8327,5642
Anthony Mena,NYY,SP,0.02911999999999984,-308.682412,SP,8347,5643
Brayan Narvaez,SFG,SP,0.028640000000000138,-308.682892,SP,8353,5644
Carlos Rodriguez,DET,SP,0.01668,-308.69485199999997,SP,8488,5645
Randry De Leon,SFG,SP,0.012940000000000257,-308.69859199999996,SP,8529,5646
Ruben Castillo,,SP,0.008350000000000413,-308.70318199999997,SP,8584,5647
Moises Castillo,CIN,SP,0.006820000000000048,-308.704712,SP,8595,5648
Gilberto Lopez,TEX,SP,0.006159999999999943,-308.70537199999995,SP,8604,5649
Stijn Van Der Schaaf,,SP,0.003329999999999944,-308.70820199999997,SP,8628,5650
Miguel Mora,,SP,0.0005800000000002747,-308.71095199999996,SP,8656,5651
Eris Albino,NYM,SP,-9.999999999621423e-06,-308.71154199999995,SP,8775,5652
Khristian Guevara,CIN,SP,-0.0033049999999995583,-308.714837,SP,8804,5653
Jesus Castro,SDP,SP,-0.0064399999999998625,-308.717972,SP,8840,5654
Walvin Mena,ARI,SP,-0.006880000000000275,-308.718412,SP,8843,5655
Dony Aguilera,CIN,SP,-0.008039999999999936,-308.71957199999997,SP,8855,5656
Luis Ghisays,CHC,SP,-0.011160000000000253,-308.722692,SP,8874,5657
Waylin Santana,,SP,-0.01132999999999984,-308.72286199999996,SP,8879,5658
Eliecer Bata,,SP,-0.011710000000000192,-308.72324199999997,SP,8885,5659
Alberto Laroche,SFG,SP,-0.014280000000000043,-308.72581199999996,SP,8904,5660
Austin Marozas,TOR,SP,-0.014289999999999914,-308.725822,SP,8905,5661
Edinson Salgado,KCR,SP,-0.015679999999999833,-308.72721199999995,SP,8910,5662
Orlando Suarez,CHW,SP,-0.0171999999999998,-308.728732,SP,8915,5663
Bernardo Rivera,TEX,SP,-0.019500000000000323,-308.73103199999997,SP,8931,5664
Franco Zabaleta,ATH,SP,-0.021480000000000055,-308.733012,SP,8940,5665
Efrailin Ramos,TBR,SP,-0.021479999999999916,-308.733012,SP,8939,5666
Enmanuel Talavera,,SP,-0.023779999999999774,-308.73531199999996,SP,8955,5667
Marco Eluscat,SDP,SP,-0.028039999999999926,-308.73957199999995,SP,8977,5668
Xavier Lopez,TBR,SP,-0.029500000000000054,-308.74103199999996,SP,8989,5669
Franklyn Moreta,MIA,SP,-0.03439999999999968,-308.745932,SP,9003,5670
Eduardo Robles,PHI,SP,-0.03443999999999997,-308.745972,SP,9004,5671
Janzen Keisel,TBR,SP,-0.03509999999999994,-308.746632,SP,9007,5672
Walin Castillo,MIA,SP,-0.03781000000000018,-308.74934199999996,SP,9013,5673
Alexander Almonte,NYY,SP,-0.03792000000000001,-308.74945199999996,SP,9015,5674
Roiber Talavera,,SP,-0.03876500000000055,-308.750297,SP,9020,5675
Starlin Savinon,TBR,SP,-0.03898000000000032,-308.75051199999996,SP,9021,5676
Alexander Garcia,CLE,SP,-0.040539999999999965,-308.752072,SP,9033,5677
Eliezer Pena,COL,SP,-0.041420000000000234,-308.752952,SP,9036,5678
Braxton Hyde,COL,SP,-0.04265499999999989,-308.754187,SP,9040,5679
Frenny Grant,DET,SP,-0.042820000000000136,-308.754352,SP,9042,5680
Adrian Ardines,HOU,SP,-0.04530000000000017,-308.756832,SP,9045,5681
Jhoniel Serrano,MIA,SP,-0.04565000000000008,-308.757182,SP,9046,5682
Diustin Mayorquin,MIL,SP,-0.04585999999999997,-308.757392,SP,9049,5683
Yander Bonaci,BOS,SP,-0.047280000000000044,-308.758812,SP,9055,5684
Diego Arroyo,COL,SP,-0.04976000000000019,-308.76129199999997,SP,9066,5685
Erick Batista,SDP,SP,-0.05572500000000008,-308.767257,SP,9078,5686
Rubender Pena,TBR,SP,-0.057339999999999836,-308.768872,SP,9083,5687
Johnathan Rogers,DET,SP,-0.0575399999999997,-308.769072,SP,9084,5688
Esteban Luna,BAL,SP,-0.06021999999999983,-308.771752,SP,9094,5689
Gerardo Lopez,PHI,SP,-0.06058000000000005,-308.772112,SP,9096,5690
Marcos Pimentel,COL,SP,-0.0651400000000001,-308.77667199999996,SP,9110,5691
Landen Maroudis,TOR,SP,-0.06874000000000022,-308.78027199999997,SP,9117,5692
Franyel Diaz,NYM,SP,-0.06936000000000034,-308.780892,SP,9118,5693
Diomer Gonzalez,ATH,SP,-0.0718199999999999,-308.783352,SP,9120,5694
Jhonan Coba,DET,SP,-0.07298000000000013,-308.78451199999995,SP,9125,5695
Luis Espinoza,BAL,SP,-0.07375999999999992,-308.78529199999997,SP,9127,5696
Keuri Almonte,PIT,SP,-0.07517999999999962,-308.78671199999997,SP,9132,5697
Marlon De La Cruz,WSN,SP,-0.07653999999999996,-308.788072,SP,9140,5698
Jose Cruz,KCR,SP,-0.07884000000000019,-308.790372,SP,9144,5699
Christopher Hernandez,TEX,SP,-0.07941999999999991,-308.790952,SP,9145,5700
Dilan Fernandez,SFG,SP,-0.07984000000000024,-308.79137199999997,SP,9147,5701
Williams Salazar,LAD,SP,-0.0798800000000001,-308.791412,SP,9148,5702
Sunayro Martina,NYY,SP,-0.08107999999999932,-308.79261199999996,SP,9150,5703
Jerson Alejandro,NYY,SP,-0.08217999999999986,-308.79371199999997,SP,9154,5704
Jose Vasquez,LAD,SP,-0.08223500000000003,-308.793767,SP,9156,5705
Robert Cruz,,SP,-0.0832599999999999,-308.794792,SP,9160,5706
Andrew Bolivar,STL,SP,-0.08490500000000019,-308.79643699999997,SP,9164,5707
Kevin Martinez,COL,SP,-0.08550000000000038,-308.797032,SP,9166,5708
Noel Ulloa,TEX,SP,-0.08757999999999999,-308.799112,SP,9167,5709
Harrison Ruiz,CLE,SP,-0.09226000000000018,-308.803792,SP,9173,5710
Victor Espiritu,,SP,-0.09227999999999982,-308.803812,SP,9174,5711
Oliver Gonzalez,LAD,SP,-0.0955000000000002,-308.807032,SP,9178,5712
Jonathan Batista,,SP,-0.09706000000000031,-308.808592,SP,9181,5713
Franyerson Reyes,DET,SP,-0.09708000000000017,-308.808612,SP,9182,5714
Juan Garcia,STL,SP,-0.09959999999999997,-308.811132,SP,9185,5715
Marlon Franco,SFG,SP,-0.10002,-308.81155199999995,SP,9188,5716
Leandro Rodriguez,SFG,SP,-0.10005999999999991,-308.81159199999996,SP,9189,5717
Jorge Luna,NYY,SP,-0.10263999999999987,-308.814172,SP,9190,5718
Wifrailyn Jaquez,PIT,SP,-0.10594000000000041,-308.81747199999995,SP,9196,5719
Gabriel Chinchilla,STL,SP,-0.1065000000000001,-308.81803199999996,SP,9198,5720
Jose Parra,ATH,SP,-0.10722000000000005,-308.81875199999996,SP,9200,5721
Francis Hernandez,,SP,-0.10833000000000043,-308.819862,SP,9203,5722
Noelin Cuevas,,SP,-0.11199999999999986,-308.823532,SP,9206,5723
Luis Burgos,ATH,SP,-0.11291999999999962,-308.82445199999995,SP,9207,5724
Eric Veras,COL,SP,-0.11352000000000002,-308.82505199999997,SP,9208,5725
Jesus Montiel,PHI,SP,-0.11609999999999998,-308.827632,SP,9209,5726
Madinson Frias,BOS,SP,-0.11761500000000058,-308.829147,SP,9212,5727
Freddy Hernandez,LAA,SP,-0.11857999999999978,-308.830112,SP,9214,5728
Anthony Gantes,HOU,SP,-0.11921999999999995,-308.83075199999996,SP,9215,5729
Luis Bermudez,,SP,-0.11927999999999968,-308.830812,SP,9216,5730
Samuel Gonzalez,ARI,SP,-0.12120000000000004,-308.83273199999996,SP,9219,5731
Edgar Gallegos,,SP,-0.12209999999999972,-308.83363199999997,SP,9222,5732
Jezler Baules,KCR,SP,-0.1231800000000005,-308.83471199999997,SP,9224,5733
Aneury Montilla,PHI,SP,-0.12414000000000008,-308.835672,SP,9226,5734
Tyler Kennedy,,SP,-0.12591450000000026,-308.8374465,SP,9229,5735
Angel Cruz,LAD,SP,-0.12643999999999983,-308.837972,SP,9230,5736
Luis De La Cruz,MIA,SP,-0.12766000000000044,-308.83919199999997,SP,9234,5737
Joan Pena,MIL,SP,-0.12890000000000001,-308.84043199999996,SP,9237,5738
Manuel Moreno,MIL,SP,-0.1321400000000002,-308.84367199999997,SP,9241,5739
Frainer Mejias,SFG,SP,-0.13409999999999997,-308.84563199999997,SP,9244,5740
Michell Chirinos,,SP,-0.13623999999999997,-308.84777199999996,SP,9246,5741
Pedro Belisario,,SP,-0.13841999999999974,-308.849952,SP,9248,5742
Daniel Gomez,STL,SP,-0.13947999999999994,-308.85101199999997,SP,9251,5743
Arlison Rodriguez,,SP,-0.14324000000000017,-308.85477199999997,SP,9253,5744
Juanyerlin Duran,BOS,SP,-0.1450800000000002,-308.856612,SP,9256,5745
Carlos Hampshire,NYY,SP,-0.14656000000000016,-308.858092,SP,9259,5746
Angel Bello,CHW,SP,-0.14673999999999982,-308.858272,SP,9260,5747
Gregory Sanchez,COL,SP,-0.15076000000000006,-308.86229199999997,SP,9262,5748
Michael Ramirez,LAD,SP,-0.15172000000000005,-308.863252,SP,9263,5749
Kelvin Zapata,BAL,SP,-0.15176,-308.863292,SP,9264,5750
Anderson Beltre,,SP,-0.15394000000000013,-308.86547199999995,SP,9265,5751
Aneudy Almonte,LAD,SP,-0.15476000000000012,-308.866292,SP,9267,5752
Edelvis Perez,CLE,SP,-0.15557999999999994,-308.86711199999996,SP,9269,5753
Geovanny Villarroel,CHC,SP,-0.15687999999999977,-308.868412,SP,9270,5754
Salvador Casado,BAL,SP,-0.15984000000000026,-308.87137199999995,SP,9271,5755
Janero Miller,MIA,SP,-0.16041999999999998,-308.87195199999996,SP,9272,5756
Jeffrey German,,SP,-0.16200000000000042,-308.87353199999995,SP,9273,5757
Victor Santos,BAL,SP,-0.1626000000000001,-308.874132,SP,9276,5758
Albert Ortiz,MIA,SP,-0.16293999999999975,-308.87447199999997,SP,9277,5759
Fabian Gallardo,LAA,SP,-0.16693999999999995,-308.878472,SP,9281,5760
Jean Robles,WSN,SP,-0.16832000000000016,-308.87985199999997,SP,9282,5761
Joel Cruz,LAD,SP,-0.16854,-308.880072,SP,9283,5762
Thomas Ponticelli,,SP,-0.16912000000000005,-308.880652,SP,9284,5763
Gabriel Rivero,HOU,SP,-0.16931999999999994,-308.880852,SP,9285,5764
Edwin Marte,BAL,SP,-0.17032000000000025,-308.881852,SP,9287,5765
Carlos Lopez,,SP,-0.1705800000000001,-308.88211199999995,SP,9288,5766
Raymel Belliard,SDP,SP,-0.17200000000000026,-308.883532,SP,9289,5767
Raymond Sarmiento,MIL,SP,-0.17235999999999996,-308.883892,SP,9290,5768
Edwarlys Hidalgo,ATL,SP,-0.1744000000000001,-308.88593199999997,SP,9292,5769
Omar Montano,MIN,SP,-0.17639999999999956,-308.887932,SP,9293,5770
Emanuel Vargas,NYY,SP,-0.17701999999999968,-308.888552,SP,9294,5771
Henry Martinez,,SP,-0.17713000000000037,-308.88866199999995,SP,9296,5772
Ronaldo Florencio,COL,SP,-0.1782999999999999,-308.88983199999996,SP,9298,5773
Johan Cabeza,CIN,SP,-0.17969999999999975,-308.891232,SP,9299,5774
Junior Tavera,NYY,SP,-0.18031999999999998,-308.891852,SP,9301,5775
Ismael Obregon,HOU,SP,-0.1805399999999995,-308.892072,SP,9302,5776
Wuilliams Rodriguez,BOS,SP,-0.18067000000000003,-308.892202,SP,9303,5777
Williams Montero,BOS,SP,-0.18099999999999994,-308.89253199999996,SP,9304,5778
Ankeily Feliz,,SP,-0.18146000000000007,-308.892992,SP,9305,5779
Bryan Polanco,WSN,SP,-0.18175000000000002,-308.893282,SP,9306,5780
Josue Toledo,MIL,SP,-0.18261999999999995,-308.89415199999996,SP,9308,5781
Oswaldo Aponte,,SP,-0.1829200000000002,-308.894452,SP,9309,5782
Luis Espinoza,,SP,-0.18296,-308.89449199999996,SP,9310,5783
Marlon Quintana,PIT,SP,-0.1830800000000002,-308.894612,SP,9311,5784
Wisler Infante,SEA,SP,-0.1853599999999999,-308.896892,SP,9314,5785
Abner Meza,NYM,SP,-0.18581999999999993,-308.89735199999996,SP,9315,5786
Jorge Guzman,PHI,SP,-0.18772000000000016,-308.899252,SP,9317,5787
Eddy Mota,,SP,-0.18826000000000015,-308.899792,SP,9318,5788
Dariel Florentino,PIT,SP,-0.18900000000000003,-308.900532,SP,9319,5789
Enderson Amaya,CLE,SP,-0.1891199999999999,-308.900652,SP,9321,5790
Luis Martinez,,SP,-0.18920499999999998,-308.900737,SP,9322,5791
Joshue De La Cruz,PHI,SP,-0.19069999999999998,-308.90223199999997,SP,9324,5792
Enixon Sanchez,NYY,SP,-0.19256000000000048,-308.904092,SP,9325,5793
Angel Peralta,,SP,-0.19273999999999974,-308.904272,SP,9326,5794
Yonfi Rodriguez,,SP,-0.19299499999999958,-308.904527,SP,9327,5795
Darling Perez,NYM,SP,-0.19375999999999988,-308.905292,SP,9328,5796
Gerinton Mendez,MIA,SP,-0.1939800000000001,-308.905512,SP,9329,5797
Cristian Aray,SEA,SP,-0.19435999999999976,-308.905892,SP,9330,5798
Adrian Aray,,SP,-0.19489999999999985,-308.906432,SP,9331,5799
Omar Damian,HOU,SP,-0.1953400000000002,-308.90687199999996,SP,9333,5800
Branneli Franco,STL,SP,-0.19767999999999986,-308.90921199999997,SP,9335,5801
Anderson Jimenez,SEA,SP,-0.19917999999999964,-308.910712,SP,9337,5802
Jose D. Gonzalez,SFG,SP,-0.20041999999999968,-308.911952,SP,9339,5803
Jhon Almonte,LAA,SP,-0.20062000000000008,-308.912152,SP,9340,5804
Juan Mieses,,SP,-0.2024800000000001,-308.91401199999996,SP,9341,5805
Alvaro Pineda,,SP,-0.20373999999999998,-308.91527199999996,SP,9343,5806
Gustavo Garcia,MIL,SP,-0.20487999999999987,-308.916412,SP,9344,5807
Xavier Cruz,STL,SP,-0.2051400000000001,-308.91667199999995,SP,9347,5808
Joseph Herrera,SDP,SP,-0.2075500000000003,-308.919082,SP,9350,5809
Reykelly Rubi,,SP,-0.20783999999999989,-308.91937199999995,SP,9353,5810
Wilmer Ramirez,,SP,-0.2078599999999999,-308.91939199999996,SP,9354,5811
Jesus Lopez,SFG,SP,-0.21011999999999958,-308.921652,SP,9356,5812
Randy Angomas,NYY,SP,-0.21062000000000008,-308.922152,SP,9357,5813
Josias Figuereo,SDP,SP,-0.2111000000000002,-308.92263199999996,SP,9359,5814
Jhostin Betances,LAA,SP,-0.2134200000000001,-308.92495199999996,SP,9362,5815
Tanner Bauman,NYY,SP,-0.2144600000000002,-308.92599199999995,SP,9364,5816
Jose Menes,TBR,SP,-0.21485999999999983,-308.92639199999996,SP,9366,5817
Edwin Gonzalez,,SP,-0.21612000000000012,-308.92765199999997,SP,9368,5818
Luis Cepeda,ARI,SP,-0.21811999999999995,-308.929652,SP,9369,5819
David Sanchez,ARI,SP,-0.21889999999999998,-308.930432,SP,9371,5820
Lonell Downs,MIL,SP,-0.2192199999999998,-308.930752,SP,9372,5821
Luis Victorino,,SP,-0.21960999999999925,-308.93114199999997,SP,9373,5822
Jean Brito,NYM,SP,-0.2206200000000001,-308.932152,SP,9374,5823
Berny Ortiz,BOS,SP,-0.22088000000000013,-308.932412,SP,9375,5824
Jamdrick Cornelia,NYM,SP,-0.22144000000000016,-308.93297199999995,SP,9376,5825
Ruben Medina,TEX,SP,-0.22251999999999994,-308.93405199999995,SP,9377,5826
Sebastian Estiven,,SP,-0.22449999999999987,-308.93603199999995,SP,9382,5827
Jhan Almeida,CIN,SP,-0.22608000000000017,-308.937612,SP,9383,5828
Alejandro Rivera,CLE,SP,-0.22778000000000026,-308.939312,SP,9384,5829
Jeremy Martinez,,SP,-0.22975999999999996,-308.941292,SP,9385,5830
Yency De Jesus,,SP,-0.23037499999999989,-308.94190699999996,SP,9386,5831
Cristian Hernandez,MIN,SP,-0.23059999999999992,-308.94213199999996,SP,9387,5832
Cristhian Duarte,TOR,SP,-0.2315400000000004,-308.943072,SP,9388,5833
Stiven Rogers,ARI,SP,-0.23376000000000002,-308.945292,SP,9391,5834
Frederik Dolsi,TEX,SP,-0.23429999999999987,-308.945832,SP,9392,5835
Elkyns Villarreal,SFG,SP,-0.23458,-308.94611199999997,SP,9393,5836
Christopher Peralta,MIL,SP,-0.23664000000000013,-308.948172,SP,9396,5837
Jose Silvestre,TEX,SP,-0.23841999999999988,-308.949952,SP,9399,5838
Keegan Zinn,CLE,SP,-0.23958999999999966,-308.951122,SP,9400,5839
Jeicol Surumay,,SP,-0.23964000000000021,-308.951172,SP,9402,5840
Johander Rubio,TEX,SP,-0.24082000000000048,-308.95235199999996,SP,9405,5841
Jhon Nunez,,SP,-0.24196000000000015,-308.953492,SP,9406,5842
Carlos Gonzalez,KCR,SP,-0.24220000000000025,-308.953732,SP,9407,5843
Greudis De Los Santos,,SP,-0.24489999999999973,-308.95643199999995,SP,9408,5844
Albert Ramos,DET,SP,-0.2458599999999999,-308.95739199999997,SP,9409,5845
Leonardo Leon,DET,SP,-0.24714,-308.958672,SP,9412,5846
Iverson Paulino,SFG,SP,-0.24812000000000028,-308.959652,SP,9413,5847
Elvin Jimenez,MIA,SP,-0.2490199999999998,-308.96055199999995,SP,9414,5848
Damian Jimenez,,SP,-0.24940000000000032,-308.96093199999996,SP,9415,5849
Melky Ventura,COL,SP,-0.2500999999999998,-308.96163199999995,SP,9419,5850
Manuel Cruz,NYY,SP,-0.2503600000000002,-308.961892,SP,9421,5851
Carlos Martorella,COL,SP,-0.25038000000000005,-308.961912,SP,9422,5852
Moises Lira,,SP,-0.2514600000000002,-308.962992,SP,9424,5853
Leonel Murrieta,HOU,SP,-0.25163999999999975,-308.963172,SP,9425,5854
Daniel Gentile,CLE,SP,-0.25163999999999986,-308.963172,SP,9426,5855
Deiker Pineda,TOR,SP,-0.2535200000000001,-308.96505199999996,SP,9429,5856
Alexander Agramonte,,SP,-0.25436000000000036,-308.965892,SP,9430,5857
Ismael Cabral,TBR,SP,-0.2559999999999996,-308.96753199999995,SP,9432,5858
Alexander Diaz,BAL,SP,-0.2607999999999999,-308.972332,SP,9434,5859
Oscar Romero,,SP,-0.26360000000000017,-308.975132,SP,9437,5860
Antonio Morales,HOU,SP,-0.2666000000000003,-308.97813199999996,SP,9439,5861
Jesus Mejia,,SP,-0.26775999999999955,-308.979292,SP,9441,5862
Diego Castro,TBR,SP,-0.2678200000000001,-308.97935199999995,SP,9442,5863
Mathias Sato,SEA,SP,-0.2697800000000003,-308.981312,SP,9444,5864
David De Los Santos,BAL,SP,-0.2699999999999997,-308.98153199999996,SP,9445,5865
Yohanfer Santana,MIA,SP,-0.27049999999999974,-308.982032,SP,9447,5866
Eduardo Soriano,,SP,-0.27158999999999983,-308.983122,SP,9449,5867
Cesar Ayala,,SP,-0.2729400000000002,-308.984472,SP,9452,5868
Alexander De Los Santos,PHI,SP,-0.27300000000000013,-308.984532,SP,9453,5869
Amauri Otero,,SP,-0.27304000000000017,-308.98457199999996,SP,9454,5870
Juan Archbold,,SP,-0.2743200000000001,-308.98585199999997,SP,9455,5871
Jhosneyker Colina,NYY,SP,-0.27454000000000034,-308.986072,SP,9457,5872
Yosniel Menendez,TBR,SP,-0.27508,-308.986612,SP,9458,5873
Anthony Feliz,CHC,SP,-0.27789999999999976,-308.98943199999997,SP,9464,5874
Lukas Gonzalez,MIL,SP,-0.2781,-308.989632,SP,9465,5875
Delni Uribe,CLE,SP,-0.2834399999999997,-308.99497199999996,SP,9468,5876
Jainer Marmolejos,BAL,SP,-0.28358000000000044,-308.99511199999995,SP,9469,5877
Fabian Soto,LAA,SP,-0.28481999999999963,-308.996352,SP,9472,5878
Daiher Hernandez,CLE,SP,-0.2855199999999998,-308.997052,SP,9474,5879
Carlos Galindo,MIL,SP,-0.2868200000000003,-308.99835199999995,SP,9475,5880
Joshawn Lampson,,SP,-0.28796,-308.999492,SP,9476,5881
Christopher Cordero,BOS,SP,-0.28823999999999994,-308.99977199999995,SP,9477,5882
Gabriel Torres,,SP,-0.29045999999999994,-309.001992,SP,9478,5883
Aneudy Santos,TEX,SP,-0.29314000000000007,-309.00467199999997,SP,9480,5884
Ezequiel Bonilla,,SP,-0.29423999999999995,-309.005772,SP,9482,5885
Emannoel Madeira,,SP,-0.2954000000000001,-309.00693199999995,SP,9484,5886
Deivi Villafana,CIN,SP,-0.2958499999999998,-309.00738199999995,SP,9485,5887
Yohandry Gonzalez,,SP,-0.2959200000000002,-309.007452,SP,9486,5888
Wilson Betemit Jr.,,SP,-0.2977799999999999,-309.00931199999997,SP,9487,5889
Sergio Villa,CIN,SP,-0.2999599999999997,-309.011492,SP,9490,5890
Brady Rose,,SP,-0.3000000000000007,-309.011532,SP,9493,5891
Marwys Cabrera,KCR,SP,-0.3010249999999999,-309.01255699999996,SP,9495,5892
Angel Beltran,ARI,SP,-0.3013199999999998,-309.01285199999995,SP,9496,5893
Mauricio Maican,,SP,-0.30467999999999984,-309.016212,SP,9498,5894
Maximo Gonzalez,COL,SP,-0.30488,-309.016412,SP,9499,5895
Diego Navarro,,SP,-0.3057000000000001,-309.017232,SP,9500,5896
Jose Mejia,KCR,SP,-0.3089000000000002,-309.02043199999997,SP,9502,5897
Josehp Marte,LAD,SP,-0.3105800000000001,-309.022112,SP,9506,5898
Yannelbinson Lugo,,SP,-0.31084000000000006,-309.02237199999996,SP,9507,5899
Samuel Carmona,KCR,SP,-0.31123999999999985,-309.022772,SP,9508,5900
Enmanuel Carela,WSN,SP,-0.31214000000000003,-309.023672,SP,9510,5901
Jhosue Rodriguez,,SP,-0.31294000000000016,-309.024472,SP,9511,5902
Julio Gutierrez,KCR,SP,-0.3144600000000001,-309.025992,SP,9513,5903
Ruben Saldana,MIL,SP,-0.3152999999999998,-309.02683199999996,SP,9515,5904
Jose Arias,MIL,SP,-0.3204999999999998,-309.03203199999996,SP,9516,5905
Nixon Encarnacion,LAA,SP,-0.3230550000000005,-309.034587,SP,9519,5906
Luis Sotillo,NYM,SP,-0.3237799999999997,-309.035312,SP,9521,5907
Jeison Sanchez,,SP,-0.3247600000000002,-309.036292,SP,9522,5908
Dariel Morillo,,SP,-0.3249599999999998,-309.03649199999995,SP,9523,5909
Greyson Gimenez,WSN,SP,-0.32655999999999996,-309.03809199999995,SP,9524,5910
Dioris De La Rosa,LAA,SP,-0.3293449999999997,-309.04087699999997,SP,9527,5911
Jose De La Rosa,,SP,-0.3297,-309.041232,SP,9528,5912
Luis Carrasco,ARI,SP,-0.3306199999999998,-309.042152,SP,9530,5913
Eudy Liriano,,SP,-0.3329799999999996,-309.044512,SP,9532,5914
Pedro Peralta,PHI,SP,-0.33474000000000026,-309.046272,SP,9535,5915
Frailin Florian,,SP,-0.33699999999999986,-309.04853199999997,SP,9539,5916
Juan Rivera,KCR,SP,-0.33977999999999997,-309.051312,SP,9543,5917
Bryan Monte De Oca,,SP,-0.3454600000000001,-309.056992,SP,9546,5918
Keivan Vasquez,ARI,SP,-0.34614,-309.05767199999997,SP,9548,5919
Jordin Jhonni,KCR,SP,-0.3467,-309.058232,SP,9549,5920
Luis Reyes,HOU,SP,-0.34779999999999994,-309.059332,SP,9550,5921
Yaury Jimenez,ARI,SP,-0.35004000000000013,-309.06157199999996,SP,9551,5922
Felix Belisario,,SP,-0.35191999999999996,-309.063452,SP,9552,5923
Emmanuel Pena,BAL,SP,-0.35694000000000004,-309.068472,SP,9556,5924
Erick Matos,ATH,SP,-0.36552000000000034,-309.077052,SP,9566,5925
Gemil Santa,,SP,-0.3685000000000002,-309.08003199999996,SP,9572,5926
Miguel Movilio,HOU,SP,-0.3687600000000003,-309.080292,SP,9573,5927
Leyvi Rodriguez,NYM,SP,-0.3713000000000002,-309.082832,SP,9575,5928
Alvaro Carrillo,NYM,SP,-0.3721399999999998,-309.083672,SP,9576,5929
Gregg Ferrera,LAD,SP,-0.3747199999999999,-309.086252,SP,9581,5930
Eliezer Lucena,MIN,SP,-0.38667999999999975,-309.098212,SP,9591,5931
Manuel Marchan,CIN,SP,-0.38680000000000025,-309.09833199999997,SP,9592,5932
Yeri Perez,KCR,SP,-0.39315,-309.10468199999997,SP,9598,5933
Yohandri Contreras,ATH,SP,-0.39671999999999996,-309.108252,SP,9601,5934
Anferni Gonzalez,,SP,-0.3979999999999998,-309.109532,SP,9603,5935
Wandy Cabrera,MIL,SP,-0.39802000000000004,-309.10955199999995,SP,9604,5936
Jhomber Jimenez,,SP,-0.4034800000000002,-309.115012,SP,9608,5937
Jonas Uzcategui,MIA,SP,-0.40745999999999977,-309.118992,SP,9610,5938
Cristian Navarro,,SP,-0.40802000000000005,-309.119552,SP,9611,5939
Freilyn Guzman,,SP,-0.4107000000000002,-309.122232,SP,9613,5940
Wilfred Paca,SDP,SP,-0.4112199999999999,-309.122752,SP,9614,5941
Raul Trujillo,CLE,SP,-0.4115200000000004,-309.123052,SP,9615,5942
Yeferson Gonzalez,TEX,SP,-0.4136399999999999,-309.12517199999996,SP,9618,5943
Diego Palmero,DET,SP,-0.4143600000000003,-309.12589199999996,SP,9619,5944
Samuel Pateti,,SP,-0.4149600000000004,-309.126492,SP,9620,5945
Kendry Castro,SFG,SP,-0.4167599999999997,-309.128292,SP,9621,5946
Ariel De La Cruz,CIN,SP,-0.4221599999999999,-309.133692,SP,9624,5947
Gijs Van Den Brink,KCR,SP,-0.42349000000000014,-309.135022,SP,9625,5948
Oniel Diaz,CIN,SP,-0.4307199999999998,-309.142252,SP,9630,5949
Jesus Garcia,,SP,-0.43582000000000004,-309.14735199999996,SP,9635,5950
Juan Medina,,SP,-0.44164000000000037,-309.153172,SP,9638,5951
Victor Farias,WSN,SP,-0.4420100000000001,-309.15354199999996,SP,9639,5952
Deivid Burgos,CIN,SP,-0.44346,-309.154992,SP,9641,5953
Jose Puello,ARI,SP,-0.44630000000000036,-309.157832,SP,9645,5954
Rafael Suero,,SP,-0.44794,-309.159472,SP,9646,5955
Cristopher Presinal,,SP,-0.44967999999999997,-309.161212,SP,9647,5956
Bayant Melo,MIA,SP,-0.45062,-309.162152,SP,9650,5957
Miguel Gomez,,SP,-0.48122000000000015,-309.192752,SP,9668,5958
Dioris Martinez,PIT,SP,-0.48289500000000035,-309.19442699999996,SP,9669,5959
Jimmy Crooks,STL,Unknown,36.13159866666666,-309.1952839333333,Batter,1117,5960
Saul Siri,,SP,-0.4838800000000001,-309.195412,SP,9670,5961
Robert Terrero,ARI,SP,-0.4844200000000003,-309.195952,SP,9672,5962
Jarol Baez,STL,SP,-0.4858199999999999,-309.19735199999997,SP,9673,5963
Yoralbert Cadiz,NYM,SP,-0.4874799999999997,-309.199012,SP,9674,5964
Ericksson De Los Santos,DET,SP,-0.48809999999999987,-309.19963199999995,SP,9675,5965
Frank Chessman,TBR,SP,-0.49072000000000005,-309.202252,SP,9677,5966
Jhonly Taveras,,SP,-0.5040950000000002,-309.215627,SP,9682,5967
Anderson Jerez,,SP,-0.5079400000000003,-309.219472,SP,9684,5968
Diomede Sierra,ARI,SP,-0.5116399999999999,-309.223172,SP,9687,5969
Luis Velasquez,,SP,-0.51382,-309.225352,SP,9688,5970
Langston Burkett,,SP,-0.5210100000000001,-309.23254199999997,SP,9691,5971
Modesto Vargas,ARI,SP,-0.5305599999999994,-309.24209199999996,SP,9694,5972
Yoel Roque,MIN,SP,-0.53274,-309.24427199999997,SP,9695,5973
Jean Rodriguez,MIL,SP,-0.5374199999999996,-309.248952,SP,9697,5974
Adrian Ogando,,SP,-0.6063400000000003,-309.31787199999997,SP,9717,5975
Alex Bouchard,BOS,SP,-0.6477999999999998,-309.359332,SP,9726,5976
Drew Conover,ATH,SP,-0.6630600000000004,-309.37459199999995,SP,9728,5977
Teague Conrad,,SP,-0.6714199999999995,-309.382952,SP,9729,5978
Korey Lee,CHW,Unknown,35.941806,-309.3850766,Batter,1120,5979
Darian Rivero,CHC,SP,-0.6840700000000002,-309.395602,SP,9730,5980
Brendan Morse,,SP,-0.6849700000000002,-309.396502,SP,9731,5981
Luis Morellis,CIN,SP,-0.7304350000000004,-309.441967,SP,9736,5982
Royman Blanco,,SP,-0.7850550000000004,-309.496587,SP,9741,5983
Yorvi Pirela,,SP,-0.7854599999999998,-309.496992,SP,9742,5984
Francis Texido,LAA,SP,-0.8031749999999994,-309.514707,SP,9744,5985
Ismael Luciano,COL,SP,-0.8322799999999995,-309.543812,SP,9747,5986
Jharold Clemente,,SP,-0.8816099999999996,-309.593142,SP,9753,5987
Cristobal Abreu,ATL,SP,-0.8999999999999986,-309.61153199999995,SP,9756,5988
Edinzo Marquez,NYY,SP,-0.9201250000000007,-309.63165699999996,SP,9757,5989
Andre Sanchez,,SP,-0.9204200000000001,-309.63195199999996,SP,9758,5990
Carlos Mateo,PIT,SP,-0.9381399999999998,-309.64967199999995,SP,9760,5991
Darcy Longstaff,,SP,-0.9603199999999997,-309.671852,SP,9763,5992
Greysen Carter,NYY,SP,-0.9996849999999999,-309.711217,SP,9766,5993
Rudit Pina,,SP,-1.0256799999999997,-309.737212,SP,9769,5994
Juan Martinez,,SP,-1.0541650000000002,-309.765697,SP,9770,5995
Eliazar De Los Santos,,SP,-1.1454749999999996,-309.85700699999995,SP,9771,5996
Adam Bates,BOS,SP,-1.1482850000000002,-309.85981699999996,SP,9772,5997
Brayan Romero,WSN,SP,-1.1526,-309.864132,SP,9773,5998
Freilyn Silverio,,SP,-1.2232299999999998,-309.934762,SP,9774,5999
Erick Reynoso,ARI,SP,-1.257655,-309.969187,SP,9776,6000
Kaleb Sophy,,SP,-1.2625199999999994,-309.974052,SP,9777,6001
Matt Ager,PIT,SP,-1.278635,-309.990167,SP,9778,6002
Jesus Escobar,ARI,SP,-1.3271899999999999,-310.03872199999995,SP,9780,6003
Frank Moreno,,SP,-1.3725899999999998,-310.084122,SP,9781,6004
Ronny Lopez,CHC,SP,-1.4014749999999996,-310.113007,SP,9782,6005
Leuris Portorreal,WSN,SP,-1.4077099999999996,-310.119242,SP,9783,6006
Alison Zacarias,COL,SP,-1.4922600000000006,-310.20379199999996,SP,9785,6007
Jordany Chirinos,CHW,SP,-1.5214850000000004,-310.23301699999996,SP,9787,6008
Manuel Perez,ATH,SP,-1.5269800000000002,-310.23851199999996,SP,9788,6009
Josiah Romeo,ATH,SP,-1.5511549999999996,-310.26268699999997,SP,9789,6010
Samuel Perez,CIN,SP,-1.5910849999999994,-310.302617,SP,9790,6011
Josnier Parra,ATH,SP,-2.10753,-310.819062,SP,9791,6012
Orelvis Martinez,WSN,Unknown,34.44010133333334,-310.8867812666666,Batter,1131,6013
Kris Bryant,COL,Unknown,33.186474000000004,-312.1404086,Batter,1146,6014
Andruw Monasterio,BOS,SS,27.105614666666668,-313.03228573333337,Batter,1196,6015
Manuel Margot,,Unknown,31.103741666666664,-314.2231409333333,Batter,1162,6016
Ryan Bliss,SEA,Unknown,31.02453966666667,-314.3023429333333,Batter,1163,6017
Tom Murphy,,Unknown,30.256424,-315.0704586,Batter,1171,6018
T.J. Rumfield,COL,Unknown,30.17817433333333,-315.14870826666663,Batter,1172,6019
Jarred Kelenic,CHW,Unknown,29.799313333333334,-315.52756926666666,Batter,1178,6020
Curtis Mead,CHW,1B,29.791788,-315.5350946,Batter,1179,6021
Endy Rodríguez,PIT,Unknown,29.559825000000004,-315.7670576,Batter,1181,6022
Maximo Acosta,MIA,Unknown,29.221284333333333,-316.1055982666666,Batter,1183,6023
Nelson Rada,LAA,Unknown,28.62256666666667,-316.7043159333333,Batter,1189,6024
Nate Eaton,BOS,Unknown,25.93276366666667,-319.3941189333333,Batter,1208,6025
Daniel Susac,SFG,Unknown,25.882151000000004,-319.44473159999995,Batter,1209,6026
Coby Mayo,BAL,1B,25.874261333333333,-319.45262126666665,Batter,1210,6027
Trey Sweeney,DET,SS,20.584843666666668,-319.5530567333334,Batter,1257,6028
Ryan Vilade,TBR,Unknown,25.61517666666666,-319.7117059333333,Batter,1213,6029
MJ Melendez,NYM,Unknown,25.51485,-319.81203259999995,Batter,1216,6030
Ryan Kreidler,MIN,Unknown,24.881895333333333,-320.44498726666666,Batter,1220,6031
LaMonte Wade Jr.,CHW,1B,24.765619,-320.56126359999996,Batter,1221,6032
Dairon Blanco,KCR,Unknown,23.593539000000003,-321.73334359999996,Batter,1231,6033
Dominic Keegan,TBR,Unknown,23.199910033333328,-322.12697256666667,Batter,1233,6034
Tirso Ornelas,SDP,Unknown,22.172694966666665,-323.1541876333333,Batter,1242,6035
Rafael Flores Jr.,PIT,Unknown,21.694332000000003,-323.63255059999995,Batter,1246,6036
Tristan Gray,MIN,Unknown,21.463026666666668,-323.8638559333333,Batter,1247,6037
César Prieto,STL,Unknown,21.447244666666666,-323.8796379333333,Batter,1248,6038
Tanner Murray,CHW,Unknown,21.196109000000003,-324.1307736,Batter,1250,6039
Jace Jung,DET,Unknown,20.691858333333332,-324.6350242666666,Batter,1255,6040
Gabriel Gonzalez,MIN,Unknown,20.592653100000003,-324.73422949999997,Batter,1256,6041
Nick Madrigal,LAA,Unknown,20.217092666666662,-325.10978993333333,Batter,1262,6042
Brett Wisely,ATL,Unknown,19.884612533333335,-325.44227006666665,Batter,1268,6043
Nacho Alvarez Jr.,ATL,SS,14.573590666666666,-325.56430973333335,Batter,1332,6044
Jose Miranda,SDP,Unknown,19.63426183333333,-325.69262076666666,Batter,1271,6045
Tre' Morgan,TBR,Unknown,19.276915000000002,-326.04996759999995,Batter,1275,6046
Aidan Miller,PHI,Unknown,19.047303666666668,-326.2795789333333,Batter,1278,6047
Emmanuel Rodriguez,MIN,Unknown,18.188631333333333,-327.13825126666666,Batter,1289,6048
Christian Encarnacion-Strand,CIN,1B,18.127619666666664,-327.19926293333333,Batter,1290,6049
Kevin Alcántara,CHC,Unknown,18.101712000000003,-327.22517059999996,Batter,1291,6050
Joey Meneses,ATH,Unknown,18.06309366666667,-327.26378893333333,Batter,1293,6051
Justin Foscue,TEX,Unknown,18.046267099999998,-327.28061549999995,Batter,1294,6052
Tyler Callihan,CIN,Unknown,17.674558333333334,-327.65232426666665,Batter,1297,6053
Nick Sogard,BOS,1B,17.613513666666666,-327.7133689333333,Batter,1299,6054
Matthew Lugo,LAA,Unknown,17.436030000000002,-327.89085259999996,Batter,1300,6055
Jose Siri,LAA,Unknown,16.728786666666664,-328.5980959333333,Batter,1306,6056
Blaze Jordan,STL,Unknown,16.64305,-328.68383259999996,Batter,1308,6057
Leo De Vries,ATH,Unknown,16.327214333333334,-328.9996682666666,Batter,1313,6058
Sterlin Thompson,COL,Unknown,16.262509333333334,-329.0643732666666,Batter,1315,6059
Grant McCray,SFG,Unknown,16.23127033333333,-329.09561226666665,Batter,1316,6060
Tommy Troy,ARI,Unknown,16.153306333333333,-329.17357626666666,Batter,1318,6061
Jesus Rodriguez,SFG,Unknown,15.983952,-329.3429306,Batter,1319,6062
Yohandy Morales,WSN,Unknown,15.936223333333333,-329.39065926666666,Batter,1320,6063
Sebastian Walcott,TEX,Unknown,15.896975999999997,-329.4299066,Batter,1321,6064
Jared Serna,MIA,Unknown,15.514482666666666,-329.8123999333333,Batter,1325,6065
Vidal Bruján,NYM,Unknown,15.379350633333337,-329.94753196666665,Batter,1326,6066
Enmanuel Valdez,PIT,1B,15.352853566666667,-329.9740290333333,Batter,1327,6067
Tim Anderson,,Unknown,15.0569664,-330.26991619999995,Batter,1329,6068
Wander Franco,TBR,Unknown,15.017999999999999,-330.3088826,Batter,1330,6069
Gabriel Rincones Jr.,PHI,Unknown,14.487372633333331,-330.83950996666664,Batter,1334,6070
Brock Wilken,MIL,Unknown,14.230800000000004,-331.0960826,Batter,1338,6071
Jeimer Candelario,LAA,Unknown,14.10145,-331.2254326,Batter,1341,6072
Brice Matthews,HOU,Unknown,14.0759975,-331.2508851,Batter,1343,6073
Akil Baddoo,MIL,Unknown,13.571361666666666,-331.7555209333333,Batter,1346,6074
Junior Perez,ATH,Unknown,13.527056000000002,-331.79982659999996,Batter,1347,6075
Rece Hinds,CIN,Unknown,13.436937333333335,-331.88994526666664,Batter,1348,6076
A.J. Vukovich,ARI,Unknown,13.407428666666668,-331.91945393333333,Batter,1350,6077
Tristan Peters,CHW,Unknown,13.110334000000002,-332.21654859999995,Batter,1355,6078
Matt Mervis,WSN,1B,13.0983657,-332.2285169,Batter,1356,6079
Michael Toglia,CIN,1B,12.805582666666668,-332.5212999333333,Batter,1359,6080
Blake Dunn,CIN,Unknown,12.702126000000002,-332.62475659999996,Batter,1362,6081
Nicky Lopez,COL,Unknown,12.465344799999997,-332.86153779999995,Batter,1365,6082
Jeferson Quero,MIL,Unknown,12.324318999999997,-333.0025636,Batter,1366,6083
Matt Koperniak,STL,Unknown,12.282576166666665,-333.0443064333333,Batter,1367,6084
Spencer Jones,NYY,Unknown,12.240754,-333.0861286,Batter,1368,6085
Elehuris Montero,,Unknown,12.212599999999998,-333.11428259999997,Batter,1371,6086
Shay Whitcomb,HOU,Unknown,12.1391209,-333.18776169999995,Batter,1374,6087
Garrett Hampson,CIN,Unknown,12.117187999999999,-333.2096946,Batter,1375,6088
Eloy Jiménez,TOR,Unknown,11.596209766666666,-333.7306728333333,Batter,1380,6089
Tyler Nevin,,Unknown,11.519400000000001,-333.80748259999996,Batter,1383,6090
Victor Mesa Jr.,TBR,Unknown,11.482127666666665,-333.8447549333333,Batter,1384,6091
J.D. Martinez,,Unknown,11.245800000000003,-334.08108259999995,Batter,1386,6092
Mason McCoy,SDP,Unknown,11.157803333333334,-334.16907926666664,Batter,1387,6093
Hao-Yu  Lee,DET,Unknown,11.039575033333335,-334.28730756666664,Batter,1389,6094
Sam Antonacci,CHW,Unknown,10.9311,-334.39578259999996,Batter,1390,6095
Bryan Ramos,STL,Unknown,10.808282666666669,-334.5185999333333,Batter,1391,6096
Abraham Toro,KCR,1B,10.747738666666665,-334.5791439333333,Batter,1392,6097
RJ Schreck,TOR,Unknown,10.603,-334.72388259999997,Batter,1393,6098
Ryan Clifford,NYM,Unknown,10.547071266666666,-334.7798113333333,Batter,1394,6099
Stuart Fairchild,CLE,Unknown,10.396093466666665,-334.9307891333333,Batter,1395,6100
Gustavo Campero,LAA,Unknown,10.240105333333334,-335.0867772666666,Batter,1399,6101
Luke Maile,KCR,Unknown,10.209753133333333,-335.11712946666665,Batter,1400,6102
Samad Taylor,SDP,Unknown,9.989265333333336,-335.33761726666665,Batter,1404,6103
Max Anderson,DET,Unknown,9.961538066666666,-335.3653445333333,Batter,1406,6104
James Triantos,CHC,Unknown,9.825144766666668,-335.5017378333333,Batter,1409,6105
Trey Lipscomb,WSN,Unknown,9.772649733333333,-335.55423286666667,Batter,1410,6106
Pedro León,PHI,Unknown,9.681177433333334,-335.64570516666663,Batter,1412,6107
Edwin Arroyo,CIN,Unknown,9.526800000000001,-335.8000826,Batter,1414,6108
Tyler Black,MIL,Unknown,9.516697333333331,-335.8101852666666,Batter,1415,6109
Garrett Stubbs,PHI,Unknown,9.486685,-335.84019759999995,Batter,1417,6110
Petey Halpin,CLE,Unknown,9.356138999999999,-335.9707436,Batter,1418,6111
Willie Calhoun,,Unknown,9.334299999999999,-335.9925826,Batter,1419,6112
Juan Yepez,,Unknown,9.298215466666667,-336.02866713333333,Batter,1420,6113
Christian Franklin,WSN,Unknown,9.276963166666667,-336.0499194333333,Batter,1421,6114
Bryan De La Cruz,PHI,Unknown,9.17855,-336.1483326,Batter,1424,6115
Jake Cave,,Unknown,9.075399999999998,-336.2514826,Batter,1426,6116
Alika Williams,PIT,Unknown,9.04938733333333,-336.2774952666666,Batter,1427,6117
Jared Young,NYM,Unknown,8.928063733333333,-336.39881886666666,Batter,1429,6118
Kahlil Watson,CLE,Unknown,8.8073793,-336.5195033,Batter,1430,6119
Ryan Ward,LAD,Unknown,8.806487233333334,-336.52039536666666,Batter,1431,6120
Edward Olivares,TBR,Unknown,8.736500000000001,-336.5903826,Batter,1432,6121
Héctor Rodríguez,CIN,Unknown,8.408391966666667,-336.9184906333333,Batter,1437,6122
Trei Cruz,DET,Unknown,8.4070876,-336.91979499999997,Batter,1438,6123
Patrick Wisdom,SEA,Unknown,8.359375066666665,-336.96750753333333,Batter,1439,6124
Liover Peguero,PHI,Unknown,8.358538000000001,-336.96834459999997,Batter,1440,6125
Brett Sullivan,COL,Unknown,8.305674833333335,-337.02120776666663,Batter,1441,6126
Rhylan Thomas,SEA,Unknown,8.294624533333334,-337.03225806666666,Batter,1442,6127
Denzer Guzman,LAA,Unknown,8.109803166666667,-337.2170794333333,Batter,1444,6128
Dustin Harris,CHW,Unknown,7.901471000000001,-337.42541159999996,Batter,1446,6129
Jhonny Pereda,SEA,Unknown,7.884690976666668,-337.4421916233333,Batter,1447,6130
Jorbit Vivas,NYY,Unknown,7.6529448,-337.6739378,Batter,1449,6131
Nelson Velázquez,STL,Unknown,7.5501729,-337.77670969999997,Batter,1451,6132
Wade Meckler,LAA,Unknown,7.431716500000001,-337.8951661,Batter,1454,6133
Dominic Fletcher,PIT,Unknown,7.334110233333335,-337.99277236666666,Batter,1455,6134
Eduardo Valencia,DET,Unknown,7.318470466666667,-338.0084121333333,Batter,1456,6135
Harold Ramírez,,Unknown,7.082400000000001,-338.24448259999997,Batter,1459,6136
Jonathon Long,CHC,Unknown,6.917023400000001,-338.40985919999997,Batter,1461,6137
Michael Siani,LAD,Unknown,6.837605333333333,-338.48927726666665,Batter,1462,6138
Jordan Diaz,ATH,Unknown,6.795999999999998,-338.5308826,Batter,1463,6139
Anthony Seigler,BOS,Unknown,6.6653889333333325,-338.6614936666666,Batter,1464,6140
Vimael Machín,COL,Unknown,6.464624966666666,-338.8622576333333,Batter,1468,6141
Steward Berroa,MIL,Unknown,6.4421148000000015,-338.88476779999996,Batter,1469,6142
Estevan Florial,,Unknown,6.424499999999999,-338.90238259999995,Batter,1470,6143
Brandon Valenzuela,TOR,Unknown,6.387780566666667,-338.9391020333333,Batter,1471,6144
Ji Hwan Bae,NYM,Unknown,6.383398666666668,-338.9434839333333,Batter,1472,6145
Kristian Robinson,ARI,Unknown,6.3208788,-339.0060038,Batter,1473,6146
Billy Cook,PIT,Unknown,6.316932466666667,-339.0099501333333,Batter,1474,6147
Jose Herrera,TEX,Unknown,6.303711100000001,-339.0231715,Batter,1475,6148
Ethan Murray,MIL,Unknown,6.258550000000001,-339.06833259999996,Batter,1477,6149
Justin Dean,CHC,Unknown,6.205356433333335,-339.1215261666666,Batter,1479,6150
Shane McGuire,ATH,Unknown,6.201769600000001,-339.125113,Batter,1480,6151
Davis Wendzel,PIT,Unknown,6.054974266666665,-339.27190833333333,Batter,1482,6152
Austin Barnes,NYM,Unknown,6.036447733333333,-339.29043486666666,Batter,1483,6153
Cavan Biggio,HOU,Unknown,5.9278499999999985,-339.3990326,Batter,1484,6154
Tim Elko,CHW,Unknown,5.785756366666665,-339.54112623333333,Batter,1486,6155
Chadwick Tromp,ATL,Unknown,5.776531566666666,-339.5503510333333,Batter,1487,6156
Nick Morabito,NYM,Unknown,5.6323595000000015,-339.69452309999997,Batter,1490,6157
Michael Stefanic,ATH,Unknown,5.533700000000001,-339.79318259999997,Batter,1491,6158
Sandro Fabian,,Unknown,5.479900000000001,-339.8469826,Batter,1493,6159
Tomás Nido,DET,Unknown,5.387296703333334,-339.93958589666664,Batter,1497,6160
Mitch Haniger,,Unknown,5.253499999999999,-340.0733826,Batter,1501,6161
Jason Vosler,,Unknown,5.197800000000001,-340.12908259999995,Batter,1502,6162
Ben Cowles,CHC,Unknown,5.178542966666667,-340.1483396333333,Batter,1504,6163
Donovan Solano,,1B,5.151698966666667,-340.1751836333333,Batter,1505,6164
Kemp Alderman,MIA,Unknown,5.069913066666666,-340.2569695333333,Batter,1508,6165
Ronny Simon,PIT,Unknown,5.0317763,-340.2951063,Batter,1509,6166
Sergio Alcántara,WSN,Unknown,4.964350000000001,-340.36253259999995,Batter,1515,6167
DaShawn Keirsey Jr.,ATL,Unknown,4.936301333333332,-340.39058126666663,Batter,1516,6168
Grae Kessinger,NYM,Unknown,4.831900000000001,-340.49498259999996,Batter,1518,6169
Drew Romo,CHW,Unknown,4.816039166666666,-340.5108434333333,Batter,1520,6170
Eric Haase,SFG,Unknown,4.8075420666666675,-340.5193405333333,Batter,1521,6171
Niko Kavadas,LAA,Unknown,4.705914600000001,-340.62096799999995,Batter,1525,6172
Trey Mancini,LAA,Unknown,4.64665622,-340.68022637999997,Batter,1527,6173
Rodolfo Durán,SDP,Unknown,4.479800633333333,-340.8470819666666,Batter,1539,6174
Daniel Vogelbach,,Unknown,4.439100000000002,-340.8877826,Batter,1542,6175
Andrew Pinckney,WSN,Unknown,4.343000000000001,-340.98388259999996,Batter,1547,6176
Josh Kasevich,TOR,Unknown,4.304049999999999,-341.02283259999996,Batter,1554,6177
Tsung-Che Cheng,BOS,Unknown,4.260252033333334,-341.0666305666666,Batter,1558,6178
Seth Brown,NYY,Unknown,4.2517000000000005,-341.07518259999995,Batter,1559,6179
Adam Duvall,,Unknown,4.2129,-341.1139826,Batter,1565,6180
Luke Williams,ATL,Unknown,4.1949466666666675,-341.1319359333333,Batter,1567,6181
Kyle McCann,COL,Unknown,4.154199999999999,-341.1726826,Batter,1569,6182
Joey Gallo,,Unknown,4.1424,-341.18448259999997,Batter,1572,6183
Sebastián Rivero,LAA,Unknown,4.138985866666666,-341.18789673333333,Batter,1574,6184
Anthony Rendon,LAA,Unknown,4.0947,-341.2321826,Batter,1576,6185
Logan Driscoll,TBR,Unknown,4.0859000000000005,-341.2409826,Batter,1578,6186
Aaron Schunk,ATL,Unknown,4.080332333333334,-341.24655026666665,Batter,1579,6187
Kevin Kiermaier,,Unknown,3.9931999999999994,-341.3336826,Batter,1586,6188
Trey Cabbage,,Unknown,3.958500000000001,-341.36838259999996,Batter,1590,6189
Tucupita Marcano,SDP,Unknown,3.903,-341.42388259999996,Batter,1595,6190
Albert Almora Jr.,,Unknown,3.8722000000000003,-341.45468259999996,Batter,1603,6191
Zach Remillard,,Unknown,3.7618,-341.5650826,Batter,1615,6192
David Dahl,,Unknown,3.7556999999999996,-341.5711826,Batter,1617,6193
Nick Senzel,LAD,Unknown,3.7449500000000007,-341.58193259999996,Batter,1620,6194
Connor Joe,SEA,Unknown,3.7149500000000004,-341.6119326,Batter,1624,6195
Michael Arroyo,SEA,Unknown,3.6889760000000003,-341.63790659999995,Batter,1633,6196
Oscar Colás,,Unknown,3.6469499999999995,-341.6799326,Batter,1645,6197
Seby Zavala,LAD,Unknown,3.6261,-341.70078259999997,Batter,1651,6198
Brennan Milone,ATH,Unknown,3.5166500000000007,-341.81023259999995,Batter,1670,6199
Andre Lipcius,,Unknown,3.49575,-341.8311326,Batter,1679,6200
Jesús Bastidas,MIA,Unknown,3.495399999999999,-341.83148259999996,Batter,1680,6201
David Bote,LAD,Unknown,3.489899999999999,-341.8369826,Batter,1682,6202
Robbie Grossman,,Unknown,3.4782999999999995,-341.8485826,Batter,1686,6203
Cole Tucker,,Unknown,3.4319999999999995,-341.89488259999996,Batter,1690,6204
Elijah Dunham,LAA,Unknown,3.4241000000000006,-341.90278259999997,Batter,1692,6205
Nate Furman,SFG,Unknown,3.4221177666666676,-341.90476483333333,Batter,1695,6206
Drew Avans,COL,Unknown,3.33445,-341.9924326,Batter,1714,6207
Ryan McKenna,,Unknown,3.2954999999999997,-342.0313826,Batter,1728,6208
José Azocar,ATL,Unknown,3.2829053333333333,-342.0439772666666,Batter,1730,6209
Jon Singleton,,Unknown,3.2502999999999997,-342.0765826,Batter,1738,6210
Blake Sabol,TBR,Unknown,3.2277764666666666,-342.0991061333333,Batter,1742,6211
Corey Julks,DET,Unknown,3.1997500000000003,-342.1271326,Batter,1751,6212
Maverick Handley,BAL,Unknown,3.143880533333334,-342.18300206666663,Batter,1765,6213
Miguel Sanó,,Unknown,3.1388000000000007,-342.1880826,Batter,1768,6214
Nick Gordon,,Unknown,3.11105,-342.2158326,Batter,1779,6215
Marco Luciano,NYY,Unknown,3.1060577333333335,-342.22082486666665,Batter,1781,6216
Matthew Batten,,Unknown,3.057950000000001,-342.26893259999997,Batter,1800,6217
Jud Fabian,BAL,Unknown,3.054300000000001,-342.27258259999996,Batter,1801,6218
Jordyn Adams,,Unknown,3.038150000000001,-342.2887326,Batter,1804,6219
Justice Bigbie,DET,Unknown,3.0333500000000004,-342.2935326,Batter,1807,6220
Grant Lavigne,,Unknown,3.031999999999999,-342.2948826,Batter,1808,6221
Brandon Drury,KCR,Unknown,3.0211,-342.3057826,Batter,1813,6222
Alex Ramírez,,Unknown,3.0165499999999996,-342.3103326,Batter,1814,6223
Will Banfield,CIN,Unknown,2.952400000000001,-342.37448259999996,Batter,1850,6224
Collin Price,HOU,Unknown,2.9506547333333324,-342.3762278666666,Batter,1851,6225
Diego Castillo,,Unknown,2.9412499999999997,-342.38563259999995,Batter,1856,6226
Esmerlyn Valdez,PIT,Unknown,2.932560166666668,-342.3943224333333,Batter,1860,6227
Eguy Rosario,,Unknown,2.9076500000000003,-342.4192326,Batter,1877,6228
Danny Mendick,,Unknown,2.9072,-342.4196826,Batter,1878,6229
David Villar,,Unknown,2.8984,-342.4284826,Batter,1882,6230
Jamie Westbrook,,Unknown,2.8736999999999995,-342.4531826,Batter,1891,6231
Daz Cameron,MIL,Unknown,2.8549000000000007,-342.4719826,Batter,1902,6232
Hayden Senger,NYM,Unknown,2.8421578000000003,-342.4847248,Batter,1909,6233
Elier Hernandez,,Unknown,2.816499999999999,-342.51038259999996,Batter,1930,6234
DJ Stewart,,Unknown,2.7871999999999995,-342.5396826,Batter,1948,6235
Rylan Bannon,,Unknown,2.7682000000000007,-342.5586826,Batter,1958,6236
Eddie Rosario,,Unknown,2.7595,-342.5673826,Batter,1964,6237
Brendon Davis,,Unknown,2.6865,-342.64038259999995,Batter,2005,6238
Kyle Garlick,,Unknown,2.6851000000000007,-342.6417826,Batter,2006,6239
Pablo Reyes,SDP,Unknown,2.6800999999999995,-342.6467826,Batter,2009,6240
Luken Baker,ARI,Unknown,2.66474359,-342.66213901,Batter,2016,6241
Jake Scheiner,,Unknown,2.6588000000000003,-342.6680826,Batter,2021,6242
Zach DeLoach,,Unknown,2.6526,-342.67428259999997,Batter,2026,6243
Jacob Hurtubise,MIL,Unknown,2.610499999999999,-342.7163826,Batter,2049,6244
Ryan Noda,BAL,Unknown,2.591750000000001,-342.7351326,Batter,2062,6245
David Peralta,,Unknown,2.5912000000000006,-342.73568259999996,Batter,2063,6246
Yunior Severino,,Unknown,2.5776499999999998,-342.74923259999997,Batter,2070,6247
Taylor Young,LAD,Unknown,2.5562500000000004,-342.7706326,Batter,2077,6248
P.J. Higgins,CIN,Unknown,2.5396500000000004,-342.7872326,Batter,2094,6249
Tucker Flint,LAA,Unknown,2.5322500000000003,-342.7946326,Batter,2103,6250
Tyler Gentry,KCR,Unknown,2.5247,-342.8021826,Batter,2107,6251
Austin Shenton,,Unknown,2.47105,-342.8558326,Batter,2145,6252
Kevin Pillar,,Unknown,2.4613500000000004,-342.8655326,Batter,2153,6253
Jancarlos Cintron,,Unknown,2.4438000000000004,-342.88308259999997,Batter,2172,6254
Alan Trejo,,Unknown,2.4204500000000007,-342.90643259999996,Batter,2190,6255
Nick Pratto,TEX,Unknown,2.3968499999999997,-342.9300326,Batter,2209,6256
Jason Delay,BOS,Unknown,2.396076133333333,-342.93080646666664,Batter,2210,6257
Jake Slaughter,,Unknown,2.3189999999999995,-343.00788259999996,Batter,2256,6258
Cooper Ingle,CLE,Unknown,2.3116000000000003,-343.0152826,Batter,2264,6259
Darren Baker,,Unknown,2.3053500000000002,-343.0215326,Batter,2270,6260
Buddy Kennedy,SFG,Unknown,2.2869,-343.0399826,Batter,2283,6261
Blake Hunt,SDP,Unknown,2.2563140500000003,-343.07056854999996,Batter,2302,6262
Dom Nuñez,CLE,Unknown,2.255158633333333,-343.07172396666664,Batter,2303,6263
Braden Shewmake,NYY,Unknown,2.22335,-343.1035326,Batter,2334,6264
Daniel Johnson,MIA,Unknown,2.2006,-343.12628259999997,Batter,2347,6265
Cristian Pache,NYM,Unknown,2.181042133333333,-343.14584046666664,Batter,2368,6266
Luis Guillorme,,Unknown,2.1502499999999998,-343.17663259999995,Batter,2390,6267
J.P. Martínez,,Unknown,2.145900000000001,-343.1809826,Batter,2394,6268
Owen Miller,CHC,Unknown,2.1294499999999994,-343.19743259999996,Batter,2407,6269
Carlos Mendoza,TOR,Unknown,2.12095,-343.2059326,Batter,2410,6270
Oscar Gonzalez,,Unknown,2.1071999999999997,-343.2196826,Batter,2424,6271
Oliver Dunn,CHW,Unknown,2.105518899999999,-343.2213637,Batter,2426,6272
Travis Blankenhorn,,Unknown,2.1033,-343.2235826,Batter,2429,6273
Jared Walsh,,Unknown,2.1014999999999997,-343.2253826,Batter,2430,6274
Javi Vaz,KCR,Unknown,2.0884,-343.2384826,Batter,2444,6275
Aaron Hicks,,Unknown,2.0808000000000004,-343.24608259999997,Batter,2451,6276
Frederick Bencosme,BAL,Unknown,2.0778499999999998,-343.24903259999996,Batter,2455,6277
Ali Sánchez,NYY,Unknown,2.0736,-343.2532826,Batter,2457,6278
Forrest Wall,,Unknown,2.07085,-343.25603259999997,Batter,2458,6279
Curt Casali,,Unknown,2.0691000000000006,-343.2577826,Batter,2459,6280
Aledmys Díaz,,Unknown,2.0303,-343.29658259999997,Batter,2491,6281
Bligh Madris,STL,Unknown,2.0192000000000005,-343.30768259999996,Batter,2496,6282
Sam Hilliard,,Unknown,2.0114499999999995,-343.31543259999995,Batter,2503,6283
Carlos Pérez,HOU,Unknown,2.0087,-343.3181826,Batter,2504,6284
Jonathan Ornelas,NYY,Unknown,2.00095,-343.3259326,Batter,2509,6285
Zack Short,NYY,Unknown,1.9754499999999995,-343.35143259999995,Batter,2527,6286
Jason Heyward,,Unknown,1.97275,-343.35413259999996,Batter,2530,6287
Armando Alvarez,,Unknown,1.96855,-343.3583326,Batter,2535,6288
Mike Ford,,Unknown,1.9619999999999997,-343.3648826,Batter,2540,6289
Gage Workman,DET,Unknown,1.9461,-343.3807826,Batter,2549,6290
Yan Gomes,,Unknown,1.9141999999999997,-343.4126826,Batter,2575,6291
Malcom Nuñez,PIT,Unknown,1.89275,-343.4341326,Batter,2587,6292
Tony Kemp,,Unknown,1.8838,-343.44308259999997,Batter,2594,6293
Carlos Rodríguez,SDP,Unknown,1.88375,-343.44313259999996,Batter,2595,6294
Clay Dungan,SDP,Unknown,1.8803,-343.4465826,Batter,2598,6295
Nick Maton,,Unknown,1.87795,-343.4489326,Batter,2601,6296
René Pinto,PHI,Unknown,1.8623499999999997,-343.4645326,Batter,2612,6297
J.D. Davis,,Unknown,1.8616000000000001,-343.46528259999997,Batter,2613,6298
Brian Anderson,,Unknown,1.8520999999999996,-343.47478259999997,Batter,2624,6299
Jacob Amaya,ARI,Unknown,1.84585,-343.4810326,Batter,2632,6300
Kole Calhoun,,Unknown,1.8369,-343.48998259999996,Batter,2637,6301
Scott Kingery,CHC,Unknown,1.8238563666666667,-343.5030262333333,Batter,2647,6302
Jake Rucker,MIN,Unknown,1.8176,-343.50928259999995,Batter,2653,6303
Yasmani Grandal,,Unknown,1.81195,-343.51493259999995,Batter,2657,6304
Sam Brown,WSN,Unknown,1.77745,-343.5494326,Batter,2680,6305
Brewer Hicklen,ATL,Unknown,1.77015,-343.5567326,Batter,2689,6306
Luis De Los Santos,,Unknown,1.7686500000000003,-343.5582326,Batter,2691,6307
Austin Gauthier,LAD,Unknown,1.7569000000000004,-343.5699826,Batter,2703,6308
Travis Jankowski,NYM,Unknown,1.7557499999999995,-343.5711326,Batter,2705,6309
Luke Ritter,LAA,Unknown,1.7267000000000001,-343.6001826,Batter,2725,6310
Brandon Crawford,,Unknown,1.7116999999999998,-343.61518259999997,Batter,2740,6311
Bobby Dalbec,,Unknown,1.7088499999999995,-343.6180326,Batter,2743,6312
Matt Carpenter,,Unknown,1.7076000000000005,-343.61928259999996,Batter,2745,6313
Sean Bouchard,,Unknown,1.69325,-343.6336326,Batter,2755,6314
Wilfred Veras,CHW,Unknown,1.6621499999999996,-343.6647326,Batter,2784,6315
Trenton Brooks,,Unknown,1.6619000000000002,-343.6649826,Batter,2786,6316
Tanner Schobel,MIN,Unknown,1.6605,-343.66638259999996,Batter,2788,6317
Bubba Thompson,,Unknown,1.6407999999999998,-343.68608259999996,Batter,2813,6318
Avisaíl García,,Unknown,1.6396,-343.6872826,Batter,2814,6319
Ryan Fitzgerald,LAD,Unknown,1.6387499333333333,-343.68813266666666,Batter,2816,6320
Nathan Martorella,MIA,Unknown,1.6357,-343.6911826,Batter,2820,6321
Jacob Berry,MIA,Unknown,1.6225999999999998,-343.7042826,Batter,2843,6322
Terrell Tatum,,Unknown,1.6195499999999998,-343.7073326,Batter,2847,6323
Robert Perez Jr.,,Unknown,1.6128,-343.7140826,Batter,2856,6324
Eliezer Alfonzo,LAD,Unknown,1.6113194999999998,-343.7155631,Batter,2858,6325
Tristin English,ATL,Unknown,1.5734197666666663,-343.7534628333333,Batter,2898,6326
Chuckie Robinson,LAD,Unknown,1.5704999999999996,-343.7563826,Batter,2904,6327
Bob Seymour,,Unknown,1.5678999999999998,-343.75898259999997,Batter,2906,6328
Jorge Alfaro,KCR,Unknown,1.5457472333333329,-343.78113536666666,Batter,2947,6329
Omar Narváez,,Unknown,1.5423000000000002,-343.78458259999996,Batter,2952,6330
Chris Meyers,DET,Unknown,1.5369000000000004,-343.7899826,Batter,2960,6331
David Hensley,,Unknown,1.5341,-343.79278259999995,Batter,2965,6332
Cooper Kinney,TBR,Unknown,1.5301209000000007,-343.7967617,Batter,2970,6333
Cooper Bowman,ATH,Unknown,1.5188000000000001,-343.8080826,Batter,2986,6334
Alexfri Planez,,Unknown,1.5142,-343.81268259999996,Batter,2994,6335
Ben Gamel,ATL,Unknown,1.4896999999999998,-343.83718259999995,Batter,3025,6336
Sam Huff,BAL,Unknown,1.4797601846666666,-343.84712241533333,Batter,3037,6337
Jose Ramos,NYM,Unknown,1.4596500000000001,-343.86723259999997,Batter,3071,6338
Billy McKinney,,Unknown,1.4464499999999998,-343.88043259999995,Batter,3100,6339
Joey Wendle,,Unknown,1.4458,-343.88108259999996,Batter,3102,6340
Charles Leblanc,,Unknown,1.44045,-343.8864326,Batter,3116,6341
Cal Stevenson,,Unknown,1.4387999999999999,-343.88808259999996,Batter,3123,6342
Wyatt Young,NYM,Unknown,1.4369500000000004,-343.88993259999995,Batter,3127,6343
Kody Hoese,,Unknown,1.4345499999999998,-343.8923326,Batter,3131,6344
Alberto Rodriguez,KCR,Unknown,1.4296999999999997,-343.89718259999995,Batter,3143,6345
Keston Hiura,LAD,Unknown,1.4264000000000001,-343.9004826,Batter,3153,6346
Donovan Walton,LAA,Unknown,1.3902499999999998,-343.9366326,Batter,3241,6347
Cam Devanney,,Unknown,1.3901,-343.93678259999996,Batter,3242,6348
Nick Ahmed,,Unknown,1.3749500000000003,-343.95193259999996,Batter,3278,6349
Rafael Lantigua,TOR,Unknown,1.37175,-343.95513259999996,Batter,3288,6350
Connor Hollis,,Unknown,1.3649,-343.9619826,Batter,3300,6351
Ripken Reyes,,Unknown,1.35895,-343.9679326,Batter,3313,6352
Yuli Gurriel,SDP,Unknown,1.3585500000000006,-343.9683326,Batter,3314,6353
Sandy León,ATL,Unknown,1.3369421133333335,-343.9899404866666,Batter,3359,6354
Alex Isola,,Unknown,1.3354000000000004,-343.9914826,Batter,3362,6355
Levi Jordan,WSN,Unknown,1.3350999999999997,-343.99178259999996,Batter,3364,6356
Jack López,,Unknown,1.3282000000000005,-343.9986826,Batter,3383,6357
Matt Rudick,NYM,Unknown,1.31655,-344.01033259999997,Batter,3417,6358
Mike Antico,STL,Unknown,1.31275,-344.0141326,Batter,3422,6359
Matt Lloyd,BOS,Unknown,1.3114999999999997,-344.01538259999995,Batter,3427,6360
Jack Winkler,HOU,Unknown,1.2889597333333336,-344.03792286666663,Batter,3484,6361
Ethan Wilson,,Unknown,1.2852999999999997,-344.04158259999997,Batter,3490,6362
Livan Soto,,Unknown,1.25945,-344.06743259999996,Batter,3563,6363
Canaan Smith-Njigba,,Unknown,1.2570000000000003,-344.06988259999997,Batter,3570,6364
Victor Bericoto,SFG,Unknown,1.2464,-344.0804826,Batter,3587,6365
Nelson Quiroz,LAD,Unknown,1.24045,-344.08643259999997,Batter,3603,6366
Josue Briceño,DET,Unknown,1.22835,-344.0985326,Batter,3623,6367
Cade Marlowe,ATH,Unknown,1.2192500000000004,-344.1076326,Batter,3645,6368
Andrew Knapp,,Unknown,1.2168999999999996,-344.10998259999997,Batter,3656,6369
Luis Vázquez,BAL,Unknown,1.206,-344.12088259999996,Batter,3688,6370
Darick Hall,,Unknown,1.1815499999999999,-344.14533259999996,Batter,3756,6371
Cal Conley,ATL,Unknown,1.1763500000000002,-344.15053259999996,Batter,3769,6372
LuJames Groover,ARI,Unknown,1.175,-344.15188259999996,Batter,3773,6373
Andrew Navigato,,Unknown,1.1635,-344.1633826,Batter,3804,6374
José Barrero,BAL,Unknown,1.1614005000000003,-344.16548209999996,Batter,3809,6375
Ricardo Olivar,MIN,Unknown,1.1589,-344.16798259999996,Batter,3818,6376
Paul McIntosh,PHI,Unknown,1.1573000000000002,-344.16958259999996,Batter,3821,6377
Hoy Park,ATH,Unknown,1.1351,-344.19178259999995,Batter,3876,6378
Christian Bethancourt,CHC,Unknown,1.1279499999999996,-344.1989326,Batter,3900,6379
Quincy Hamilton,,Unknown,1.1278500000000002,-344.19903259999995,Batter,3902,6380
Robert Moore,PHI,Unknown,1.1021999999999998,-344.2246826,Batter,3965,6381
Caleb Roberts,ARI,Unknown,1.0979500000000002,-344.22893259999995,Batter,3979,6382
Noah Mendlinger,STL,Unknown,1.08,-344.2468826,Batter,4018,6383
Ramón Rodríguez,MIL,Unknown,1.0788,-344.2480826,Batter,4019,6384
Jim Haley,,Unknown,1.0504000000000002,-344.27648259999995,Batter,4073,6385
Chris Roller,,Unknown,1.0369999999999995,-344.2898826,Batter,4106,6386
Peyton Wilson,KCR,Unknown,1.0345499999999999,-344.29233259999995,Batter,4115,6387
R.J. Yeager,,Unknown,1.00895,-344.31793259999995,Batter,4182,6388
Carson McCusker,,Unknown,0.9922499999999999,-344.33463259999996,Batter,4230,6389
Matthew Wood,MIL,Unknown,0.9903700666666667,-344.3365125333333,Batter,4238,6390
Yeiner Fernandez,LAD,Unknown,0.9903499999999998,-344.3365326,Batter,4239,6391
Conner Capel,COL,Unknown,0.9844000000000002,-344.3424826,Batter,4251,6392
Jeremy Arocho,,Unknown,0.9843000000000002,-344.34258259999996,Batter,4252,6393
Brian Serven,ATH,Unknown,0.9805999999999997,-344.3462826,Batter,4268,6394
Hunter Bishop,,Unknown,0.9763999999999997,-344.35048259999996,Batter,4280,6395
Tommy Sacco Jr.,HOU,Unknown,0.9739,-344.35298259999996,Batter,4284,6396
Matt Duffy,,Unknown,0.9656999999999998,-344.36118259999995,Batter,4303,6397
Aaron Zavala,TEX,Unknown,0.9647500000000002,-344.3621326,Batter,4306,6398
Rafael Ortega,,Unknown,0.9634000000000001,-344.3634826,Batter,4310,6399
C.J. Hinojosa,,Unknown,0.9462999999999999,-344.38058259999997,Batter,4378,6400
Yolbert Sanchez,,Unknown,0.9425999999999999,-344.38428259999995,Batter,4393,6401
Jimmy Glowenke,,Unknown,0.9395000000000001,-344.38738259999997,Batter,4404,6402
Stone Garrett,,Unknown,0.8996499999999998,-344.42723259999997,Batter,4503,6403
Edwin Rios,,Unknown,0.8929999999999996,-344.4338826,Batter,4522,6404
CJ Alexander,,Unknown,0.8895000000000001,-344.4373826,Batter,4533,6405
Garrett Cooper,,Unknown,0.8893500000000003,-344.4375326,Batter,4536,6406
Carson Taylor,SEA,Unknown,0.8848999999999999,-344.44198259999996,Batter,4544,6407
Bladimir Restituyo,,Unknown,0.85875,-344.4681326,Batter,4591,6408
Gabriel Martinez,,Unknown,0.8554500000000002,-344.47143259999996,Batter,4595,6409
Jose Rojas,NYM,Unknown,0.8426566866666665,-344.4842259133333,Batter,4620,6410
Rodolfo Castro,,Unknown,0.8392,-344.48768259999997,Batter,4628,6411
Andy Thomas,SDP,Unknown,0.8354,-344.4914826,Batter,4640,6412
Jacob Gonzalez,CHW,Unknown,0.8300000000000001,-344.4968826,Batter,4650,6413
Nicholas Northcut,,Unknown,0.8289,-344.4979826,Batter,4656,6414
Yohendrick Pinango,TOR,Unknown,0.8245999999999999,-344.5022826,Batter,4669,6415
Cole Roederer,,Unknown,0.8000999999999999,-344.5267826,Batter,4714,6416
Damiano Palmegiani,TOR,Unknown,0.7976000000000001,-344.5292826,Batter,4725,6417
Lamar Sparks,,Unknown,0.7886,-344.5382826,Batter,4746,6418
Trevor Schwecke,,Unknown,0.7715000000000004,-344.5553826,Batter,4778,6419
Keshawn Ogans,ATL,Unknown,0.7650999999999998,-344.56178259999996,Batter,4789,6420
Mark Contreras,,Unknown,0.7585999999999999,-344.5682826,Batter,4802,6421
Nick Raposo,SEA,Unknown,0.7566333666666667,-344.5702492333333,Batter,4807,6422
Dérmis Garcia,,Unknown,0.7515000000000002,-344.57538259999995,Batter,4821,6423
Ray-Patrick Didder,,Unknown,0.7484,-344.5784826,Batter,4831,6424
Christian Arroyo,NYM,Unknown,0.7437999999999999,-344.58308259999995,Batter,4840,6425
Yoyner Fajardo,,Unknown,0.74045,-344.58643259999997,Batter,4853,6426
Willy Vasquez,BAL,Unknown,0.7386499999999999,-344.58823259999997,Batter,4856,6427
Jordan Groshans,ATL,Unknown,0.73075,-344.5961326,Batter,4866,6428
Orlando Martinez,TEX,Unknown,0.7260500000000001,-344.6008326,Batter,4878,6429
Ismael Munguia,TOR,Unknown,0.71905,-344.6078326,Batter,4891,6430
José Devers,,Unknown,0.7170499999999997,-344.6098326,Batter,4896,6431
Marcus Lee Sang,PHI,Unknown,0.71705,-344.6098326,Batter,4895,6432
Austin Hendrick,CIN,Unknown,0.7118499999999999,-344.61503259999995,Batter,4909,6433
Gavin Cross,KCR,Unknown,0.71165,-344.61523259999996,Batter,4910,6434
Símon Muzziotti,,Unknown,0.7082,-344.6186826,Batter,4916,6435
BJ Murray,CHC,Unknown,0.7068500000000001,-344.6200326,Batter,4920,6436
Hogan Windish,SEA,Unknown,0.7010000000000001,-344.62588259999995,Batter,4930,6437
Rainer Nunez,,Unknown,0.6965500000000001,-344.6303326,Batter,4945,6438
Tucker Barnhart,,Unknown,0.69575,-344.6311326,Batter,4947,6439
Bryan Lavastida,ATH,Unknown,0.689,-344.63788259999995,Batter,4965,6440
Geraldo Quintero,ATL,Unknown,0.6812,-344.6456826,Batter,4982,6441
Mason Auer,TBR,Unknown,0.6724999999999999,-344.65438259999996,Batter,4997,6442
Tres Gonzalez,PIT,Unknown,0.6669999999999998,-344.6598826,Batter,5005,6443
Jakson Reetz,SEA,Unknown,0.6628499999999999,-344.6640326,Batter,5018,6444
Sammy Siani,SEA,Unknown,0.66285,-344.6640326,Batter,5017,6445
Dylan O'Rae,MIL,Unknown,0.6607999999999998,-344.6660826,Batter,5021,6446
Nick Solak,SDP,Unknown,0.6575499999999999,-344.66933259999996,Batter,5027,6447
Kellen Strahm,HOU,Unknown,0.6543000000000001,-344.6725826,Batter,5036,6448
Michael Papierski,,Unknown,0.6537000000000002,-344.67318259999996,Batter,5039,6449
Jace Peterson,,Unknown,0.6402000000000001,-344.6866826,Batter,5068,6450
Duke Ellis,NYY,Unknown,0.6349499999999999,-344.6919326,Batter,5082,6451
Aaron Bracho,,Unknown,0.6348499999999999,-344.6920326,Batter,5084,6452
John Rhodes,LAD,Unknown,0.63155,-344.6953326,Batter,5093,6453
Ben Malgeri,DET,Unknown,0.6312000000000001,-344.6956826,Batter,5094,6454
Keyber Rodriguez,TEX,Unknown,0.62825,-344.6986326,Batter,5100,6455
Joe Lampe,CLE,Unknown,0.6278499999999998,-344.69903259999995,Batter,5102,6456
Jase Bowen,SDP,Unknown,0.6273499999999999,-344.6995326,Batter,5103,6457
Ehire Adrianza,,Unknown,0.6245,-344.70238259999996,Batter,5108,6458
Jeremy Rivas,STL,Unknown,0.61875,-344.7081326,Batter,5122,6459
Brainer Bonaci,,Unknown,0.6134,-344.71348259999996,Batter,5131,6460
Francisco Urbaez,CIN,Unknown,0.6083999999999999,-344.71848259999996,Batter,5137,6461
Jorel Ortega,MIN,Unknown,0.60205,-344.72483259999996,Batter,5147,6462
Pascanel Ferreras,HOU,Unknown,0.6015,-344.7253826,Batter,5149,6463
Greg Jones,MIL,Unknown,0.6002000000000001,-344.7266826,Batter,5152,6464
Dayan Frias,CLE,Unknown,0.5981999999999997,-344.72868259999996,Batter,5166,6465
Luke Waddell,ATL,Unknown,0.5975499999999998,-344.72933259999996,Batter,5171,6466
Ben Ross,MIN,Unknown,0.59545,-344.73143259999995,Batter,5174,6467
Kervin Pichardo,WSN,Unknown,0.5943499999999997,-344.73253259999996,Batter,5177,6468
Christian Cairo,PHI,Unknown,0.5943,-344.7325826,Batter,5178,6469
Diego Cartaya,SFG,Unknown,0.5922500000000002,-344.7346326,Batter,5182,6470
Jairo Pomares,,Unknown,0.59165,-344.73523259999996,Batter,5183,6471
Kenedy Corona,NYY,Unknown,0.5851500000000001,-344.7417326,Batter,5192,6472
Kevin Parada,NYM,Unknown,0.5827500000000001,-344.7441326,Batter,5195,6473
Eric Brown Jr.,MIL,Unknown,0.5821499999999998,-344.74473259999996,Batter,5197,6474
Diego Hernandez,,Unknown,0.5802,-344.7466826,Batter,5204,6475
Matt Gorski,LAD,Unknown,0.5784,-344.7484826,Batter,5207,6476
J.C. Correa,,Unknown,0.5741,-344.7527826,Batter,5211,6477
Alsander Womack,,Unknown,0.5714000000000001,-344.7554826,Batter,5215,6478
Austin Dean,,Unknown,0.5706000000000001,-344.75628259999996,Batter,5216,6479
Alex De Jesus,,Unknown,0.5685,-344.7583826,Batter,5219,6480
Milan Tolentino,CLE,Unknown,0.5675499999999997,-344.7593326,Batter,5221,6481
Luca Tresh,KCR,Unknown,0.5644,-344.7624826,Batter,5225,6482
Neyfy Castillo,,Unknown,0.5643999999999999,-344.7624826,Batter,5226,6483
Óscar Mercado,ARI,Unknown,0.5553999999999998,-344.77148259999996,Batter,5247,6484
Jeferson Morales,,Unknown,0.5542999999999999,-344.77258259999996,Batter,5251,6485
Francisco Mejía,,Unknown,0.5454999999999999,-344.7813826,Batter,5267,6486
JT Schwartz,NYM,Unknown,0.54535,-344.7815326,Batter,5269,6487
Will Robertson,BAL,Unknown,0.5451999999999999,-344.78168259999995,Batter,5270,6488
Austin Allen,,Unknown,0.544,-344.7828826,Batter,5272,6489
Andrés Alvarez,,Unknown,0.5419,-344.7849826,Batter,5279,6490
Matt Fraizer,BOS,Unknown,0.5370999999999999,-344.78978259999997,Batter,5287,6491
Jake Holton,SFG,Unknown,0.53345,-344.79343259999996,Batter,5294,6492
Garrett Spain,MIN,Unknown,0.5268,-344.8000826,Batter,5305,6493
Trevor Hauver,TEX,Unknown,0.5256000000000002,-344.8012826,Batter,5306,6494
Darrien Miller,MIL,Unknown,0.5229500000000001,-344.8039326,Batter,5313,6495
Will Wilson,SEA,Unknown,0.5214,-344.80548259999995,Batter,5317,6496
Ernesto Martinez Jr.,NYY,Unknown,0.5203499999999999,-344.80653259999997,Batter,5321,6497
Anthony Prato,,Unknown,0.5194000000000001,-344.80748259999996,Batter,5323,6498
David Fletcher,,Unknown,0.5187499999999999,-344.80813259999996,Batter,5324,6499
Tanner Allen,,Unknown,0.5094,-344.81748259999995,Batter,5335,6500
Andrew Velazquez,TEX,Unknown,0.5055499999999999,-344.82133259999995,Batter,5340,6501
Luis Verdugo,SDP,Unknown,0.5049499999999999,-344.82193259999997,Batter,5342,6502
Kody Huff,CLE,Unknown,0.5019,-344.8249826,Batter,5345,6503
Kevin Smith,,Unknown,0.49960000000000004,-344.8272826,Batter,5354,6504
Kaelen Culpepper,MIN,Unknown,0.4991000000000002,-344.8277826,Batter,5355,6505
Grant Koch,,Unknown,0.4982,-344.8286826,Batter,5357,6506
Victor Reyes,,Unknown,0.4981,-344.82878259999995,Batter,5358,6507
Max Clark,DET,Unknown,0.49745000000000006,-344.82943259999996,Batter,5359,6508
Ivan Melendez,ARI,Unknown,0.4966,-344.8302826,Batter,5363,6509
Jair Camargo,ATL,Unknown,0.49129999999999996,-344.83558259999995,Batter,5367,6510
Erik González,,Unknown,0.48719999999999997,-344.8396826,Batter,5374,6511
Phillip Sikes,BOS,Unknown,0.48540000000000005,-344.84148259999995,Batter,5377,6512
Euiji Yang,,Unknown,0.4841999999999999,-344.8426826,Batter,5381,6513
Guillermo Heredia,,Unknown,0.4776,-344.8492826,Batter,5390,6514
Chandler Redmond,,Unknown,0.4770000000000003,-344.8498826,Batter,5392,6515
Bryson Brigman,,Unknown,0.4768,-344.85008259999995,Batter,5393,6516
Marcos Castañon,SDP,Unknown,0.47665,-344.85023259999997,Batter,5394,6517
Nic Kent,COL,Unknown,0.47259999999999996,-344.8542826,Batter,5402,6518
Silas Ardoin,BAL,Unknown,0.47230000000000016,-344.85458259999996,Batter,5403,6519
Connor Kokx,,Unknown,0.47029999999999994,-344.85658259999997,Batter,5408,6520
Zach Kokoska,COL,Unknown,0.4677999999999999,-344.85908259999997,Batter,5411,6521
Kyoung-min Hur,,Unknown,0.46679999999999994,-344.8600826,Batter,5412,6522
Michael Brantley,,Unknown,0.46319999999999995,-344.8636826,Batter,5420,6523
David MacKinnon,,Unknown,0.46270000000000006,-344.8641826,Batter,5421,6524
Onil Perez,SFG,Unknown,0.46105,-344.8658326,Batter,5423,6525
Sócrates Brito,,Unknown,0.4603,-344.86658259999996,Batter,5425,6526
Nick Dunn,,Unknown,0.45795,-344.8689326,Batter,5427,6527
Joe Perez,,Unknown,0.45699999999999996,-344.8698826,Batter,5429,6528
Mike Brosseau,,Unknown,0.45619999999999994,-344.87068259999995,Batter,5432,6529
Nate Mondou,,Unknown,0.45545000000000013,-344.8714326,Batter,5435,6530
José Rodríguez,PHI,Unknown,0.45495,-344.8719326,Batter,5436,6531
Mel Rojas Jr.,,Unknown,0.4518,-344.8750826,Batter,5443,6532
Baek-ho Kang,,Unknown,0.45000000000000007,-344.8768826,Batter,5448,6533
Alex Binelas,PHI,Unknown,0.4484499999999999,-344.8784326,Batter,5451,6534
Nathan Hickey,BOS,Unknown,0.44825,-344.8786326,Batter,5452,6535
Dru Baker,CHW,Unknown,0.4472000000000001,-344.87968259999997,Batter,5455,6536
Trey Harris,,Unknown,0.4426999999999999,-344.8841826,Batter,5460,6537
Dayan Viciedo,,Unknown,0.44200000000000006,-344.88488259999997,Batter,5462,6538
Whit Merrifield,,Unknown,0.4415999999999999,-344.8852826,Batter,5463,6539
Jimmy Herron,,Unknown,0.4396,-344.8872826,Batter,5468,6540
Darius Hill,,Unknown,0.4393500000000001,-344.8875326,Batter,5470,6541
Khalil Lee,,Unknown,0.4372,-344.88968259999996,Batter,5473,6542
Ivan Johnson,CIN,Unknown,0.43679999999999986,-344.89008259999997,Batter,5474,6543
Cadyn Grenier,BAL,Unknown,0.4353000000000001,-344.8915826,Batter,5475,6544
Luke Voit,,Unknown,0.43329999999999985,-344.8935826,Batter,5480,6545
Riley Tirotta,TOR,Unknown,0.43290000000000006,-344.89398259999996,Batter,5482,6546
Tyler McDonough,BOS,Unknown,0.43175,-344.89513259999995,Batter,5483,6547
Jason Martin,,Unknown,0.4286,-344.89828259999996,Batter,5490,6548
Michael Turner,CHW,Unknown,0.4279500000000001,-344.89893259999997,Batter,5495,6549
Franmil Reyes,,Unknown,0.4271999999999999,-344.89968259999995,Batter,5498,6550
Raynel Delgado,TBR,Unknown,0.42490000000000017,-344.9019826,Batter,5503,6551
Yordys Valdes,,Unknown,0.42169999999999985,-344.9051826,Batter,5509,6552
Taegun Kim,,Unknown,0.4193000000000001,-344.90758259999996,Batter,5514,6553
Cam Eden,,Unknown,0.4192,-344.9076826,Batter,5515,6554
Ruben Cardenas,,Unknown,0.41919999999999985,-344.9076826,Batter,5516,6555
Frankie Tostado,,Unknown,0.41709999999999986,-344.90978259999997,Batter,5518,6556
Daniel Mateo,,Unknown,0.41659999999999997,-344.91028259999996,Batter,5519,6557
Hyun Soo Kim,,Unknown,0.4162999999999999,-344.9105826,Batter,5522,6558
Sheldon Neuse,,Unknown,0.4148999999999998,-344.9119826,Batter,5527,6559
Aaron Sabato,MIN,Unknown,0.4142,-344.9126826,Batter,5529,6560
Wilderd Patiño,,Unknown,0.41400000000000003,-344.9128826,Batter,5531,6561
Frainyer Chavez,TEX,Unknown,0.4135500000000001,-344.9133326,Batter,5533,6562
Julio Carreras,,Unknown,0.41245,-344.9144326,Batter,5535,6563
C.J. Cron,,Unknown,0.4119,-344.9149826,Batter,5536,6564
Stephen Scott,,Unknown,0.41175,-344.9151326,Batter,5537,6565
José Osuna,,Unknown,0.4112,-344.91568259999997,Batter,5538,6566
Diego Rincones,,Unknown,0.40969999999999995,-344.9171826,Batter,5540,6567
Griffin Lockwood-Powell,LAD,Unknown,0.4095499999999999,-344.91733259999995,Batter,5541,6568
Minho Kang,,Unknown,0.40790000000000004,-344.9189826,Batter,5543,6569
Geisel Cepeda,,Unknown,0.40780000000000005,-344.91908259999997,Batter,5544,6570
Robbie Tenerowicz,,Unknown,0.40759999999999996,-344.9192826,Batter,5546,6571
Junwoo Jeon,,Unknown,0.40689999999999993,-344.91998259999997,Batter,5547,6572
Ronald Guzmán,,Unknown,0.4052,-344.9216826,Batter,5550,6573
Josh Hatcher,,Unknown,0.4048500000000001,-344.92203259999997,Batter,5551,6574
River Town,,Unknown,0.40430000000000005,-344.9225826,Batter,5553,6575
Jadher Areinamo,TBR,Unknown,0.40405,-344.9228326,Batter,5554,6576
Rougned Odor,,Unknown,0.40399999999999997,-344.9228826,Batter,5556,6577
Christian Cerda,ARI,Unknown,0.40374999999999994,-344.9231326,Batter,5557,6578
Spencer Packard,SEA,Unknown,0.4010000000000001,-344.92588259999997,Batter,5560,6579
Alex Dickerson,,Unknown,0.40049999999999997,-344.92638259999995,Batter,5561,6580
Gosuke Katoh,,Unknown,0.39960000000000007,-344.92728259999996,Batter,5563,6581
Kyle Lewis,,Unknown,0.3992999999999999,-344.9275826,Batter,5564,6582
Jax Biggers,HOU,Unknown,0.3986500000000001,-344.9282326,Batter,5565,6583
Matt Davidson,,Unknown,0.39690000000000014,-344.92998259999996,Batter,5567,6584
Mitchell Tolman,,Unknown,0.3968,-344.9300826,Batter,5568,6585
Jeter Downs,,Unknown,0.3959000000000001,-344.9309826,Batter,5570,6586
Michael Hermosillo,,Unknown,0.39549999999999996,-344.93138259999995,Batter,5571,6587
Xavier Fernández,,Unknown,0.39490000000000003,-344.93198259999997,Batter,5572,6588
Mark Mathias,,Unknown,0.39339999999999986,-344.9334826,Batter,5574,6589
Jorge Bonifacio,,Unknown,0.3926,-344.93428259999996,Batter,5575,6590
Terence Doston,,Unknown,0.38769999999999993,-344.9391826,Batter,5578,6591
Yusniel Díaz,,Unknown,0.3875,-344.9393826,Batter,5579,6592
Brad Miller,,Unknown,0.3868,-344.9400826,Batter,5580,6593
Gregory Polanco,,Unknown,0.3867999999999999,-344.9400826,Batter,5581,6594
Camden Duzenack,,Unknown,0.3852,-344.9416826,Batter,5584,6595
Joe Rizzo,,Unknown,0.3852,-344.9416826,Batter,5585,6596
Andres Sosa,,Unknown,0.38419999999999993,-344.94268259999996,Batter,5589,6597
Jeong Choi,,Unknown,0.38370000000000004,-344.9431826,Batter,5590,6598
Maxwell Costes,,Unknown,0.3829,-344.94398259999997,Batter,5591,6599
Eddys Leonard,MIL,Unknown,0.38169999999999993,-344.94518259999995,Batter,5593,6600
Ronaldo Hernández,,Unknown,0.3811,-344.9457826,Batter,5594,6601
Nick Schnell,SDP,Unknown,0.38044999999999995,-344.9464326,Batter,5595,6602
Lorenzo Cedrola,,Unknown,0.3799,-344.94698259999996,Batter,5597,6603
Kolten Wong,,Unknown,0.3788,-344.94808259999996,Batter,5599,6604
Juan Fernandez,,Unknown,0.37740000000000007,-344.94948259999995,Batter,5600,6605
L.J. Jones,,Unknown,0.37720000000000004,-344.94968259999996,Batter,5601,6606
Ho-young Son,,Unknown,0.3771,-344.9497826,Batter,5602,6607
Norichika Aoki,,Unknown,0.37689999999999996,-344.9499826,Batter,5603,6608
J.T. Arruda,SEA,Unknown,0.37600000000000006,-344.9508826,Batter,5604,6609
Ah-seop Son,,Unknown,0.3758,-344.95108259999995,Batter,5606,6610
Domingo Santana,,Unknown,0.3745,-344.95238259999996,Batter,5608,6611
David Calabrese,LAA,Unknown,0.3743499999999999,-344.9525326,Batter,5609,6612
Lazaro Armenteros,,Unknown,0.3739,-344.9529826,Batter,5610,6613
Lolo Sanchez,,Unknown,0.37370000000000003,-344.9531826,Batter,5611,6614
Jean Segura,,Unknown,0.3733,-344.9535826,Batter,5614,6615
Chad Pinder,,Unknown,0.3728000000000001,-344.9540826,Batter,5615,6616
Matt Beaty,,Unknown,0.3706999999999999,-344.9561826,Batter,5619,6617
Jeremy Eierman,ATH,Unknown,0.37070000000000003,-344.9561826,Batter,5618,6618
Andrew Cossetti,MIN,Unknown,0.37055000000000005,-344.9563326,Batter,5621,6619
Casey Martin,MIL,Unknown,0.37040000000000006,-344.95648259999996,Batter,5622,6620
Tucker Bradley,,Unknown,0.3701,-344.9567826,Batter,5623,6621
LJ Talley,,Unknown,0.37,-344.9568826,Batter,5624,6622
Michael Chavis,CIN,Unknown,0.36929999999999996,-344.95758259999997,Batter,5625,6623
Angelo Castellano,,Unknown,0.36779999999999996,-344.9590826,Batter,5631,6624
Harold Castro,,Unknown,0.3673499999999999,-344.9595326,Batter,5632,6625
Javier Valdes,,Unknown,0.36730000000000007,-344.9595826,Batter,5633,6626
Daniel Cabrera,DET,Unknown,0.36650000000000005,-344.9603826,Batter,5634,6627
Cody Thomas,,Unknown,0.36600000000000005,-344.9608826,Batter,5636,6628
Brady Allen,,Unknown,0.36500000000000005,-344.96188259999997,Batter,5637,6629
Adam Haseley,,Unknown,0.3647,-344.96218259999995,Batter,5638,6630
Josh Donaldson,,Unknown,0.3645999999999999,-344.9622826,Batter,5639,6631
Leandro Cedeño,SDP,Unknown,0.3645,-344.96238259999996,Batter,5640,6632
Johan Mieses,,Unknown,0.3644,-344.9624826,Batter,5641,6633
Kenny Piper,TBR,Unknown,0.36365000000000003,-344.96323259999997,Batter,5644,6634
Payton Eeles,BAL,Unknown,0.36255000000000004,-344.9643326,Batter,5648,6635
Eduardo Escobar,,Unknown,0.3620000000000001,-344.96488259999995,Batter,5651,6636
Cody Milligan,,Unknown,0.36155000000000004,-344.96533259999995,Batter,5653,6637
Geonchang Seo,,Unknown,0.361,-344.9658826,Batter,5654,6638
Kenneth Betancourt,,Unknown,0.36090000000000005,-344.96598259999996,Batter,5655,6639
Ernie Yake,,Unknown,0.35999999999999993,-344.96688259999996,Batter,5658,6640
Cam Cannon,,Unknown,0.3598000000000001,-344.96708259999997,Batter,5659,6641
Aaron Palensky,,Unknown,0.35929999999999995,-344.96758259999996,Batter,5660,6642
Jake Noll,,Unknown,0.3583,-344.9685826,Batter,5661,6643
Vito Friscia,,Unknown,0.35819999999999996,-344.96868259999997,Batter,5662,6644
Yu Chang,,Unknown,0.3581000000000001,-344.9687826,Batter,5663,6645
José Abreu,,Unknown,0.35720000000000013,-344.9696826,Batter,5664,6646
Dominic Miroglio,,Unknown,0.357,-344.96988259999995,Batter,5665,6647
Evan White,,Unknown,0.35690000000000005,-344.9699826,Batter,5666,6648
AJ Pollock,,Unknown,0.3556000000000001,-344.9712826,Batter,5670,6649
Jaeho Kim,,Unknown,0.3556,-344.9712826,Batter,5671,6650
Sang-soo Kim,,Unknown,0.3548999999999999,-344.9719826,Batter,5672,6651
TT Bowens,BAL,Unknown,0.35485,-344.9720326,Batter,5673,6652
Carlos De La Cruz,,Unknown,0.35320000000000007,-344.97368259999996,Batter,5677,6653
Chase Pinder,,Unknown,0.3525,-344.97438259999996,Batter,5679,6654
Luis Santana,,Unknown,0.35230000000000006,-344.97458259999996,Batter,5680,6655
Freylin Minyety,,Unknown,0.35229999999999995,-344.97458259999996,Batter,5681,6656
Orlando Calixte,,Unknown,0.35150000000000003,-344.9753826,Batter,5682,6657
Devonte Brown,,Unknown,0.34995,-344.9769326,Batter,5687,6658
Taylor Jones,,Unknown,0.3496,-344.97728259999997,Batter,5690,6659
Grant Richardson,,Unknown,0.3491000000000001,-344.97778259999995,Batter,5693,6660
Justin Yurchak,,Unknown,0.3489,-344.97798259999996,Batter,5694,6661
Randy Florentino,,Unknown,0.3478,-344.97908259999997,Batter,5696,6662
Andrew Bechtold,PHI,Unknown,0.3477,-344.9791826,Batter,5697,6663
Franklin Barreto,,Unknown,0.34709999999999996,-344.97978259999996,Batter,5698,6664
Brandon Belt,,Unknown,0.3461000000000001,-344.9807826,Batter,5700,6665
Eric Yang,CHC,Unknown,0.34595,-344.98093259999996,Batter,5701,6666
Yasiel Puig,,Unknown,0.34559999999999996,-344.9812826,Batter,5702,6667
Tyler Neslony,,Unknown,0.3454999999999999,-344.98138259999996,Batter,5703,6668
Kevin Plawecki,,Unknown,0.3447,-344.9821826,Batter,5704,6669
Yoshi Tsutsugo,,Unknown,0.34459999999999996,-344.98228259999996,Batter,5705,6670
Corey Dickerson,,Unknown,0.34410000000000013,-344.98278259999995,Batter,5706,6671
Daniel Robertson,,Unknown,0.34359999999999996,-344.9832826,Batter,5707,6672
Shayne Fontana,,Unknown,0.34340000000000004,-344.9834826,Batter,5708,6673
Rixon Wingrove,,Unknown,0.3433999999999999,-344.9834826,Batter,5709,6674
José Alvarez,,Unknown,0.34269999999999995,-344.9841826,Batter,5712,6675
Moisés Castillo,,Unknown,0.3427,-344.9841826,Batter,5711,6676
Shogo Akiyama,,Unknown,0.3423,-344.98458259999995,Batter,5713,6677
Dalton Guthrie,,Unknown,0.34229999999999994,-344.98458259999995,Batter,5714,6678
Felix Valerio,,Unknown,0.34199999999999997,-344.9848826,Batter,5715,6679
Todd Lott,,Unknown,0.34160000000000007,-344.98528259999995,Batter,5716,6680
Jameson Hannah,,Unknown,0.34120000000000006,-344.98568259999996,Batter,5717,6681
Hun Gon Kim,,Unknown,0.34110000000000007,-344.9857826,Batter,5718,6682
Bon Ki Shin,,Unknown,0.3407,-344.98618259999995,Batter,5719,6683
Garrett Whitley,,Unknown,0.34059999999999996,-344.9862826,Batter,5720,6684
Erick Mejia,WSN,Unknown,0.34040000000000004,-344.9864826,Batter,5721,6685
Jamie Ritchie,,Unknown,0.34019999999999995,-344.9866826,Batter,5722,6686
Ji Man Choi,,Unknown,0.33969999999999995,-344.9871826,Batter,5724,6687
Darin Ruf,,Unknown,0.33880000000000005,-344.9880826,Batter,5725,6688
Stanley Consuegra,,Unknown,0.3384,-344.9884826,Batter,5726,6689
Allan Castro,BOS,Unknown,0.33780000000000004,-344.98908259999996,Batter,5728,6690
TJ Hopkins,,Unknown,0.33770000000000006,-344.9891826,Batter,5729,6691
Miguel Hernandez,,Unknown,0.3377,-344.9891826,Batter,5730,6692
Marty Costes,,Unknown,0.33669999999999994,-344.99018259999997,Batter,5732,6693
Danny Bautista Jr.,ATH,Unknown,0.33660000000000007,-344.9902826,Batter,5733,6694
Evan Mendoza,,Unknown,0.3365999999999999,-344.9902826,Batter,5734,6695
Chris Gittens,,Unknown,0.3364999999999999,-344.9903826,Batter,5735,6696
Joe Dunand,,Unknown,0.33609999999999995,-344.9907826,Batter,5736,6697
Jacob Gonzalez,,Unknown,0.3358000000000001,-344.99108259999997,Batter,5737,6698
Roby Enriquez,,Unknown,0.3354,-344.9914826,Batter,5738,6699
Ryan Ignoffo,MIA,Unknown,0.33525,-344.9916326,Batter,5739,6700
Quincy Nieporte,,Unknown,0.33520000000000005,-344.9916826,Batter,5740,6701
Jimmy Govern,,Unknown,0.3346000000000001,-344.99228259999995,Batter,5741,6702
Maikel Franco,,Unknown,0.33440000000000003,-344.99248259999996,Batter,5742,6703
Bo Davidson,SFG,Unknown,0.3343999999999999,-344.99248259999996,Batter,5743,6704
Arismendy Alcántara,,Unknown,0.33420000000000005,-344.99268259999997,Batter,5744,6705
Ford Proctor,,Unknown,0.3339,-344.99298259999995,Batter,5745,6706
Nick Dini,TBR,Unknown,0.3339,-344.99298259999995,Batter,5746,6707
Michael De La Cruz,,Unknown,0.33370000000000005,-344.99318259999995,Batter,5747,6708
Mike Moustakas,,Unknown,0.33340000000000003,-344.9934826,Batter,5749,6709
Chad Stevens,COL,Unknown,0.33225000000000016,-344.9946326,Batter,5752,6710
Davis Bradshaw,,Unknown,0.3318000000000001,-344.9950826,Batter,5754,6711
AJ Lewis,COL,Unknown,0.3316999999999999,-344.99518259999996,Batter,5755,6712
Omar Meregildo,,Unknown,0.3311,-344.9957826,Batter,5756,6713
Greyson Jenista,,Unknown,0.32949999999999996,-344.9973826,Batter,5758,6714
Alerick Soularie,,Unknown,0.3293,-344.9975826,Batter,5759,6715
Jesse Franklin V,,Unknown,0.3291,-344.9977826,Batter,5760,6716
Miguel Cabrera,,Unknown,0.32889999999999997,-344.9979826,Batter,5761,6717
Yongkyu Lee,,Unknown,0.3288,-344.9980826,Batter,5762,6718
Jacob Teter,,Unknown,0.3286,-344.9982826,Batter,5764,6719
Jesús Aguilar,,Unknown,0.32660000000000006,-345.0002826,Batter,5768,6720
Bryan Arias,,Unknown,0.3265999999999999,-345.0002826,Batter,5769,6721
Nick Meyer,,Unknown,0.32619999999999993,-345.0006826,Batter,5770,6722
Jose Mujica,ATH,Unknown,0.3258,-345.00108259999996,Batter,5771,6723
Scott Hurst,,Unknown,0.32489999999999997,-345.00198259999996,Batter,5772,6724
Carter Kieboom,CLE,Unknown,0.3246499999999999,-345.00223259999996,Batter,5773,6725
Shin-Soo Choo,,Unknown,0.3244,-345.00248259999995,Batter,5775,6726
Stevie Berman,,Unknown,0.32370000000000004,-345.0031826,Batter,5777,6727
Luis Mieses,,Unknown,0.32335,-345.00353259999997,Batter,5778,6728
Jordan Brewer,,Unknown,0.32230000000000003,-345.0045826,Batter,5779,6729
Jae-Gyun Hwang,,Unknown,0.3217,-345.00518259999996,Batter,5781,6730
Carter Williams,,Unknown,0.3213000000000001,-345.00558259999997,Batter,5784,6731
Brady Whalen,,Unknown,0.32109999999999994,-345.0057826,Batter,5786,6732
Micael Ramirez,,Unknown,0.32110000000000005,-345.0057826,Batter,5785,6733
Miguel Hiraldo,,Unknown,0.3201000000000001,-345.00678259999995,Batter,5789,6734
John Hicks,,Unknown,0.31999999999999995,-345.0068826,Batter,5791,6735
Yasel Antuna,,Unknown,0.31999999999999995,-345.0068826,Batter,5792,6736
Brian Miller,,Unknown,0.31989999999999996,-345.00698259999996,Batter,5793,6737
José Briceño,,Unknown,0.31980000000000014,-345.0070826,Batter,5794,6738
Eric Hosmer,,Unknown,0.3198,-345.0070826,Batter,5795,6739
Josh Harrison,,Unknown,0.3196,-345.0072826,Batter,5796,6740
Alexander Ovalles,,Unknown,0.3193999999999999,-345.0074826,Batter,5798,6741
Henry Bolte,ATH,Unknown,0.3189000000000001,-345.0079826,Batter,5799,6742
Josh Bissonette,,Unknown,0.31880000000000003,-345.00808259999997,Batter,5800,6743
Patrick Frick,,Unknown,0.3186,-345.0082826,Batter,5801,6744
Ramon Hernandez,,Unknown,0.31839999999999996,-345.0084826,Batter,5802,6745
Erik Ostberg,,Unknown,0.31809999999999994,-345.00878259999996,Batter,5803,6746
Kean Wong,,Unknown,0.3174,-345.00948259999996,Batter,5806,6747
Taylor Kohlwey,,Unknown,0.3174,-345.00948259999996,Batter,5807,6748
Brandon McIlwain,,Unknown,0.3162999999999999,-345.01058259999996,Batter,5808,6749
Michael Gigliotti,,Unknown,0.31600000000000006,-345.0108826,Batter,5812,6750
Glenn Santiago,,Unknown,0.31589999999999996,-345.0109826,Batter,5813,6751
Leonel Valera,,Unknown,0.31570000000000004,-345.0111826,Batter,5814,6752
Hunter Stovall,,Unknown,0.31565,-345.01123259999997,Batter,5815,6753
Tyler Payne,,Unknown,0.3156,-345.01128259999996,Batter,5816,6754
Steele Walker,,Unknown,0.31519999999999987,-345.0116826,Batter,5818,6755
Diego Velasquez,SFG,Unknown,0.31445,-345.01243259999995,Batter,5819,6756
Robbie Glendinning,,Unknown,0.31439999999999996,-345.0124826,Batter,5820,6757
Cristian Santana,,Unknown,0.3142,-345.01268259999995,Batter,5822,6758
Ryan McBroom,,Unknown,0.31349999999999995,-345.0133826,Batter,5824,6759
Jadiel Sanchez,,Unknown,0.3134,-345.0134826,Batter,5825,6760
Armani Smith,,Unknown,0.3116999999999999,-345.0151826,Batter,5831,6761
Agustin Ruiz,,Unknown,0.31170000000000003,-345.0151826,Batter,5830,6762
Andy Blake,,Unknown,0.3113999999999999,-345.0154826,Batter,5832,6763
Drew Campbell,,Unknown,0.3109,-345.0159826,Batter,5834,6764
José Sánchez,,Unknown,0.3102999999999999,-345.0165826,Batter,5837,6765
Tyler Osik,,Unknown,0.3103,-345.0165826,Batter,5836,6766
Bryson Horne,,Unknown,0.30860000000000004,-345.01828259999996,Batter,5838,6767
Marcus Wilson,,Unknown,0.3081,-345.01878259999995,Batter,5839,6768
Chavez Young,,Unknown,0.3078000000000001,-345.0190826,Batter,5840,6769
Gabriel Cancel,,Unknown,0.30699999999999994,-345.01988259999996,Batter,5843,6770
Colin Moran,SEA,Unknown,0.30689999999999995,-345.0199826,Batter,5844,6771
Joe Gray Jr.,,Unknown,0.30679999999999996,-345.02008259999997,Batter,5846,6772
Andrew Kachel,,Unknown,0.3066999999999999,-345.0201826,Batter,5847,6773
Kramer Robertson,,Unknown,0.3065,-345.02038259999995,Batter,5848,6774
Neftali Soto,,Unknown,0.30619999999999997,-345.0206826,Batter,5849,6775
Luis Yanel Diaz,,Unknown,0.30569999999999986,-345.0211826,Batter,5851,6776
Devin Mann,SFG,Unknown,0.30550000000000005,-345.0213826,Batter,5852,6777
Skye Bolt,,Unknown,0.3037,-345.0231826,Batter,5854,6778
Eddie Park,CHW,Unknown,0.3035,-345.0233826,Batter,5856,6779
D'Shawn Knowles,,Unknown,0.3029,-345.02398259999995,Batter,5857,6780
Adrián Sugastey,SFG,Unknown,0.3022,-345.02468259999995,Batter,5858,6781
Alex McGarry,,Unknown,0.3021000000000001,-345.0247826,Batter,5859,6782
Stephen Piscotty,,Unknown,0.30080000000000007,-345.0260826,Batter,5860,6783
Gilbert Lara,,Unknown,0.2999,-345.0269826,Batter,5861,6784
Zavier Warren,CIN,Unknown,0.29964999999999997,-345.0272326,Batter,5863,6785
Cortland Lawson,WSN,Unknown,0.2996,-345.0272826,Batter,5864,6786
Xavier Isaac,TBR,Unknown,0.29940000000000005,-345.0274826,Batter,5866,6787
Niko Hulsizer,,Unknown,0.29939999999999994,-345.0274826,Batter,5867,6788
Kevin Padlo,,Unknown,0.29940000000000005,-345.0274826,Batter,5865,6789
Matthew Etzel,MIA,Unknown,0.2983500000000001,-345.02853259999995,Batter,5869,6790
Adam Brett Walker,,Unknown,0.29800000000000015,-345.0288826,Batter,5871,6791
Tim Lopes,,Unknown,0.2977999999999999,-345.0290826,Batter,5872,6792
Preston Tucker,,Unknown,0.2974,-345.0294826,Batter,5873,6793
Josh Rivera,TOR,Unknown,0.29715,-345.0297326,Batter,5874,6794
Scott Kapers,,Unknown,0.2968,-345.03008259999996,Batter,5876,6795
Simon Whiteman,,Unknown,0.2963999999999999,-345.03048259999997,Batter,5877,6796
Mateo Gil,,Unknown,0.2963,-345.0305826,Batter,5878,6797
Wil Myers,,Unknown,0.29580000000000006,-345.0310826,Batter,5880,6798
Jeisson Rosario,ATH,Unknown,0.2958,-345.0310826,Batter,5881,6799
Freddy Zamora,MIL,Unknown,0.29574999999999996,-345.0311326,Batter,5882,6800
Sean Roby,,Unknown,0.29560000000000014,-345.0312826,Batter,5883,6801
Dong-Yub Kim,CHC,Unknown,0.2955,-345.0313826,Batter,5884,6802
Phil Clarke,,Unknown,0.2949,-345.0319826,Batter,5885,6803
Josh VanMeter,,Unknown,0.2946999999999999,-345.0321826,Batter,5887,6804
Jordan Qsar,,Unknown,0.29399999999999993,-345.0328826,Batter,5889,6805
Corey Rosier,BOS,Unknown,0.29385,-345.03303259999996,Batter,5891,6806
Fabian Pertuz,,Unknown,0.29380000000000006,-345.0330826,Batter,5892,6807
Kwang-Min Kwon,,Unknown,0.29359999999999997,-345.03328259999995,Batter,5893,6808
Riley Mahan,,Unknown,0.2934,-345.03348259999996,Batter,5894,6809
Drew Mount,,Unknown,0.2931999999999999,-345.03368259999996,Batter,5895,6810
Zach Daniels,,Unknown,0.2931999999999999,-345.03368259999996,Batter,5896,6811
Luis Toribio,,Unknown,0.29319999999999985,-345.03368259999996,Batter,5897,6812
Jaylin Davis,,Unknown,0.29289999999999994,-345.0339826,Batter,5898,6813
Beau Brewer,,Unknown,0.2923,-345.03458259999996,Batter,5901,6814
Josh Morgan,,Unknown,0.29179999999999995,-345.03508259999995,Batter,5902,6815
Mike Boeve,MIL,Unknown,0.29170000000000007,-345.0351826,Batter,5903,6816
Cody Morissette,MIA,Unknown,0.29155000000000003,-345.0353326,Batter,5905,6817
Justice Thompson,,Unknown,0.2915,-345.0353826,Batter,5906,6818
McCarthy Tatum,,Unknown,0.29140000000000005,-345.03548259999997,Batter,5907,6819
Gabe Matthews,,Unknown,0.2906999999999999,-345.03618259999996,Batter,5908,6820
PK Morris,,Unknown,0.2902999999999999,-345.0365826,Batter,5909,6821
Laz Rivera,,Unknown,0.2899,-345.0369826,Batter,5911,6822
Sheng-Ping Chen,,Unknown,0.28940000000000005,-345.0374826,Batter,5912,6823
Nate Baez,BOS,Unknown,0.28719999999999996,-345.0396826,Batter,5913,6824
Dustin Peterson,,Unknown,0.2861999999999999,-345.04068259999997,Batter,5915,6825
Kala'i Rosario,MIN,Unknown,0.2861000000000001,-345.0407826,Batter,5916,6826
Brian Navarreto,MIA,Unknown,0.28605,-345.0408326,Batter,5917,6827
Matt Reynolds,,Unknown,0.2848,-345.04208259999996,Batter,5919,6828
Charles McAdoo,TOR,Unknown,0.2844500000000001,-345.0424326,Batter,5920,6829
Noah Miller,LAD,Unknown,0.2843,-345.0425826,Batter,5921,6830
Willie Joe Garry Jr.,,Unknown,0.2840999999999999,-345.04278259999995,Batter,5923,6831
Jae-Hoon Ha,,Unknown,0.28280000000000005,-345.04408259999997,Batter,5926,6832
Mike Zunino,,Unknown,0.2822999999999999,-345.04458259999996,Batter,5927,6833
Clint Frazier,,Unknown,0.28180000000000005,-345.0450826,Batter,5929,6834
Tony Wolters,,Unknown,0.2814,-345.04548259999996,Batter,5930,6835
Korry Howell,,Unknown,0.2808,-345.0460826,Batter,5931,6836
Alexander Vargas,CIN,Unknown,0.28049999999999997,-345.04638259999996,Batter,5933,6837
Jack Larsen,,Unknown,0.28040000000000004,-345.0464826,Batter,5934,6838
Brandon Dixon,,Unknown,0.28020000000000006,-345.0466826,Batter,5935,6839
Jose Peroza,,Unknown,0.2802,-345.0466826,Batter,5936,6840
Evan Skoug,,Unknown,0.28019999999999995,-345.0466826,Batter,5937,6841
Jackson Glenn,,Unknown,0.2801,-345.0467826,Batter,5938,6842
Josh Stowers,,Unknown,0.2798,-345.04708259999995,Batter,5939,6843
Justin Toerner,,Unknown,0.27959999999999996,-345.04728259999996,Batter,5940,6844
Jorge Ona,,Unknown,0.2794999999999999,-345.0473826,Batter,5941,6845
Seth Beer,,Unknown,0.2792500000000001,-345.0476326,Batter,5942,6846
Joe Suozzi,,Unknown,0.27880000000000005,-345.0480826,Batter,5944,6847
Victor Mesa,MIA,Unknown,0.27649999999999997,-345.0503826,Batter,5949,6848
Ben Norman,,Unknown,0.27609999999999996,-345.0507826,Batter,5950,6849
Roman Quinn,COL,Unknown,0.27579999999999993,-345.0510826,Batter,5952,6850
Marwin Gonzalez,,Unknown,0.27550000000000013,-345.05138259999995,Batter,5954,6851
Drew Maggi,,Unknown,0.2754999999999999,-345.05138259999995,Batter,5955,6852
Aramis Garcia,ARI,Unknown,0.27529999999999993,-345.05158259999996,Batter,5956,6853
Connor Kaiser,KCR,Unknown,0.27509999999999996,-345.05178259999997,Batter,5957,6854
Yoelqui Céspedes,CHW,Unknown,0.27490000000000003,-345.0519826,Batter,5961,6855
Aaron Shackelford,,Unknown,0.27479999999999993,-345.05208259999995,Batter,5962,6856
Dilan Rosario,,Unknown,0.27470000000000017,-345.0521826,Batter,5963,6857
Pat Valaika,,Unknown,0.2745999999999999,-345.05228259999996,Batter,5964,6858
Tanner Kirwer,,Unknown,0.2743,-345.0525826,Batter,5966,6859
Nick Tanielu,,Unknown,0.274,-345.0528826,Batter,5968,6860
César Hernández,,Unknown,0.27399999999999997,-345.0528826,Batter,5969,6861
JJ Schwarz,,Unknown,0.27330000000000004,-345.05358259999997,Batter,5970,6862
Tristen Lutz,,Unknown,0.2730000000000001,-345.05388259999995,Batter,5972,6863
Jose Gomez,,Unknown,0.27280000000000004,-345.05408259999996,Batter,5973,6864
Michael Sandle,,Unknown,0.27249999999999996,-345.0543826,Batter,5974,6865
Anthony Bemboom,,Unknown,0.2720999999999999,-345.05478259999995,Batter,5975,6866
Lucius Fox,,Unknown,0.272,-345.0548826,Batter,5976,6867
Hiroyuki Nakajima,,Unknown,0.2719,-345.05498259999996,Batter,5977,6868
Zach Zubia,,Unknown,0.2717,-345.05518259999997,Batter,5978,6869
Kevin Graham,,Unknown,0.27075000000000005,-345.05613259999996,Batter,5981,6870
Patrick Dorrian,,Unknown,0.27040000000000003,-345.0564826,Batter,5982,6871
Euribiel Angeles,ATH,Unknown,0.26995,-345.0569326,Batter,5983,6872
Ross Adolph,,Unknown,0.2694,-345.05748259999996,Batter,5984,6873
Daniel Montano,,Unknown,0.2692,-345.05768259999996,Batter,5986,6874
Arquímedes Gamboa,,Unknown,0.2692,-345.05768259999996,Batter,5985,6875
Jarryd Dale,,Unknown,0.2682999999999999,-345.05858259999997,Batter,5987,6876
Diego Infante,,Unknown,0.26809999999999995,-345.0587826,Batter,5988,6877
Preston Palmeiro,,Unknown,0.2670999999999999,-345.05978259999995,Batter,5991,6878
Colin Simpson,,Unknown,0.26699999999999985,-345.0598826,Batter,5992,6879
Zach Reks,,Unknown,0.26669999999999994,-345.06018259999996,Batter,5993,6880
J.D. Orr,,Unknown,0.26560000000000006,-345.06128259999997,Batter,5996,6881
Nick Ward,,Unknown,0.2656,-345.06128259999997,Batter,5997,6882
Mason Martin,,Unknown,0.2653,-345.06158259999995,Batter,5998,6883
Morgan McCullough,,Unknown,0.2652,-345.0616826,Batter,5999,6884
Jean Ramirez,KCR,Unknown,0.2651,-345.06178259999996,Batter,6000,6885
Noah Cardenas,MIN,Unknown,0.26485000000000003,-345.06203259999995,Batter,6001,6886
Matt Scheffler,,Unknown,0.26449999999999996,-345.0623826,Batter,6003,6887
Thomas Francisco,,Unknown,0.26450000000000007,-345.0623826,Batter,6002,6888
Enrique Bradfield Jr.,BAL,Unknown,0.26425,-345.0626326,Batter,6004,6889
Jantzen Witte,,Unknown,0.26339999999999986,-345.0634826,Batter,6006,6890
Alexander Suarez,SFG,Unknown,0.26330000000000003,-345.06358259999996,Batter,6008,6891
Jose Acosta,,Unknown,0.2633,-345.06358259999996,Batter,6009,6892
Juan Zabala,,Unknown,0.2626,-345.06428259999996,Batter,6011,6893
Logan Davidson,TBR,Unknown,0.26094999999999996,-345.0659326,Batter,6013,6894
Gabriel Rodriguez,,Unknown,0.26059999999999994,-345.06628259999997,Batter,6014,6895
Robby Martin Jr.,,Unknown,0.26049999999999995,-345.0663826,Batter,6015,6896
Tyler Naquin,,Unknown,0.26010000000000005,-345.06678259999995,Batter,6016,6897
Joshwan Wright,,Unknown,0.2599,-345.06698259999996,Batter,6018,6898
Delvin Pérez,,Unknown,0.25949999999999995,-345.0673826,Batter,6020,6899
Sebastian Espino,,Unknown,0.2594,-345.06748259999995,Batter,6021,6900
Zack Collins,,Unknown,0.2593000000000001,-345.0675826,Batter,6023,6901
Chris Owings,,Unknown,0.2591,-345.0677826,Batter,6024,6902
Osvaldo Tovalin,,Unknown,0.2589999999999999,-345.06788259999996,Batter,6025,6903
ByungHo Park,,Unknown,0.25850000000000006,-345.06838259999995,Batter,6027,6904
Cristian Arguelles,COL,Unknown,0.2584000000000001,-345.0684826,Batter,6028,6905
Logan Warmoth,,Unknown,0.25800000000000006,-345.0688826,Batter,6029,6906
Niko Decolati,,Unknown,0.2575999999999999,-345.06928259999995,Batter,6031,6907
Jonathan Davis,,Unknown,0.2574,-345.06948259999996,Batter,6032,6908
Josh Sale,,Unknown,0.2569000000000001,-345.0699826,Batter,6034,6909
Rolando Espinosa,,Unknown,0.25689999999999985,-345.0699826,Batter,6035,6910
Yassel Pino,,Unknown,0.2568000000000001,-345.0700826,Batter,6036,6911
Joseph Rosa,,Unknown,0.2567999999999999,-345.0700826,Batter,6037,6912
Angel Zarate,,Unknown,0.25670000000000004,-345.07018259999995,Batter,6038,6913
Zac Cook,,Unknown,0.2565999999999999,-345.0702826,Batter,6039,6914
Pablo Nunez,CIN,Unknown,0.2564,-345.0704826,Batter,6041,6915
Bret Boswell,,Unknown,0.2561,-345.0707826,Batter,6042,6916
Andy Atwood,,Unknown,0.25520000000000004,-345.0716826,Batter,6043,6917
Justin Farmer,,Unknown,0.2552,-345.0716826,Batter,6044,6918
Jake Means,,Unknown,0.2551,-345.07178259999995,Batter,6045,6919
Landon Wallace,,Unknown,0.25459999999999994,-345.0722826,Batter,6046,6920
Loidel Chapelli,,Unknown,0.2544,-345.0724826,Batter,6048,6921
Jared Wegner,,Unknown,0.25434999999999997,-345.0725326,Batter,6049,6922
Herard Gonzalez,,Unknown,0.2542,-345.07268259999995,Batter,6050,6923
Mikey Perez,,Unknown,0.2537,-345.0731826,Batter,6052,6924
Israel Pineda,,Unknown,0.25329999999999997,-345.07358259999995,Batter,6053,6925
Hunter Dozier,,Unknown,0.2532,-345.0736826,Batter,6054,6926
Justin Dirden,,Unknown,0.2526999999999999,-345.0741826,Batter,6055,6927
Brandon Lewis,,Unknown,0.25239999999999996,-345.07448259999995,Batter,6056,6928
Garrett Wolforth,,Unknown,0.2522,-345.07468259999996,Batter,6059,6929
Paul Witt,,Unknown,0.25115,-345.0757326,Batter,6060,6930
Chris Rotondo,,Unknown,0.2509999999999999,-345.0758826,Batter,6061,6931
Grant Witherspoon,,Unknown,0.24979999999999986,-345.0770826,Batter,6063,6932
Brett Johnson,,Unknown,0.24960000000000004,-345.0772826,Batter,6065,6933
Haydn McGeary,CHC,Unknown,0.24955,-345.0773326,Batter,6066,6934
Will Frizzell,,Unknown,0.24930000000000002,-345.07758259999997,Batter,6067,6935
Kaden Polcovich,SEA,Unknown,0.2489,-345.0779826,Batter,6069,6936
Greg Deichmann,,Unknown,0.24879999999999997,-345.07808259999996,Batter,6070,6937
Carlos Luis,,Unknown,0.2485,-345.0783826,Batter,6071,6938
Branden Fryman,,Unknown,0.24849999999999994,-345.0783826,Batter,6072,6939
Jeffrey Wehler,,Unknown,0.24830000000000002,-345.0785826,Batter,6074,6940
Taylor Snyder,,Unknown,0.24799999999999994,-345.0788826,Batter,6076,6941
Eddinson Paulino,,Unknown,0.24735,-345.0795326,Batter,6079,6942
Connor Hoover,,Unknown,0.2464,-345.0804826,Batter,6080,6943
Isiah Gilliam,,Unknown,0.24599999999999989,-345.0808826,Batter,6081,6944
Alex McKenna,,Unknown,0.24539999999999995,-345.08148259999996,Batter,6083,6945
Juan Guerrero,,Unknown,0.2453499999999999,-345.0815326,Batter,6084,6946
Yunior Garcia,,Unknown,0.24510000000000004,-345.0817826,Batter,6085,6947
Terrin Vavra,,Unknown,0.24489999999999998,-345.0819826,Batter,6087,6948
Noah Campbell,,Unknown,0.24340000000000006,-345.08348259999997,Batter,6089,6949
Jackie Bradley Jr.,,Unknown,0.24309999999999982,-345.08378259999995,Batter,6090,6950
Michael Reed,,Unknown,0.24289999999999984,-345.08398259999996,Batter,6091,6951
Narciso Crook,,Unknown,0.24280000000000002,-345.0840826,Batter,6093,6952
Juan Centeno,ARI,Unknown,0.24279999999999996,-345.0840826,Batter,6094,6953
Jean Arnaez,,Unknown,0.24240000000000003,-345.0844826,Batter,6095,6954
Emmanuel Cedeno,TBR,Unknown,0.24209999999999993,-345.0847826,Batter,6096,6955
David Bañuelos,MIN,Unknown,0.24150000000000005,-345.0853826,Batter,6097,6956
Shane Matheny,,Unknown,0.24130000000000001,-345.08558259999995,Batter,6098,6957
Landon Stephens,,Unknown,0.24130000000000001,-345.08558259999995,Batter,6099,6958
Roque Salinas,,Unknown,0.2412,-345.0856826,Batter,6100,6959
Justin Lavey,,Unknown,0.24069999999999997,-345.0861826,Batter,6102,6960
Osiris Johnson,,Unknown,0.24029999999999996,-345.0865826,Batter,6103,6961
Madison Stokes,,Unknown,0.2391999999999999,-345.0876826,Batter,6105,6962
Jose Izarra,LAD,Unknown,0.2381000000000001,-345.0887826,Batter,6108,6963
Kyler Castillo,,Unknown,0.2376000000000001,-345.0892826,Batter,6110,6964
Ethan Workinger,ATL,Unknown,0.23745,-345.08943259999995,Batter,6112,6965
William Bergolla Jr.,CHW,Unknown,0.23655000000000007,-345.09033259999995,Batter,6114,6966
Manuel Sequera,,Unknown,0.23609999999999998,-345.09078259999995,Batter,6116,6967
Cristopher Navarro,,Unknown,0.23590000000000003,-345.09098259999996,Batter,6117,6968
Dylan Neuse,,Unknown,0.23480000000000006,-345.09208259999997,Batter,6118,6969
Matthew Dyer,,Unknown,0.2348,-345.09208259999997,Batter,6119,6970
Franklin Arias,BOS,Unknown,0.23475000000000001,-345.09213259999996,Batter,6120,6971
Dereck Salom,ATH,Unknown,0.23450000000000004,-345.09238259999995,Batter,6122,6972
Alex Hall,,Unknown,0.2345,-345.09238259999995,Batter,6123,6973
Narbe Cruz,HOU,Unknown,0.2343,-345.09258259999996,Batter,6125,6974
Lucas Dunn,,Unknown,0.23430000000000006,-345.09258259999996,Batter,6124,6975
Seth Gray,,Unknown,0.23420000000000002,-345.0926826,Batter,6127,6976
Brett Roberts,,Unknown,0.23379999999999995,-345.0930826,Batter,6129,6977
Diorland Zambrano,CIN,Unknown,0.23350000000000007,-345.0933826,Batter,6131,6978
Walking Cabrera,,Unknown,0.23320000000000002,-345.09368259999997,Batter,6133,6979
Jacob Pearson,,Unknown,0.23309999999999997,-345.0937826,Batter,6134,6980
Arturo De Freitas,,Unknown,0.23309999999999997,-345.0937826,Batter,6135,6981
Hendry Mendez,MIN,Unknown,0.23299999999999996,-345.0938826,Batter,6136,6982
Bryce Ball,,Unknown,0.23259999999999997,-345.0942826,Batter,6137,6983
Beau Philip,,Unknown,0.23200000000000004,-345.09488259999995,Batter,6138,6984
Phillip Glasser,WSN,Unknown,0.23164999999999997,-345.0952326,Batter,6139,6985
Felix Reyes,PHI,Unknown,0.23120000000000002,-345.0956826,Batter,6140,6986
Anthony Mulrine,,Unknown,0.23080000000000006,-345.0960826,Batter,6143,6987
Channy Ortiz,,Unknown,0.23079999999999998,-345.0960826,Batter,6144,6988
Jose Mena,,Unknown,0.23069999999999996,-345.09618259999996,Batter,6145,6989
Tyler Reichenborn,,Unknown,0.23009999999999986,-345.0967826,Batter,6146,6990
Spencer Henson,,Unknown,0.22960000000000003,-345.09728259999997,Batter,6150,6991
Kekai Rios,,Unknown,0.22959999999999986,-345.09728259999997,Batter,6151,6992
Kade Kretzschmar,,Unknown,0.22930000000000006,-345.09758259999995,Batter,6152,6993
Dakota Harris,STL,Unknown,0.2289,-345.09798259999997,Batter,6153,6994
Dylan Rock,,Unknown,0.22859999999999991,-345.0982826,Batter,6154,6995
Kevin Watson Jr,,Unknown,0.2283,-345.0985826,Batter,6155,6996
Joshua Kuroda-Grauer,ATH,Unknown,0.22775000000000006,-345.09913259999996,Batter,6157,6997
Hector Nieves,,Unknown,0.2275000000000001,-345.09938259999996,Batter,6159,6998
Roc Riggio,COL,Unknown,0.2274,-345.0994826,Batter,6160,6999
Drew Lugbauer,,Unknown,0.22690000000000005,-345.0999826,Batter,6161,7000
Ezequiel Pagan,,Unknown,0.2267,-345.1001826,Batter,6163,7001
Errol Robinson,BAL,Unknown,0.2261999999999999,-345.10068259999997,Batter,6164,7002
Mike Salvatore,,Unknown,0.226,-345.1008826,Batter,6165,7003
Nick Dalesandro,,Unknown,0.22399999999999998,-345.1028826,Batter,6168,7004
Tommy White,ATH,Unknown,0.2239,-345.10298259999996,Batter,6169,7005
Griffin Doersching,,Unknown,0.2238,-345.1030826,Batter,6170,7006
Yolmer Sánchez,LAA,Unknown,0.22319999999999995,-345.10368259999996,Batter,6171,7007
Sammy Infante,,Unknown,0.22259999999999996,-345.1042826,Batter,6172,7008
Zach Ehrhard,LAD,Unknown,0.22254999999999997,-345.10433259999996,Batter,6173,7009
Estiven Machado,,Unknown,0.2225,-345.10438259999995,Batter,6174,7010
Aron Estrada,BAL,Unknown,0.2216,-345.10528259999995,Batter,6176,7011
Diosbel Arias,,Unknown,0.2212,-345.10568259999997,Batter,6178,7012
Gionti Turner,,Unknown,0.22109999999999996,-345.1057826,Batter,6179,7013
Luis Arana,MIA,Unknown,0.221,-345.1058826,Batter,6180,7014
Ben DeLuzio,,Unknown,0.2201999999999999,-345.1066826,Batter,6182,7015
Yonathan Perlaza,,Unknown,0.22005,-345.10683259999996,Batter,6183,7016
Francisco Hernandez,,Unknown,0.2193,-345.1075826,Batter,6186,7017
Sahid Valenzuela,,Unknown,0.21869999999999998,-345.10818259999996,Batter,6187,7018
Chris Seise,,Unknown,0.21829999999999994,-345.1085826,Batter,6188,7019
Turner Hill,SFG,Unknown,0.21765,-345.1092326,Batter,6189,7020
Jeron Williams,HOU,Unknown,0.21745,-345.1094326,Batter,6190,7021
Arol Vera,LAA,Unknown,0.21704999999999997,-345.1098326,Batter,6191,7022
Chris Lanzilli,,Unknown,0.2168,-345.1100826,Batter,6193,7023
Jeffry Parra,,Unknown,0.21670000000000006,-345.1101826,Batter,6194,7024
Ronaldo Flores,,Unknown,0.21660000000000001,-345.11028259999995,Batter,6196,7025
Isaiah Greene,BAL,Unknown,0.21600000000000003,-345.11088259999997,Batter,6197,7026
Cole Carrigg,COL,Unknown,0.21584999999999996,-345.1110326,Batter,6199,7027
Carlos Santiago,,Unknown,0.2157,-345.11118259999995,Batter,6200,7028
Donovan Casey,,Unknown,0.21530000000000005,-345.11158259999996,Batter,6201,7029
Jhonny Perdomo,,Unknown,0.21309999999999996,-345.1137826,Batter,6203,7030
Brett Bateman,CHC,Unknown,0.21304999999999996,-345.11383259999997,Batter,6204,7031
Shervyen Newton,,Unknown,0.21290000000000003,-345.1139826,Batter,6205,7032
Brandon Martorano,,Unknown,0.2128,-345.11408259999996,Batter,6206,7033
Rudy Martin,KCR,Unknown,0.21255000000000007,-345.11433259999995,Batter,6208,7034
Romeo Sanabria,SDP,Unknown,0.21240000000000003,-345.1144826,Batter,6209,7035
Carlos Aguiar,,Unknown,0.21219999999999994,-345.1146826,Batter,6210,7036
Brendan Jones,MIA,Unknown,0.21205000000000002,-345.1148326,Batter,6211,7037
Cam Gallagher,,Unknown,0.21189999999999998,-345.11498259999996,Batter,6212,7038
Brandon Parker,,Unknown,0.21189999999999998,-345.11498259999996,Batter,6213,7039
Jorge Puerta,,Unknown,0.2113,-345.1155826,Batter,6215,7040
Elliot Soto,,Unknown,0.2112,-345.11568259999996,Batter,6216,7041
Johan De Los Santos,PIT,Unknown,0.21119999999999997,-345.11568259999996,Batter,6217,7042
Mitch Jebb,PIT,Unknown,0.20989999999999992,-345.1169826,Batter,6218,7043
Matt Whatley,,Unknown,0.2097,-345.1171826,Batter,6219,7044
Jack Reinheimer,,Unknown,0.2097,-345.1171826,Batter,6220,7045
Karell Paz,,Unknown,0.2097,-345.1171826,Batter,6221,7046
Joshua Baez,STL,Unknown,0.2095,-345.1173826,Batter,6222,7047
Sam Mongelli,LAD,Unknown,0.20849999999999996,-345.11838259999996,Batter,6225,7048
Ralphy Velazquez,CLE,Unknown,0.20844999999999997,-345.11843259999995,Batter,6226,7049
Anthony Garcia,,Unknown,0.20840000000000009,-345.1184826,Batter,6227,7050
Mike Peabody,,Unknown,0.20840000000000003,-345.1184826,Batter,6228,7051
Cayden Wallace,WSN,Unknown,0.20754999999999996,-345.11933259999995,Batter,6230,7052
Luke Berryhill,,Unknown,0.20700000000000007,-345.1198826,Batter,6231,7053
Breyson Guedez,ATH,Unknown,0.20670000000000002,-345.12018259999996,Batter,6232,7054
Jared Dickey,ATH,Unknown,0.2062,-345.12068259999995,Batter,6235,7055
Yonny Hernández,NYM,Unknown,0.20595000000000002,-345.1209326,Batter,6236,7056
Braylen Wimmer,COL,Unknown,0.2059,-345.1209826,Batter,6237,7057
Creed Willems,BAL,Unknown,0.20514999999999997,-345.1217326,Batter,6238,7058
Jamari Baylor,,Unknown,0.2046,-345.12228259999995,Batter,6239,7059
J.J. D'Orazio,LAA,Unknown,0.20454999999999995,-345.1223326,Batter,6240,7060
Jordy Barley,,Unknown,0.20450000000000002,-345.1223826,Batter,6241,7061
Jonah Advincula,CLE,Unknown,0.20439999999999997,-345.12248259999996,Batter,6242,7062
Stiven Acevedo,,Unknown,0.2042,-345.12268259999996,Batter,6243,7063
Alain Camou,,Unknown,0.20409999999999992,-345.1227826,Batter,6244,7064
Kyle Datres,,Unknown,0.20370000000000002,-345.12318259999995,Batter,6245,7065
Byeong-woo Jeon,,Unknown,0.2037,-345.12318259999995,Batter,6246,7066
Jan Mercado,,Unknown,0.20369999999999988,-345.12318259999995,Batter,6247,7067
Ben McLaughlin,ARI,Unknown,0.20325,-345.12363259999995,Batter,6248,7068
Patrick Clohisy,ATL,Unknown,0.20245000000000002,-345.1244326,Batter,6249,7069
Wuilfredo Antunez,CLE,Unknown,0.20225000000000004,-345.1246326,Batter,6250,7070
Ty Duvall,,Unknown,0.20220000000000005,-345.12468259999997,Batter,6251,7071
Torin Montgomery,,Unknown,0.20219999999999994,-345.12468259999997,Batter,6252,7072
Elis Barreat,,Unknown,0.20199999999999999,-345.1248826,Batter,6253,7073
Jason Matthews,CHW,Unknown,0.2017,-345.12518259999996,Batter,6254,7074
Jackson Loftin,,Unknown,0.2015,-345.12538259999997,Batter,6255,7075
Jose Sibrian,,Unknown,0.20120000000000005,-345.1256826,Batter,6256,7076
Estanlin Cassiani,,Unknown,0.20110000000000003,-345.1257826,Batter,6257,7077
Jon Jon Gazdar,STL,Unknown,0.20089999999999997,-345.1259826,Batter,6258,7078
Leandro Emiliani,,Unknown,0.2005,-345.1263826,Batter,6259,7079
Ryan Higgins,,Unknown,0.20040000000000008,-345.1264826,Batter,6260,7080
Braiden Ward,BOS,Unknown,0.2004,-345.1264826,Batter,6261,7081
Leo Balcazar,CIN,Unknown,0.20020000000000004,-345.1266826,Batter,6262,7082
Fenwick Trimble,MIA,Unknown,0.2,-345.1268826,Batter,6263,7083
Jesus Chirinos,,Unknown,0.1998999999999999,-345.12698259999996,Batter,6264,7084
Homer Bush Jr.,TBR,Unknown,0.19960000000000006,-345.1272826,Batter,6267,7085
Kendall George,LAD,Unknown,0.1995,-345.1273826,Batter,6268,7086
Cameron Masterman,,Unknown,0.19949999999999996,-345.1273826,Batter,6269,7087
Luis Morejon,COL,Unknown,0.19900000000000007,-345.12788259999996,Batter,6270,7088
Logan Porter,SFG,Unknown,0.19880000000000003,-345.12808259999997,Batter,6272,7089
Jhorman Bravo,BOS,Unknown,0.19879999999999998,-345.12808259999997,Batter,6273,7090
Termarr Johnson,PIT,Unknown,0.19874999999999998,-345.12813259999996,Batter,6274,7091
Carlos Amaya,,Unknown,0.19860000000000005,-345.1282826,Batter,6276,7092
Monte Harrison,,Unknown,0.19860000000000005,-345.1282826,Batter,6275,7093
Pedro Ramirez,CHC,Unknown,0.19855000000000003,-345.12833259999996,Batter,6277,7094
Reed Trimble,BAL,Unknown,0.19845,-345.1284326,Batter,6278,7095
Seth Stephenson,DET,Unknown,0.19830000000000003,-345.12858259999996,Batter,6279,7096
Caleb Hamilton,,Unknown,0.1981,-345.12878259999997,Batter,6280,7097
Justin Connell,,Unknown,0.1981,-345.12878259999997,Batter,6281,7098
Jared Oliva,SFG,Unknown,0.19805,-345.12883259999995,Batter,6282,7099
Keaton Anthony,PHI,Unknown,0.19805,-345.12883259999995,Batter,6283,7100
Miguel Ugueto,STL,Unknown,0.19785000000000003,-345.12903259999996,Batter,6284,7101
Rikuu Nishida,CHW,Unknown,0.19759999999999994,-345.12928259999995,Batter,6285,7102
Alejo Lopez,,Unknown,0.19695000000000004,-345.12993259999996,Batter,6286,7103
Colton Becker,KCR,Unknown,0.19680000000000003,-345.1300826,Batter,6287,7104
Bryant Betancourt,COL,Unknown,0.19625000000000004,-345.13063259999996,Batter,6288,7105
Guy Lipscomb,CLE,Unknown,0.19624999999999998,-345.13063259999996,Batter,6289,7106
Justin Bench,,Unknown,0.19619999999999999,-345.1306826,Batter,6291,7107
Jesus Galiz,LAD,Unknown,0.1962000000000001,-345.1306826,Batter,6290,7108
Miguel Palma,NYY,Unknown,0.19600000000000004,-345.13088259999995,Batter,6292,7109
Jared Thomas,COL,Unknown,0.19574999999999998,-345.1311326,Batter,6293,7110
Michael Berglund,,Unknown,0.19570000000000004,-345.1311826,Batter,6294,7111
Shane Muntz,,Unknown,0.19549999999999995,-345.1313826,Batter,6295,7112
Ronny Ugarte,COL,Unknown,0.19540000000000002,-345.13148259999997,Batter,6296,7113
Angel Genao,CLE,Unknown,0.1953,-345.1315826,Batter,6297,7114
Gregory Barrios,TBR,Unknown,0.19505,-345.1318326,Batter,6298,7115
Nick Cimillo,PIT,Unknown,0.195,-345.1318826,Batter,6300,7116
Luis Rodriguez,LAD,Unknown,0.19469999999999998,-345.13218259999996,Batter,6301,7117
Kyler Fedko,MIN,Unknown,0.19415,-345.1327326,Batter,6302,7118
Gilberto Jimenez,,Unknown,0.19409999999999994,-345.1327826,Batter,6303,7119
Jonathan Guzmán,,Unknown,0.19369999999999993,-345.1331826,Batter,6304,7120
Ryan Galanie,CHW,Unknown,0.1936500000000001,-345.1332326,Batter,6305,7121
Nelson Medina,,Unknown,0.19350000000000006,-345.1333826,Batter,6306,7122
Albert Fabian,SDP,Unknown,0.19344999999999996,-345.1334326,Batter,6307,7123
Aaron Whitefield,,Unknown,0.19330000000000008,-345.13358259999995,Batter,6308,7124
Gavin Collins,,Unknown,0.19330000000000003,-345.13358259999995,Batter,6309,7125
Leonardo Bernal,STL,Unknown,0.19269999999999998,-345.1341826,Batter,6310,7126
Caden Connor,CHW,Unknown,0.19229999999999997,-345.1345826,Batter,6312,7127
James Tibbs III,LAD,Unknown,0.19209999999999997,-345.1347826,Batter,6313,7128
Leosdany Molina,,Unknown,0.1918,-345.1350826,Batter,6314,7129
Jean Walters,ARI,Unknown,0.1917,-345.13518259999995,Batter,6315,7130
Steven Duggar,,Unknown,0.19169999999999987,-345.13518259999995,Batter,6316,7131
Dom Johnson,,Unknown,0.1916,-345.1352826,Batter,6317,7132
Chase Luttrell,,Unknown,0.1915,-345.13538259999996,Batter,6318,7133
Ricardo Rosario,,Unknown,0.19139999999999996,-345.1354826,Batter,6319,7134
Zach Levenson,STL,Unknown,0.19100000000000003,-345.1358826,Batter,6320,7135
Aidan Longwell,COL,Unknown,0.19089999999999996,-345.1359826,Batter,6322,7136
Nate Nankil,ATH,Unknown,0.19090000000000001,-345.1359826,Batter,6321,7137
Jorge Caballero,,Unknown,0.1904,-345.13648259999997,Batter,6324,7138
A.J. Ewing,NYM,Unknown,0.19010000000000005,-345.1367826,Batter,6326,7139
Michel Triana,,Unknown,0.19009999999999994,-345.1367826,Batter,6327,7140
Osleivis Basabe,SFG,Unknown,0.18945000000000004,-345.13743259999995,Batter,6329,7141
Cooper Pratt,MIL,Unknown,0.18925000000000006,-345.13763259999996,Batter,6330,7142
Blake Wright,COL,Unknown,0.1892,-345.13768259999995,Batter,6331,7143
Drew Ehrhard,BOS,Unknown,0.18894999999999998,-345.1379326,Batter,6332,7144
Ernny Ordonez,,Unknown,0.18859999999999993,-345.13828259999997,Batter,6334,7145
Luis Lara,MIL,Unknown,0.18850000000000006,-345.1383826,Batter,6335,7146
Juan Torres,NYY,Unknown,0.18840000000000007,-345.1384826,Batter,6336,7147
Tim Locastro,,Unknown,0.1882,-345.1386826,Batter,6337,7148
Ashton Creal,,Unknown,0.18779999999999997,-345.1390826,Batter,6338,7149
Griff O'Ferrall,BAL,Unknown,0.18755000000000005,-345.1393326,Batter,6340,7150
Brandon Butterworth,BAL,Unknown,0.18755000000000005,-345.1393326,Batter,6339,7151
Nick Decker,,Unknown,0.1875,-345.1393826,Batter,6341,7152
Alfredo Velásquez,BAL,Unknown,0.18740000000000004,-345.13948259999995,Batter,6342,7153
Jose Fernandez,ARI,Unknown,0.18714999999999998,-345.1397326,Batter,6344,7154
Jim Jarvis,ATL,Unknown,0.18704999999999994,-345.1398326,Batter,6345,7155
Gavin Conticello,ARI,Unknown,0.187,-345.13988259999996,Batter,6346,7156
Cristopher Barete,,Unknown,0.18680000000000002,-345.14008259999997,Batter,6347,7157
Casey Yamauchi,ATH,Unknown,0.18665,-345.1402326,Batter,6348,7158
Isaac De León,,Unknown,0.18640000000000007,-345.1404826,Batter,6349,7159
Chris Newell,LAD,Unknown,0.1863,-345.14058259999996,Batter,6350,7160
Daury Arias,,Unknown,0.18619999999999998,-345.1406826,Batter,6351,7161
Yamal Encarnacion,HOU,Unknown,0.18614999999999998,-345.1407326,Batter,6352,7162
Dayson Croes,SFG,Unknown,0.1861,-345.14078259999997,Batter,6353,7163
Rob Brantly,,Unknown,0.1857,-345.1411826,Batter,6354,7164
Trent Farquhar,PHI,Unknown,0.18564999999999998,-345.14123259999997,Batter,6355,7165
Junior Franco,ARI,Unknown,0.1855,-345.1413826,Batter,6357,7166
Caberea Weaver,,Unknown,0.1855,-345.1413826,Batter,6358,7167
Jose Cordova,COL,Unknown,0.18550000000000005,-345.1413826,Batter,6356,7168
Tavian Josenberger,BAL,Unknown,0.18530000000000002,-345.1415826,Batter,6360,7169
Brayden Taylor,TBR,Unknown,0.18525,-345.1416326,Batter,6361,7170
Jacob Reimer,NYM,Unknown,0.1849,-345.14198259999995,Batter,6362,7171
Erick Brito,PHI,Unknown,0.18469999999999998,-345.14218259999996,Batter,6363,7172
Jhoneiker Betancourt,,Unknown,0.1846,-345.1422826,Batter,6364,7173
Marco Argudin,TEX,Unknown,0.1845,-345.14238259999996,Batter,6365,7174
Josmir Reyes,NYM,Unknown,0.18439999999999998,-345.1424826,Batter,6367,7175
Kole Myers,LAD,Unknown,0.1844,-345.1424826,Batter,6366,7176
Stanley Tucker,BOS,Unknown,0.18430000000000002,-345.14258259999997,Batter,6368,7177
Will Simpson,TBR,Unknown,0.18389999999999998,-345.1429826,Batter,6370,7178
Yosy Galan,,Unknown,0.18390000000000006,-345.1429826,Batter,6369,7179
Ryan Leitch,,Unknown,0.18360000000000004,-345.14328259999996,Batter,6373,7180
Carlos Dominguez,,Unknown,0.1836000000000001,-345.14328259999996,Batter,6372,7181
Rubel Cespedes,LAA,Unknown,0.18325000000000002,-345.1436326,Batter,6375,7182
Ethan Anderson,BAL,Unknown,0.18255000000000005,-345.1443326,Batter,6376,7183
Spencer Nivens,KCR,Unknown,0.18229999999999996,-345.1445826,Batter,6377,7184
Dylan Campbell,PHI,Unknown,0.18220000000000003,-345.14468259999995,Batter,6379,7185
Sebastian Blanco,COL,Unknown,0.18150000000000002,-345.14538259999995,Batter,6381,7186
Jose Pastrano,,Unknown,0.18150000000000005,-345.14538259999995,Batter,6380,7187
Luke Adams,MIL,Unknown,0.1814,-345.1454826,Batter,6382,7188
Emaarion Boyd,MIA,Unknown,0.18125000000000002,-345.1456326,Batter,6383,7189
Baron Radcliff,,Unknown,0.181,-345.1458826,Batter,6384,7190
Demetrio Crisantes,ARI,Unknown,0.1809,-345.14598259999997,Batter,6385,7191
Sabin Ceballos,SFG,Unknown,0.18084999999999996,-345.14603259999996,Batter,6386,7192
Andy Weber,,Unknown,0.18084999999999996,-345.14603259999996,Batter,6387,7193
Miguel Bleis,BOS,Unknown,0.18079999999999996,-345.1460826,Batter,6388,7194
Jorge Lara,ARI,Unknown,0.18079999999999996,-345.1460826,Batter,6389,7195
Zac Fascia,,Unknown,0.18069999999999997,-345.1461826,Batter,6390,7196
Alan Angulo,KCR,Unknown,0.1806,-345.14628259999995,Batter,6391,7197
Andrew Pintar,MIA,Unknown,0.18019999999999997,-345.14668259999996,Batter,6393,7198
Adrian Pinto,TOR,Unknown,0.18,-345.14688259999997,Batter,6394,7199
Jefferson Rojas,CHC,Unknown,0.17995,-345.14693259999996,Batter,6395,7200
James Parker,,Unknown,0.17989999999999995,-345.1469826,Batter,6396,7201
Ty Hanchey,SFG,Unknown,0.17980000000000002,-345.1470826,Batter,6397,7202
Ramon Mendoza,STL,Unknown,0.1796,-345.1472826,Batter,6398,7203
Andrew Stevenson,,Unknown,0.17954999999999993,-345.14733259999997,Batter,6399,7204
Ynmanol Mariñez,,Unknown,0.1795,-345.14738259999996,Batter,6400,7205
Donta' Williams,,Unknown,0.17939999999999998,-345.1474826,Batter,6401,7206
Eddie Micheletti Jr.,TOR,Unknown,0.17934999999999998,-345.1475326,Batter,6402,7207
Isan Díaz,,Unknown,0.17904999999999996,-345.14783259999996,Batter,6403,7208
Gage Miller,MIA,Unknown,0.1789,-345.1479826,Batter,6404,7209
Victor Labrada,SEA,Unknown,0.17855,-345.1483326,Batter,6407,7210
P.J. Hilson,PIT,Unknown,0.17810000000000004,-345.1487826,Batter,6408,7211
Cristofer Torin,ARI,Unknown,0.17809999999999995,-345.1487826,Batter,6409,7212
Duce Gourson,PIT,Unknown,0.17800000000000005,-345.1488826,Batter,6410,7213
Matt Kroon,,Unknown,0.17779999999999999,-345.1490826,Batter,6412,7214
Tanner O'Tremba,,Unknown,0.17770000000000002,-345.14918259999996,Batter,6413,7215
Jake DeLeo,,Unknown,0.17770000000000002,-345.14918259999996,Batter,6414,7216
Max McDowell,,Unknown,0.17759999999999998,-345.1492826,Batter,6415,7217
Junior Sanchez,,Unknown,0.17749999999999996,-345.14938259999997,Batter,6416,7218
Chad Castillo,,Unknown,0.17719999999999997,-345.14968259999995,Batter,6417,7219
Mike Sirota,LAD,Unknown,0.17714999999999997,-345.1497326,Batter,6418,7220
Tyler Dearden,,Unknown,0.17670000000000002,-345.1501826,Batter,6419,7221
Brett Phillips,,Unknown,0.17670000000000002,-345.1501826,Batter,6420,7222
Manuel Pena,ARI,Unknown,0.17669999999999997,-345.1501826,Batter,6421,7223
Austin Overn,TBR,Unknown,0.17664999999999997,-345.1502326,Batter,6422,7224
Lexer Saduy,,Unknown,0.17660000000000003,-345.15028259999997,Batter,6423,7225
Victor Arias,TOR,Unknown,0.1766,-345.15028259999997,Batter,6424,7226
Clark Elliott,ATH,Unknown,0.17650000000000002,-345.1503826,Batter,6425,7227
William Simoneit,TOR,Unknown,0.1763,-345.15058259999995,Batter,6427,7228
Johnny Olmstead,MIA,Unknown,0.17629999999999998,-345.15058259999995,Batter,6428,7229
Carlos  Garces,CLE,Unknown,0.17630000000000004,-345.15058259999995,Batter,6426,7230
Adam Engel,,Unknown,0.17589999999999995,-345.15098259999996,Batter,6429,7231
Caleb Ricketts,PHI,Unknown,0.17585,-345.15103259999995,Batter,6430,7232
Cade Doughty,TOR,Unknown,0.1758,-345.1510826,Batter,6431,7233
Josue De Paula,LAD,Unknown,0.17565000000000006,-345.15123259999996,Batter,6432,7234
Nate George,BAL,Unknown,0.17559999999999998,-345.1512826,Batter,6433,7235
Blake Burke,MIL,Unknown,0.17535000000000003,-345.1515326,Batter,6434,7236
Juan Santander,,Unknown,0.17519999999999997,-345.15168259999996,Batter,6435,7237
Max Burt,,Unknown,0.17514999999999997,-345.1517326,Batter,6436,7238
Drew Ellis,,Unknown,0.17469999999999997,-345.1521826,Batter,6439,7239
Odalys Peguero,,Unknown,0.1745,-345.15238259999995,Batter,6440,7240
D'Andre Smith,NYM,Unknown,0.17445,-345.1524326,Batter,6442,7241
Mikey Romero,BOS,Unknown,0.17445000000000002,-345.1524326,Batter,6441,7242
Jake Vogel,,Unknown,0.1744,-345.1524826,Batter,6443,7243
Yhoswar Garcia,,Unknown,0.17420000000000002,-345.1526826,Batter,6445,7244
Colton Ledbetter,STL,Unknown,0.17420000000000002,-345.1526826,Batter,6444,7245
Andy Perez,COL,Unknown,0.17405000000000004,-345.15283259999995,Batter,6446,7246
Joe Stewart,,Unknown,0.1735,-345.1533826,Batter,6447,7247
Dub Gleed,MIA,Unknown,0.17345,-345.1534326,Batter,6448,7248
Cole Messina,COL,Unknown,0.17344999999999994,-345.1534326,Batter,6449,7249
Peyton Burdick,,Unknown,0.1729,-345.15398259999995,Batter,6451,7250
Adrian Santana,TBR,Unknown,0.17285000000000006,-345.1540326,Batter,6452,7251
Jayce Easley,,Unknown,0.17279999999999995,-345.1540826,Batter,6453,7252
Reivaj Garcia,,Unknown,0.17264999999999997,-345.1542326,Batter,6454,7253
Josueth Quinonez,DET,Unknown,0.17250000000000001,-345.15438259999996,Batter,6455,7254
Joo-Hyung Kim,,Unknown,0.1723,-345.15458259999997,Batter,6457,7255
Jeremy De La Rosa,,Unknown,0.17220000000000008,-345.1546826,Batter,6458,7256
Dameury Pena,MIN,Unknown,0.17215,-345.1547326,Batter,6459,7257
Will Bartlett,,Unknown,0.17199999999999993,-345.15488259999995,Batter,6460,7258
Jackson Castillo,NYY,Unknown,0.17175,-345.1551326,Batter,6461,7259
Garrett Frechette,,Unknown,0.17159999999999997,-345.15528259999996,Batter,6462,7260
Jacob Burke,CHW,Unknown,0.17139999999999997,-345.15548259999997,Batter,6463,7261
DJ Gladney,NYY,Unknown,0.17120000000000002,-345.1556826,Batter,6464,7262
Ghordy Santos,,Unknown,0.17109999999999997,-345.15578259999995,Batter,6465,7263
Gilberto Celestino,,Unknown,0.17105000000000004,-345.1558326,Batter,6466,7264
Hudson Potts,,Unknown,0.17099999999999999,-345.1558826,Batter,6467,7265
Eriel Dihigo,COL,Unknown,0.17089999999999994,-345.15598259999996,Batter,6468,7266
Jansel Luis,ARI,Unknown,0.17085,-345.1560326,Batter,6469,7267
Jose Escorche,,Unknown,0.17059999999999997,-345.1562826,Batter,6470,7268
Reidy Mercado,,Unknown,0.1703,-345.1565826,Batter,6472,7269
Luis Peña,MIL,Unknown,0.17010000000000003,-345.1567826,Batter,6473,7270
Cameron Cauley,TEX,Unknown,0.16949999999999998,-345.15738259999995,Batter,6475,7271
Ronaiker Palma,,Unknown,0.16949999999999996,-345.15738259999995,Batter,6476,7272
Justin Gonzales,BOS,Unknown,0.16934999999999992,-345.15753259999997,Batter,6477,7273
Marvin Alcantara,BOS,Unknown,0.16909999999999997,-345.15778259999996,Batter,6478,7274
Abrahan Gutierrez,NYY,Unknown,0.16900000000000004,-345.1578826,Batter,6479,7275
Eduardo Quintero,LAD,Unknown,0.1688,-345.1580826,Batter,6480,7276
Ian Petrutz,STL,Unknown,0.16849999999999998,-345.1583826,Batter,6481,7277
Micah Pries,,Unknown,0.16824999999999998,-345.1586326,Batter,6482,7278
Wesley Zapata,,Unknown,0.1678,-345.1590826,Batter,6484,7279
Mac Horvath,TBR,Unknown,0.1675,-345.15938259999996,Batter,6485,7280
Josh Zamora,,Unknown,0.16745000000000004,-345.1594326,Batter,6486,7281
Sam Kulasingam,KCR,Unknown,0.1674,-345.1594826,Batter,6487,7282
Luke Brown,,Unknown,0.16730000000000006,-345.15958259999996,Batter,6488,7283
Zach Morgan,SFG,Unknown,0.16725,-345.15963259999995,Batter,6489,7284
Blake Rambusch,SEA,Unknown,0.16705000000000003,-345.15983259999996,Batter,6490,7285
Austin Nola,,Unknown,0.16699999999999998,-345.1598826,Batter,6491,7286
Brayan Buelvas,ATH,Unknown,0.16695,-345.1599326,Batter,6492,7287
Austin Murr,PHI,Unknown,0.16620000000000001,-345.1606826,Batter,6493,7288
Tommy Hopfe,COL,Unknown,0.16610000000000003,-345.1607826,Batter,6494,7289
Freuddy Batista,HOU,Unknown,0.1658,-345.1610826,Batter,6495,7290
Vaun Brown,,Unknown,0.1658,-345.1610826,Batter,6496,7291
Ben Gobbel,LAA,Unknown,0.16560000000000002,-345.1612826,Batter,6497,7292
Barrett Riebock,,Unknown,0.1654,-345.1614826,Batter,6499,7293
Darlin Moquete,,Unknown,0.16529999999999997,-345.1615826,Batter,6501,7294
Carson Roccaforte,KCR,Unknown,0.1653,-345.1615826,Batter,6500,7295
Tanner Murphy,,Unknown,0.16500000000000015,-345.16188259999996,Batter,6502,7296
Kyle Nevin,LAD,Unknown,0.16489999999999996,-345.1619826,Batter,6504,7297
Hak-Ju Lee,,Unknown,0.16490000000000005,-345.1619826,Batter,6503,7298
Leandro Pineda,WSN,Unknown,0.1646,-345.16228259999997,Batter,6505,7299
Aaron McKeithan,SEA,Unknown,0.16444999999999999,-345.1624326,Batter,6506,7300
Dyan Jorge,COL,Unknown,0.16425,-345.1626326,Batter,6507,7301
Johnny Ascanio,CIN,Unknown,0.16384999999999994,-345.16303259999995,Batter,6509,7302
Ethan Salas,SDP,Unknown,0.16385,-345.16303259999995,Batter,6508,7303
Joe Naranjo,,Unknown,0.1637500000000001,-345.1631326,Batter,6510,7304
Connor Scott,KCR,Unknown,0.16369999999999998,-345.16318259999997,Batter,6512,7305
Angel Salio,CIN,Unknown,0.1637,-345.16318259999997,Batter,6511,7306
Angel Brachi,MIA,Unknown,0.16359999999999997,-345.1632826,Batter,6514,7307
Dante Nori,PHI,Unknown,0.16325000000000006,-345.16363259999997,Batter,6515,7308
Garret Guillemette,HOU,Unknown,0.16290000000000004,-345.1639826,Batter,6516,7309
Lazaro Montes,SEA,Unknown,0.16290000000000002,-345.1639826,Batter,6517,7310
Keith Jones II,TEX,Unknown,0.16259999999999994,-345.1642826,Batter,6518,7311
Jorge Burgos,TOR,Unknown,0.16249999999999998,-345.16438259999995,Batter,6519,7312
Marco Soto,,Unknown,0.16240000000000004,-345.1644826,Batter,6520,7313
Angel Galarraga,,Unknown,0.16239999999999993,-345.1644826,Batter,6521,7314
Luis Castro,,Unknown,0.16235000000000005,-345.1645326,Batter,6522,7315
Jack Brannigan,PIT,Unknown,0.1622,-345.1646826,Batter,6523,7316
Manuel Mejias,,Unknown,0.16190000000000004,-345.1649826,Batter,6524,7317
Ricardo Romero,CLE,Unknown,0.16189999999999996,-345.1649826,Batter,6525,7318
Eli Wilson,,Unknown,0.16180000000000003,-345.16508259999995,Batter,6526,7319
Lucas Spence,HOU,Unknown,0.1614,-345.16548259999996,Batter,6528,7320
Ruben Ibarra,CIN,Unknown,0.1614,-345.16548259999996,Batter,6529,7321
Roy Rivero,KCR,Unknown,0.16140000000000002,-345.16548259999996,Batter,6527,7322
Michael Snyder,MIA,Unknown,0.16110000000000002,-345.1657826,Batter,6530,7323
Ian Lewis Jr.,MIA,Unknown,0.16099999999999998,-345.1658826,Batter,6531,7324
Christian Knapczyk,CLE,Unknown,0.16089999999999996,-345.16598259999995,Batter,6532,7325
Jake Thompson,,Unknown,0.1608,-345.1660826,Batter,6533,7326
Connor Charping,SEA,Unknown,0.1608,-345.1660826,Batter,6534,7327
Harrison Spohn,,Unknown,0.16074999999999995,-345.16613259999997,Batter,6535,7328
Dasan Brown,MIL,Unknown,0.16055000000000003,-345.1663326,Batter,6537,7329
David Mershon,LAA,Unknown,0.16055000000000005,-345.1663326,Batter,6536,7330
Steven Rivas,,Unknown,0.1604,-345.1664826,Batter,6538,7331
Sandy Luciano,KCR,Unknown,0.16039999999999993,-345.1664826,Batter,6539,7332
Isaac Garcia,CIN,Unknown,0.1603,-345.16658259999997,Batter,6540,7333
David McCabe,ATL,Unknown,0.15999999999999998,-345.16688259999995,Batter,6542,7334
Thomas Sosa,BAL,Unknown,0.15974999999999998,-345.1671326,Batter,6543,7335
Miguel Welch,BOS,Unknown,0.15960000000000002,-345.16728259999996,Batter,6545,7336
Antonio Pimentel,PIT,Unknown,0.15960000000000005,-345.16728259999996,Batter,6544,7337
Jesus Baez,STL,Unknown,0.15950000000000003,-345.1673826,Batter,6546,7338
Jonny Butler,,Unknown,0.15919999999999998,-345.1676826,Batter,6547,7339
Devin Hurdle,,Unknown,0.15909999999999996,-345.16778259999995,Batter,6549,7340
Ryan Cesarini,CLE,Unknown,0.15905,-345.1678326,Batter,6550,7341
Jose Marcano,TEX,Unknown,0.15900000000000003,-345.1678826,Batter,6551,7342
Jean Carlos Sio,SFG,Unknown,0.15889999999999999,-345.16798259999996,Batter,6552,7343
Joseph Sullivan,HOU,Unknown,0.15889999999999996,-345.16798259999996,Batter,6553,7344
Luis Baez,HOU,Unknown,0.15880000000000002,-345.1680826,Batter,6554,7345
Jake Fox,CLE,Unknown,0.15864999999999999,-345.16823259999995,Batter,6555,7346
Kevin Kilpatrick Jr.,ATL,Unknown,0.15850000000000003,-345.1683826,Batter,6556,7347
Nick Mitchell,CLE,Unknown,0.1583,-345.1685826,Batter,6557,7348
Anthony Servideo,,Unknown,0.15810000000000013,-345.1687826,Batter,6558,7349
Manuel Palencia,NYY,Unknown,0.1581,-345.1687826,Batter,6559,7350
Max Stassi,,Unknown,0.15794999999999998,-345.16893259999995,Batter,6560,7351
John Peck,DET,Unknown,0.15794999999999995,-345.16893259999995,Batter,6561,7352
Tyler Miller,BOS,Unknown,0.15790000000000004,-345.1689826,Batter,6562,7353
Jace Avina,NYY,Unknown,0.1578,-345.16908259999997,Batter,6563,7354
Andrick Nava,MIL,Unknown,0.1577,-345.1691826,Batter,6565,7355
Jommer Hernandez,,Unknown,0.1577,-345.1691826,Batter,6566,7356
Sam Petersen,WSN,Unknown,0.15750000000000003,-345.16938259999995,Batter,6567,7357
Jeral Perez,CHW,Unknown,0.15700000000000003,-345.1698826,Batter,6569,7358
Ross Friedrick,,Unknown,0.15699999999999997,-345.1698826,Batter,6570,7359
Ronald Rosario,BOS,Unknown,0.15699999999999992,-345.1698826,Batter,6571,7360
Benjamin Blackwell,,Unknown,0.15689999999999998,-345.16998259999997,Batter,6572,7361
Ryan Jackson,SDP,Unknown,0.15685,-345.17003259999996,Batter,6573,7362
Jay Allen II,CIN,Unknown,0.15679999999999997,-345.1700826,Batter,6574,7363
Angel Ortiz,ARI,Unknown,0.15674999999999994,-345.1701326,Batter,6575,7364
Alfredo Duno,CIN,Unknown,0.1567,-345.1701826,Batter,6576,7365
Brennen Davis,SEA,Unknown,0.15655000000000002,-345.1703326,Batter,6578,7366
Murphy Stehly,WSN,Unknown,0.15639999999999998,-345.17048259999996,Batter,6579,7367
Kevin Made,WSN,Unknown,0.1562,-345.17068259999996,Batter,6580,7368
GJ Hill,COL,Unknown,0.15600000000000003,-345.17088259999997,Batter,6581,7369
Elaineiker Coronado,TOR,Unknown,0.15599999999999997,-345.17088259999997,Batter,6582,7370
Eduarqui Fernandez,,Unknown,0.15590000000000004,-345.1709826,Batter,6583,7371
Carson DeMartini,PHI,Unknown,0.15589999999999996,-345.1709826,Batter,6584,7372
Justin Johnson,KCR,Unknown,0.15580000000000005,-345.1710826,Batter,6585,7373
Alex Stone,TOR,Unknown,0.15579999999999997,-345.1710826,Batter,6586,7374
William Sullivan,,Unknown,0.15579999999999994,-345.1710826,Batter,6587,7375
Tony Bullard,MIA,Unknown,0.15575,-345.17113259999996,Batter,6588,7376
Cameron Sisneros,CHC,Unknown,0.15569999999999998,-345.17118259999995,Batter,6589,7377
Brett Squires,KCR,Unknown,0.15560000000000002,-345.1712826,Batter,6590,7378
Will McGillis,,Unknown,0.15559999999999996,-345.1712826,Batter,6591,7379
Enzo Paulino,,Unknown,0.15549999999999992,-345.17138259999996,Batter,6592,7380
Callan Moss,PIT,Unknown,0.15540000000000004,-345.1714826,Batter,6593,7381
Kennew Blanco,TOR,Unknown,0.15529999999999997,-345.17158259999997,Batter,6594,7382
Greg Allen,,Unknown,0.15505,-345.17183259999996,Batter,6597,7383
Damon Dues,,Unknown,0.15495,-345.1719326,Batter,6600,7384
Tomas Frick,NYY,Unknown,0.15495000000000006,-345.1719326,Batter,6598,7385
Maikol Escotto,,Unknown,0.15495000000000003,-345.1719326,Batter,6599,7386
Franklin Primera,BOS,Unknown,0.15469999999999995,-345.1721826,Batter,6601,7387
Carlos Franco,ATH,Unknown,0.15435000000000004,-345.17253259999995,Batter,6603,7388
Payton Green,MIA,Unknown,0.1542,-345.1726826,Batter,6605,7389
Angel Abreu,CLE,Unknown,0.15420000000000006,-345.1726826,Batter,6604,7390
Matt Higgins,,Unknown,0.15375000000000003,-345.1731326,Batter,6606,7391
Rainiel Rodriguez,STL,Unknown,0.15360000000000001,-345.1732826,Batter,6607,7392
Max Ferguson,BOS,Unknown,0.15355000000000002,-345.1733326,Batter,6608,7393
Carlos Gutierrez,SFG,Unknown,0.1535,-345.17338259999997,Batter,6609,7394
Duncan Pastore,NYY,Unknown,0.15340000000000004,-345.1734826,Batter,6610,7395
Omar Hernandez,KCR,Unknown,0.15339999999999998,-345.1734826,Batter,6611,7396
Juan Martinez,MIL,Unknown,0.1531,-345.1737826,Batter,6612,7397
Payton Henry,NYY,Unknown,0.15305000000000002,-345.17383259999997,Batter,6613,7398
Juan Macero,LAD,Unknown,0.1529,-345.1739826,Batter,6614,7399
Garrett Pennington,DET,Unknown,0.15264999999999995,-345.1742326,Batter,6615,7400
Francisco Acuna,SDP,Unknown,0.1525,-345.1743826,Batter,6616,7401
Seaver King,WSN,Unknown,0.15234999999999999,-345.17453259999996,Batter,6617,7402
Carlos Jorge,CIN,Unknown,0.15230000000000005,-345.17458259999995,Batter,6618,7403
Shane Sasaki,CIN,Unknown,0.1522,-345.1746826,Batter,6619,7404
Ryan Nicholson,LAA,Unknown,0.15200000000000005,-345.1748826,Batter,6620,7405
Aroon Escobar,PHI,Unknown,0.1519,-345.17498259999996,Batter,6621,7406
Modeifi Marte,ARI,Unknown,0.15184999999999998,-345.17503259999995,Batter,6622,7407
Erick Torres,KCR,Unknown,0.1518,-345.1750826,Batter,6623,7408
Raudelis Martinez,BOS,Unknown,0.15175,-345.1751326,Batter,6624,7409
Luis Encarnacion,,Unknown,0.15155000000000002,-345.1753326,Batter,6625,7410
Edgar Lugo,DET,Unknown,0.1512,-345.17568259999996,Batter,6628,7411
Ryan Spikes,TBR,Unknown,0.15109999999999993,-345.1757826,Batter,6630,7412
Starlin Gill,,Unknown,0.15109999999999998,-345.1757826,Batter,6629,7413
Bryce Willits,,Unknown,0.15095000000000003,-345.17593259999995,Batter,6632,7414
Cam Collier,CIN,Unknown,0.15095000000000003,-345.17593259999995,Batter,6631,7415
Yophery Rodriguez,BOS,Unknown,0.15075,-345.17613259999996,Batter,6633,7416
Joe Redfield,LAA,Unknown,0.15069999999999997,-345.1761826,Batter,6634,7417
Maick Collado,CLE,Unknown,0.15054999999999996,-345.17633259999997,Batter,6635,7418
Roberto Campos,DET,Unknown,0.15050000000000002,-345.17638259999995,Batter,6636,7419
Corey Joyce,,Unknown,0.1504,-345.1764826,Batter,6637,7420
Dylan Jasso,MIA,Unknown,0.15034999999999993,-345.1765326,Batter,6638,7421
Nick Lorusso,NYM,Unknown,0.15010000000000004,-345.17678259999997,Batter,6639,7422
Scott Bandura,SFG,Unknown,0.15005000000000002,-345.17683259999995,Batter,6640,7423
Edwin Díaz,HOU,Unknown,0.15005,-345.17683259999995,Batter,6641,7424
Riley Unroe,HOU,Unknown,0.15,-345.1768826,Batter,6645,7425
Juan Baez,MIL,Unknown,0.15000000000000002,-345.1768826,Batter,6644,7426
Jay Harry,TOR,Unknown,0.15,-345.1768826,Batter,6646,7427
Luis Cova,MIA,Unknown,0.15000000000000008,-345.1768826,Batter,6643,7428
Frank Rodriguez,LAD,Unknown,0.14990000000000003,-345.1769826,Batter,6647,7429
Jordan McCants,,Unknown,0.1498,-345.17708259999995,Batter,6648,7430
Aeverson Arteaga,SFG,Unknown,0.14975,-345.1771326,Batter,6649,7431
Coco Montes,,Unknown,0.14970000000000003,-345.1771826,Batter,6650,7432
Eduardo Guerrero,LAD,Unknown,0.14965,-345.17723259999997,Batter,6651,7433
Jake Lamb,,Unknown,0.14959999999999998,-345.17728259999996,Batter,6652,7434
Kevin Alvarez,HOU,Unknown,0.14950000000000002,-345.1773826,Batter,6653,7435
Dominic Pitelli,CIN,Unknown,0.14949999999999997,-345.1773826,Batter,6654,7436
Ryan Lasko,ATH,Unknown,0.14930000000000002,-345.1775826,Batter,6655,7437
Lyle Lin,,Unknown,0.1493,-345.1775826,Batter,6656,7438
Connor Caskenette,MIA,Unknown,0.14924999999999997,-345.1776326,Batter,6657,7439
Ethan O'Donnell,MIA,Unknown,0.14914999999999998,-345.17773259999996,Batter,6658,7440
Charlie Szykowny,SFG,Unknown,0.14899999999999997,-345.1778826,Batter,6659,7441
Christian Gonzalez,CHW,Unknown,0.14849999999999997,-345.17838259999996,Batter,6660,7442
Damon Keith,LAD,Unknown,0.14844999999999997,-345.17843259999995,Batter,6662,7443
Johnfrank Salazar,STL,Unknown,0.14845,-345.17843259999995,Batter,6661,7444
Garrett Martin,NYY,Unknown,0.14834999999999998,-345.1785326,Batter,6663,7445
Kadon Morton,,Unknown,0.14830000000000004,-345.17858259999997,Batter,6664,7446
Jack Blomgren,,Unknown,0.14794999999999997,-345.1789326,Batter,6665,7447
Onix Vega,NYM,Unknown,0.1476,-345.17928259999996,Batter,6666,7448
John Gil,ATL,Unknown,0.14730000000000004,-345.1795826,Batter,6667,7449
Anderdson Rojas,ARI,Unknown,0.14715,-345.17973259999997,Batter,6668,7450
Carter Aldrete,,Unknown,0.14705000000000004,-345.1798326,Batter,6669,7451
Jarrod Belbin,,Unknown,0.14689999999999992,-345.17998259999996,Batter,6670,7452
Parks Harber,SFG,Unknown,0.1463,-345.1805826,Batter,6673,7453
Brian O'Keefe,SEA,Unknown,0.14620000000000002,-345.18068259999995,Batter,6674,7454
Dixon Machado,,Unknown,0.14605,-345.1808326,Batter,6675,7455
Shawn Goosenberg,,Unknown,0.14595000000000005,-345.18093259999995,Batter,6676,7456
Devin Ortiz,CHC,Unknown,0.14595,-345.18093259999995,Batter,6677,7457
Elih Marrero,KCR,Unknown,0.1459,-345.1809826,Batter,6678,7458
Nerwilian Cedeño,,Unknown,0.14589999999999997,-345.1809826,Batter,6679,7459
Alfonsin Rosario,CLE,Unknown,0.14580000000000007,-345.18108259999997,Batter,6680,7460
Jack Alexander,,Unknown,0.14579999999999999,-345.18108259999997,Batter,6681,7461
Julio E. Rodriguez,,Unknown,0.14579999999999999,-345.18108259999997,Batter,6682,7462
Jake Marisnick,,Unknown,0.1457,-345.1811826,Batter,6683,7463
Eduardo Tait,MIN,Unknown,0.14559999999999998,-345.1812826,Batter,6684,7464
Caden Kendle,MIN,Unknown,0.14555,-345.18133259999996,Batter,6686,7465
Graysen Tarlow,STL,Unknown,0.14555000000000007,-345.18133259999996,Batter,6685,7466
Noelberth Romero,BAL,Unknown,0.14549999999999996,-345.18138259999995,Batter,6687,7467
Victor Santana,ARI,Unknown,0.14540000000000003,-345.1814826,Batter,6688,7468
Kai Murphy,SDP,Unknown,0.14535000000000003,-345.18153259999997,Batter,6689,7469
Jake Gelof,LAD,Unknown,0.14520000000000005,-345.1816826,Batter,6690,7470
Jack Pineda,KCR,Unknown,0.14515000000000006,-345.1817326,Batter,6691,7471
Sam Praytor,MIA,Unknown,0.14515000000000003,-345.1817326,Batter,6692,7472
Adam Hackenberg,CHW,Unknown,0.14514999999999995,-345.1817326,Batter,6693,7473
Samuel Zavala,CHW,Unknown,0.14504999999999998,-345.18183259999995,Batter,6694,7474
Yeniel Laboy,,Unknown,0.1449999999999999,-345.1818826,Batter,6695,7475
Jack Costello,SDP,Unknown,0.14495000000000005,-345.1819326,Batter,6696,7476
Erick De La Cruz,ARI,Unknown,0.14489999999999997,-345.18198259999997,Batter,6697,7477
Je'Von Ward,TOR,Unknown,0.14459999999999995,-345.18228259999995,Batter,6698,7478
Ronny Polanco,,Unknown,0.14459999999999995,-345.18228259999995,Batter,6699,7479
Jonah Cox,SFG,Unknown,0.14450000000000002,-345.1823826,Batter,6700,7480
Parker Chavers,CHC,Unknown,0.14429999999999998,-345.1825826,Batter,6701,7481
Dorian Soto,BOS,Unknown,0.14419999999999997,-345.18268259999996,Batter,6703,7482
Drew Compton,ATL,Unknown,0.14410000000000003,-345.1827826,Batter,6704,7483
Jose Astudillo,SFG,Unknown,0.1441,-345.1827826,Batter,6705,7484
Imanol Vargas,,Unknown,0.14399999999999996,-345.18288259999997,Batter,6707,7485
Javier Rivas,PIT,Unknown,0.14385000000000003,-345.1830326,Batter,6708,7486
Kyle Sinzza,ARI,Unknown,0.1437,-345.18318259999995,Batter,6710,7487
Brett Callahan,DET,Unknown,0.14365000000000003,-345.1832326,Batter,6711,7488
Nick Kahle,,Unknown,0.14350000000000002,-345.18338259999996,Batter,6712,7489
Cole Conn,ATH,Unknown,0.14345,-345.1834326,Batter,6714,7490
Dylan Dreiling,TEX,Unknown,0.14344999999999994,-345.1834326,Batter,6715,7491
Brody Moore,STL,Unknown,0.14345,-345.1834326,Batter,6713,7492
Marco Dinges,MIL,Unknown,0.14340000000000003,-345.1834826,Batter,6716,7493
Yaxson Lucena,STL,Unknown,0.14339999999999997,-345.1834826,Batter,6717,7494
Roynier Hernandez,COL,Unknown,0.14334999999999995,-345.1835326,Batter,6718,7495
Colby Shade,MIA,Unknown,0.14325,-345.18363259999995,Batter,6719,7496
Colin Barber,,Unknown,0.14319999999999997,-345.1836826,Batter,6721,7497
Esteban González,CLE,Unknown,0.14320000000000005,-345.1836826,Batter,6720,7498
Ezequiel Pena,CHC,Unknown,0.14309999999999995,-345.1837826,Batter,6722,7499
Diwarys Encarnacion,MIA,Unknown,0.14300000000000002,-345.1838826,Batter,6723,7500
Hector Osorio,TEX,Unknown,0.14300000000000002,-345.1838826,Batter,6724,7501
Mario Camilletti,CHW,Unknown,0.14295000000000002,-345.1839326,Batter,6725,7502
Lisbel Diaz,SFG,Unknown,0.14294999999999997,-345.1839326,Batter,6726,7503
Jack Herman,,Unknown,0.14289999999999997,-345.1839826,Batter,6728,7504
Jose Cordoba,STL,Unknown,0.14290000000000003,-345.1839826,Batter,6727,7505
Pierce Bennett,,Unknown,0.14285,-345.18403259999997,Batter,6729,7506
Alvaro Aguero,,Unknown,0.14259999999999995,-345.18428259999996,Batter,6730,7507
Rafael Cruz,,Unknown,0.14259999999999995,-345.18428259999996,Batter,6731,7508
Bradley Zimmer,,Unknown,0.14249999999999996,-345.1843826,Batter,6732,7509
Gabriel Davalillo,LAA,Unknown,0.14239999999999997,-345.18448259999997,Batter,6733,7510
Brett Auerbach,,Unknown,0.14225,-345.1846326,Batter,6734,7511
Jesus Valdez,ARI,Unknown,0.14220000000000002,-345.1846826,Batter,6735,7512
Adbiel Feliz,PIT,Unknown,0.14210000000000003,-345.18478259999995,Batter,6736,7513
Richie Martin,TEX,Unknown,0.14204999999999993,-345.1848326,Batter,6739,7514
Dillon Lewis,MIA,Unknown,0.14204999999999995,-345.1848326,Batter,6738,7515
Dustin Dickerson,KCR,Unknown,0.14205,-345.1848326,Batter,6737,7516
Travis Swaggerty,,Unknown,0.142,-345.1848826,Batter,6741,7517
Aaron Antonini,DET,Unknown,0.142,-345.1848826,Batter,6740,7518
Will Bush,HOU,Unknown,0.14185,-345.1850326,Batter,6743,7519
Jacob Cozart,CLE,Unknown,0.14185000000000003,-345.1850326,Batter,6742,7520
Luis Aguilera,DET,Unknown,0.14159999999999998,-345.1852826,Batter,6744,7521
John McHenry,,Unknown,0.14140000000000008,-345.1854826,Batter,6745,7522
Keiner Delgado,PIT,Unknown,0.14140000000000003,-345.1854826,Batter,6746,7523
George Lombard Jr.,NYY,Unknown,0.14135,-345.1855326,Batter,6747,7524
Danny Serretti,ARI,Unknown,0.14125000000000004,-345.18563259999996,Batter,6748,7525
Randy Bednar,,Unknown,0.1412,-345.18568259999995,Batter,6749,7526
Jace Bohrofen,TOR,Unknown,0.1411,-345.1857826,Batter,6750,7527
Michael Pérez,,Unknown,0.14105,-345.18583259999997,Batter,6751,7528
Jesús Made,MIL,Unknown,0.141,-345.18588259999996,Batter,6752,7529
Junior Suriel,LAA,Unknown,0.14089999999999997,-345.1859826,Batter,6753,7530
Émilien Pitre,TBR,Unknown,0.14069999999999996,-345.1861826,Batter,6755,7531
Alexander Rincon,BAL,Unknown,0.1407,-345.1861826,Batter,6754,7532
Brock Rodden,SEA,Unknown,0.14045000000000005,-345.1864326,Batter,6756,7533
Peyton Williams,TOR,Unknown,0.14034999999999992,-345.18653259999996,Batter,6758,7534
Angel Mateo,TBR,Unknown,0.1402,-345.1866826,Batter,6759,7535
Ryan McCarthy,,Unknown,0.1402,-345.1866826,Batter,6760,7536
Viandel Pena,WSN,Unknown,0.13999999999999996,-345.1868826,Batter,6761,7537
Elio Prado,,Unknown,0.13984999999999995,-345.18703259999995,Batter,6762,7538
Allan Cerda,,Unknown,0.13975000000000007,-345.1871326,Batter,6763,7539
Andy Garriola,CHC,Unknown,0.13970000000000002,-345.18718259999997,Batter,6764,7540
Cristian Hernandez,MIA,Unknown,0.1397,-345.18718259999997,Batter,6765,7541
David Martin,ARI,Unknown,0.13964999999999997,-345.18723259999996,Batter,6766,7542
Anthony Gutierrez,TEX,Unknown,0.13925,-345.1876326,Batter,6767,7543
Travis Honeyman,STL,Unknown,0.1392,-345.18768259999996,Batter,6768,7544
E.J. Exposito,ATL,Unknown,0.13895,-345.18793259999995,Batter,6771,7545
Josh Breaux,CHW,Unknown,0.13895000000000005,-345.18793259999995,Batter,6770,7546
Frank Hernandez,,Unknown,0.1385,-345.18838259999995,Batter,6772,7547
Carlos Rojas,,Unknown,0.13840000000000002,-345.1884826,Batter,6773,7548
Jair Casanova,,Unknown,0.13839999999999997,-345.1884826,Batter,6774,7549
Noah Myers,TBR,Unknown,0.13830000000000003,-345.18858259999996,Batter,6775,7550
Enmanuel Tejeda,NYY,Unknown,0.13829999999999998,-345.18858259999996,Batter,6776,7551
Justin Janas,,Unknown,0.13829999999999998,-345.18858259999996,Batter,6777,7552
Colby Smelley,,Unknown,0.13820000000000002,-345.1886826,Batter,6778,7553
Jose Cerice,KCR,Unknown,0.13810000000000003,-345.18878259999997,Batter,6779,7554
Juan Jerez,,Unknown,0.13799999999999996,-345.1888826,Batter,6780,7555
Jheremy Vargas,MIL,Unknown,0.13795000000000002,-345.1889326,Batter,6781,7556
Nick Goodwin,TOR,Unknown,0.13790000000000002,-345.1889826,Batter,6782,7557
Tatem Levins,TBR,Unknown,0.13780000000000003,-345.18908259999995,Batter,6783,7558
Moisés Gómez,,Unknown,0.13770000000000004,-345.1891826,Batter,6784,7559
Delino DeShields,,Unknown,0.1376,-345.18928259999996,Batter,6785,7560
Ryan Campos,STL,Unknown,0.1374,-345.18948259999996,Batter,6786,7561
Andy Lugo,MIN,Unknown,0.13725,-345.1896326,Batter,6787,7562
T.J. Schofield-Sam,,Unknown,0.13715000000000002,-345.18973259999996,Batter,6788,7563
Cutter Coffey,TOR,Unknown,0.13709999999999997,-345.1897826,Batter,6789,7564
Caleb Bonemer,CHW,Unknown,0.13694999999999996,-345.18993259999996,Batter,6790,7565
Andry Javier,,Unknown,0.1367,-345.19018259999996,Batter,6793,7566
Trevor Austin,HOU,Unknown,0.13670000000000004,-345.19018259999996,Batter,6792,7567
Douglas Hodo III,BAL,Unknown,0.13665000000000002,-345.1902326,Batter,6794,7568
Sean Keys,TOR,Unknown,0.13665,-345.1902326,Batter,6795,7569
Jose Salas,MIN,Unknown,0.13660000000000003,-345.1902826,Batter,6796,7570
Zyhir Hope,LAD,Unknown,0.13654999999999998,-345.1903326,Batter,6797,7571
Axiel Plaz,PIT,Unknown,0.13649999999999998,-345.19038259999996,Batter,6798,7572
Victor Rodrigues,LAD,Unknown,0.13635000000000003,-345.1905326,Batter,6800,7573
Alexis Hernandez,TOR,Unknown,0.13635,-345.1905326,Batter,6801,7574
Juan Matheus,MIA,Unknown,0.13635000000000003,-345.1905326,Batter,6799,7575
Zach Humphreys,LAA,Unknown,0.13625,-345.19063259999996,Batter,6802,7576
Aaron Parker,TOR,Unknown,0.13599999999999998,-345.19088259999995,Batter,6803,7577
Tommy Hawke,CLE,Unknown,0.13595000000000002,-345.1909326,Batter,6804,7578
Anthony Stephan,CIN,Unknown,0.13575,-345.1911326,Batter,6805,7579
Omar Alfonzo,PIT,Unknown,0.1357,-345.1911826,Batter,6806,7580
Skyler Messinger,COL,Unknown,0.1353,-345.1915826,Batter,6807,7581
Woody Hadeen,DET,Unknown,0.1351,-345.19178259999995,Batter,6808,7582
Arjun Nimmala,TOR,Unknown,0.13500000000000004,-345.1918826,Batter,6809,7583
Jacob Sharp,TOR,Unknown,0.13484999999999997,-345.1920326,Batter,6810,7584
Calvin Harris,CHW,Unknown,0.13479999999999998,-345.1920826,Batter,6811,7585
Brooks Brannon,BOS,Unknown,0.13475,-345.1921326,Batter,6812,7586
Branden Boissiere,WSN,Unknown,0.13474999999999998,-345.1921326,Batter,6813,7587
Austin Callahan,CIN,Unknown,0.1346,-345.1922826,Batter,6815,7588
Josh Adamczewski,MIL,Unknown,0.13459999999999994,-345.1922826,Batter,6816,7589
Carter Trice,CHC,Unknown,0.1345,-345.1923826,Batter,6817,7590
Juan Benjamin,CLE,Unknown,0.13445,-345.19243259999996,Batter,6819,7591
Angel Acosta,KCR,Unknown,0.13445000000000001,-345.19243259999996,Batter,6818,7592
Adari Grant,,Unknown,0.13429999999999997,-345.1925826,Batter,6821,7593
Marshall Toole,TBR,Unknown,0.1343,-345.1925826,Batter,6820,7594
Angel Ramirez,KCR,Unknown,0.1341,-345.1927826,Batter,6822,7595
Chris Brito,KCR,Unknown,0.13405,-345.1928326,Batter,6823,7596
Ahbram Liendo,BOS,Unknown,0.13404999999999995,-345.1928326,Batter,6824,7597
Chase Adkison,STL,Unknown,0.13395,-345.19293259999995,Batter,6825,7598
Daneurys De La Cruz,,Unknown,0.13369999999999999,-345.1931826,Batter,6826,7599
Asbel Gonzalez,KCR,Unknown,0.13355000000000003,-345.19333259999996,Batter,6827,7600
Johnathon Thomas,WSN,Unknown,0.13349999999999998,-345.19338259999995,Batter,6828,7601
Heriberto Rincon,NYM,Unknown,0.13319999999999999,-345.1936826,Batter,6829,7602
Geraldi Diaz,,Unknown,0.1331,-345.19378259999996,Batter,6830,7603
Bill Knight,SEA,Unknown,0.13285,-345.19403259999996,Batter,6831,7604
Matthew Clayton,,Unknown,0.13280000000000003,-345.1940826,Batter,6832,7605
Jose Torres,COL,Unknown,0.13269999999999998,-345.1941826,Batter,6833,7606
Andreimi Antunez,TBR,Unknown,0.13260000000000005,-345.19428259999995,Batter,6834,7607
Kendall Simmons,,Unknown,0.1326,-345.19428259999995,Batter,6835,7608
Arturo Disla,TEX,Unknown,0.13254999999999997,-345.1943326,Batter,6836,7609
Jackson Appel,CHW,Unknown,0.1325,-345.1943826,Batter,6838,7610
Victor Figueroa,BAL,Unknown,0.13249999999999998,-345.1943826,Batter,6839,7611
Chase Davis,STL,Unknown,0.1325,-345.1943826,Batter,6837,7612
Kyle DeBarge,MIN,Unknown,0.13245000000000004,-345.19443259999997,Batter,6840,7613
Bennett Thompson,CLE,Unknown,0.1324,-345.19448259999996,Batter,6841,7614
JT Mabry,,Unknown,0.13239999999999996,-345.19448259999996,Batter,6842,7615
Fernando Peguero,BAL,Unknown,0.13235,-345.1945326,Batter,6843,7616
Thayron Liranzo,DET,Unknown,0.13230000000000003,-345.1945826,Batter,6844,7617
Colby Halter,ATH,Unknown,0.13205,-345.1948326,Batter,6845,7618
Juan Sanchez,TOR,Unknown,0.132,-345.19488259999997,Batter,6846,7619
Robert Robertis,,Unknown,0.13189999999999996,-345.1949826,Batter,6847,7620
Ryan McCarty,TOR,Unknown,0.1317,-345.19518259999995,Batter,6848,7621
Dalvy Rosario,,Unknown,0.13165,-345.1952326,Batter,6849,7622
Robert Calaz,COL,Unknown,0.13155000000000003,-345.1953326,Batter,6850,7623
Gerardo Rodriguez,BOS,Unknown,0.1315,-345.19538259999996,Batter,6851,7624
Darwin De Leon,HOU,Unknown,0.13149999999999995,-345.19538259999996,Batter,6852,7625
Derik Alcantara,CHC,Unknown,0.13145,-345.1954326,Batter,6853,7626
Misael Urbina,,Unknown,0.13144999999999998,-345.1954326,Batter,6854,7627
Elis Cuevas,BAL,Unknown,0.13140000000000002,-345.1954826,Batter,6855,7628
Junior Tilien,DET,Unknown,0.13134999999999997,-345.1955326,Batter,6856,7629
Derek Bernard,COL,Unknown,0.13120000000000004,-345.1956826,Batter,6857,7630
Jancel Villarroel,SFG,Unknown,0.13114999999999996,-345.1957326,Batter,6858,7631
Kane Kepley,CHC,Unknown,0.13095000000000004,-345.1959326,Batter,6859,7632
Davis Diaz,ATH,Unknown,0.13095,-345.1959326,Batter,6860,7633
Chris Okey,,Unknown,0.13090000000000004,-345.1959826,Batter,6861,7634
Fredderick Ovalle,PIT,Unknown,0.13090000000000002,-345.1959826,Batter,6862,7635
Samuel Escudero,PIT,Unknown,0.13080000000000008,-345.19608259999995,Batter,6863,7636
Coby Morales,NYY,Unknown,0.13065,-345.1962326,Batter,6864,7637
Roldy Brito,COL,Unknown,0.1305,-345.1963826,Batter,6866,7638
Nolan Sailors,KCR,Unknown,0.13045000000000004,-345.1964326,Batter,6868,7639
Chris Suero,NYM,Unknown,0.1303,-345.1965826,Batter,6870,7640
Donovan Antonia,,Unknown,0.13020000000000004,-345.1966826,Batter,6871,7641
Yiddi Cappe,MIA,Unknown,0.1301,-345.19678259999995,Batter,6873,7642
Felix Stevens,,Unknown,0.13009999999999994,-345.19678259999995,Batter,6874,7643
Bubba Alleyne,,Unknown,0.13010000000000002,-345.19678259999995,Batter,6872,7644
Braedon Karpathios,SDP,Unknown,0.12999999999999998,-345.1968826,Batter,6875,7645
Juneiker Caceres,CLE,Unknown,0.12995,-345.19693259999997,Batter,6876,7646
Starlyn Nunez,BOS,Unknown,0.12994999999999998,-345.19693259999997,Batter,6877,7647
Kasen Wells,SDP,Unknown,0.12990000000000002,-345.19698259999996,Batter,6878,7648
Cameron Leary,ATH,Unknown,0.12985000000000002,-345.1970326,Batter,6879,7649
Kobe Kato,,Unknown,0.1298,-345.1970826,Batter,6880,7650
Christopher Familia,,Unknown,0.12950000000000003,-345.19738259999997,Batter,6882,7651
Jordan Nwogu,CHC,Unknown,0.12945000000000004,-345.19743259999996,Batter,6883,7652
Kyle Lodise,CHW,Unknown,0.12944999999999998,-345.19743259999996,Batter,6884,7653
Daniel Campos,CHC,Unknown,0.12940000000000002,-345.1974826,Batter,6885,7654
Drew Cavanaugh,SFG,Unknown,0.12939999999999996,-345.1974826,Batter,6886,7655
Tres Barrera,WSN,Unknown,0.12935000000000002,-345.1975326,Batter,6887,7656
Eric Rataczak,MIA,Unknown,0.12924999999999998,-345.19763259999996,Batter,6888,7657
Eliomar Garces,TBR,Unknown,0.12920000000000004,-345.19768259999995,Batter,6889,7658
Samuel Munoz,LAD,Unknown,0.12900000000000003,-345.19788259999996,Batter,6890,7659
Wilder Dalis,COL,Unknown,0.12895,-345.1979326,Batter,6891,7660
Miguel Briceno,MIN,Unknown,0.12885,-345.1980326,Batter,6892,7661
Welbyn Francisca,CLE,Unknown,0.12879999999999997,-345.19808259999996,Batter,6893,7662
Jaison Chourio,CLE,Unknown,0.1286,-345.19828259999997,Batter,6894,7663
Wilfredo Lara,MIA,Unknown,0.12850000000000006,-345.1983826,Batter,6895,7664
Trent Youngblood,ARI,Unknown,0.12844999999999998,-345.1984326,Batter,6896,7665
Tyler Wilson,NYY,Unknown,0.12835000000000005,-345.19853259999996,Batter,6897,7666
Edward Florentino,PIT,Unknown,0.12825000000000003,-345.1986326,Batter,6898,7667
Khadim Diaw,MIN,Unknown,0.1282,-345.1986826,Batter,6899,7668
Jared Sundstrom,SEA,Unknown,0.1281,-345.19878259999996,Batter,6900,7669
Josuar Gonzalez,SFG,Unknown,0.1281,-345.19878259999996,Batter,6901,7670
Dakota Jordan,SFG,Unknown,0.1281,-345.19878259999996,Batter,6902,7671
Leonel Espinoza,CHC,Unknown,0.12809999999999996,-345.19878259999996,Batter,6903,7672
Leandro Arias,BAL,Unknown,0.12795000000000004,-345.1989326,Batter,6904,7673
William Lugo,PIT,Unknown,0.12785,-345.19903259999995,Batter,6905,7674
Peyton Stovall,CIN,Unknown,0.1278,-345.1990826,Batter,6907,7675
Eybert Sanchez,ARI,Unknown,0.12779999999999997,-345.1990826,Batter,6908,7676
Danny Cancro,COL,Unknown,0.12780000000000002,-345.1990826,Batter,6906,7677
Elian Peña,NYM,Unknown,0.1276,-345.1992826,Batter,6910,7678
Ramon Ramirez,KCR,Unknown,0.12749999999999997,-345.1993826,Batter,6912,7679
Marco Vargas,NYM,Unknown,0.12750000000000003,-345.1993826,Batter,6911,7680
Luis Torres,,Unknown,0.12749999999999995,-345.1993826,Batter,6913,7681
Eli Serrano III,NYM,Unknown,0.12744999999999998,-345.19943259999997,Batter,6914,7682
Derlin Figueroa,KCR,Unknown,0.12744999999999998,-345.19943259999997,Batter,6915,7683
Kade Snell,CHC,Unknown,0.12729999999999997,-345.1995826,Batter,6917,7684
Will Holland,,Unknown,0.12730000000000002,-345.1995826,Batter,6916,7685
Peyton Graham,DET,Unknown,0.12724999999999997,-345.1996326,Batter,6918,7686
Fran Alduey,,Unknown,0.12719999999999998,-345.19968259999996,Batter,6919,7687
Yoeilin Cespedes,BOS,Unknown,0.12710000000000002,-345.1997826,Batter,6920,7688
Elijah Hainline,LAD,Unknown,0.12705,-345.1998326,Batter,6921,7689
Benny Montgomery,COL,Unknown,0.127,-345.19988259999997,Batter,6922,7690
Owen Carey,ATL,Unknown,0.12694999999999998,-345.19993259999995,Batter,6923,7691
Kevin Bazzell,WSN,Unknown,0.12665000000000004,-345.2002326,Batter,6924,7692
Daniel Vazquez,KCR,Unknown,0.1266,-345.2002826,Batter,6925,7693
Esmil Valencia,MIA,Unknown,0.1263,-345.20058259999996,Batter,6926,7694
Jesus Fernandez,ATH,Unknown,0.1263,-345.20058259999996,Batter,6927,7695
Trevor Cohen,SFG,Unknown,0.12624999999999997,-345.20063259999995,Batter,6928,7696
Wyatt Hendrie,PIT,Unknown,0.1262,-345.2006826,Batter,6929,7697
Jack Moss,CIN,Unknown,0.12619999999999998,-345.2006826,Batter,6930,7698
Chad Wallach,ATH,Unknown,0.12599999999999997,-345.2008826,Batter,6931,7699
Renny Hidalgo,,Unknown,0.12579999999999997,-345.20108259999995,Batter,6932,7700
Carlos Torres,TEX,Unknown,0.12569999999999998,-345.2011826,Batter,6934,7701
Brenden Dixon,,Unknown,0.1256,-345.20128259999996,Batter,6935,7702
Jorge Ruiz,LAA,Unknown,0.1256,-345.20128259999996,Batter,6936,7703
Tyler Robertson,SDP,Unknown,0.12555000000000002,-345.2013326,Batter,6937,7704
Edward Duran,TOR,Unknown,0.1255,-345.2013826,Batter,6938,7705
Carlos Renzullo,COL,Unknown,0.1255,-345.2013826,Batter,6939,7706
Luis Sanchez,ATL,Unknown,0.12545,-345.2014326,Batter,6941,7707
Chris Williams,,Unknown,0.12544999999999998,-345.2014326,Batter,6943,7708
Maxton Martin,TEX,Unknown,0.12545000000000003,-345.2014326,Batter,6940,7709
Tre Richardson,STL,Unknown,0.12544999999999998,-345.2014326,Batter,6942,7710
Max Wagner,BAL,Unknown,0.1254,-345.20148259999996,Batter,6945,7711
Freili Encarnacion,BOS,Unknown,0.12540000000000004,-345.20148259999996,Batter,6944,7712
Trey Paige,STL,Unknown,0.12539999999999998,-345.20148259999996,Batter,6946,7713
Bryson Ware,PHI,Unknown,0.12535000000000002,-345.20153259999995,Batter,6947,7714
Andy Yerzy,STL,Unknown,0.12530000000000002,-345.2015826,Batter,6948,7715
Josh Springer,TEX,Unknown,0.12524999999999997,-345.2016326,Batter,6950,7716
Mikey Kane,,Unknown,0.12525,-345.2016326,Batter,6949,7717
Juan Chacon,BOS,Unknown,0.12519999999999995,-345.20168259999997,Batter,6951,7718
Yeison Morrobel,,Unknown,0.1251,-345.2017826,Batter,6953,7719
Diego Contreras,SEA,Unknown,0.12510000000000004,-345.2017826,Batter,6952,7720
Antoni Urena,LAD,Unknown,0.12490000000000001,-345.20198259999995,Batter,6954,7721
Esteban Romero,HOU,Unknown,0.12479999999999991,-345.2020826,Batter,6955,7722
Jordan Sprinkle,CHW,Unknown,0.12474999999999997,-345.20213259999997,Batter,6956,7723
Juan Frances,,Unknown,0.12470000000000003,-345.20218259999996,Batter,6957,7724
Johan Rodriguez,ATL,Unknown,0.12469999999999998,-345.20218259999996,Batter,6959,7725
Ramcell Medina,KCR,Unknown,0.12469999999999998,-345.20218259999996,Batter,6958,7726
Cris Rodriguez,DET,Unknown,0.12460000000000004,-345.2022826,Batter,6960,7727
Ariel Armas,CHC,Unknown,0.12455,-345.2023326,Batter,6961,7728
Logan Braunschweig,ATL,Unknown,0.12444999999999998,-345.20243259999995,Batter,6962,7729
Trevor Boone,,Unknown,0.12440000000000007,-345.2024826,Batter,6963,7730
Jake Snider,TEX,Unknown,0.12419999999999998,-345.2026826,Batter,6965,7731
Richard Paz,,Unknown,0.12419999999999998,-345.2026826,Batter,6966,7732
Satchell Norman,,Unknown,0.12419999999999998,-345.2026826,Batter,6964,7733
Druw Jones,ARI,Unknown,0.12410000000000004,-345.2027826,Batter,6967,7734
Caleb Knight,,Unknown,0.12390000000000001,-345.2029826,Batter,6968,7735
Mark Coley II,MIA,Unknown,0.12374999999999997,-345.2031326,Batter,6969,7736
Trayce Thompson,,Unknown,0.12370000000000003,-345.2031826,Batter,6970,7737
Cam Williams,,Unknown,0.12369999999999992,-345.2031826,Batter,6971,7738
Will Taylor,PIT,Unknown,0.12350000000000003,-345.2033826,Batter,6972,7739
Nick Podkul,,Unknown,0.12349999999999997,-345.2033826,Batter,6973,7740
Brady Day,PHI,Unknown,0.12349999999999996,-345.2033826,Batter,6974,7741
Rafhlmil Torres,CIN,Unknown,0.12344999999999999,-345.2034326,Batter,6975,7742
Narciso Polanco,TBR,Unknown,0.12344999999999998,-345.2034326,Batter,6976,7743
Victor Diaz,,Unknown,0.12340000000000001,-345.2034826,Batter,6978,7744
Starlyn Caba,MIA,Unknown,0.1233,-345.2035826,Batter,6979,7745
Evan Edwards,,Unknown,0.12320000000000003,-345.2036826,Batter,6980,7746
Deniel Ortiz,STL,Unknown,0.12319999999999998,-345.2036826,Batter,6981,7747
Alex Rodriguez,TEX,Unknown,0.12319999999999992,-345.2036826,Batter,6982,7748
Mike Jarvis,PIT,Unknown,0.12315000000000004,-345.20373259999997,Batter,6983,7749
Larry Martinez,TBR,Unknown,0.12315000000000002,-345.20373259999997,Batter,6984,7750
Ali Camarillo,ATH,Unknown,0.12304999999999999,-345.2038326,Batter,6985,7751
Ryan McCrystal,CIN,Unknown,0.12300000000000003,-345.2038826,Batter,6986,7752
Matt Coutney,LAA,Unknown,0.123,-345.2038826,Batter,6987,7753
Miguel Villarroel,STL,Unknown,0.12294999999999999,-345.2039326,Batter,6988,7754
Eduardo Garcia,MIL,Unknown,0.12294999999999998,-345.2039326,Batter,6989,7755
Geury Estevez,,Unknown,0.12289999999999995,-345.20398259999996,Batter,6991,7756
Anthony Scull,LAA,Unknown,0.12290000000000004,-345.20398259999996,Batter,6990,7757
Wyatt Crenshaw,,Unknown,0.12280000000000002,-345.2040826,Batter,6992,7758
Alvaro Gonzalez,,Unknown,0.12259999999999993,-345.2042826,Batter,6993,7759
Mark Kolozsvary,PHI,Unknown,0.12244999999999998,-345.20443259999996,Batter,6995,7760
Patrick Winkel,MIN,Unknown,0.12245,-345.20443259999996,Batter,6994,7761
Justin Riemer,ATH,Unknown,0.12239999999999998,-345.20448259999995,Batter,6996,7762
Joshua Mears,SDP,Unknown,0.12230000000000002,-345.2045826,Batter,6997,7763
Kodey Shojinaga,PHI,Unknown,0.12225000000000004,-345.20463259999997,Batter,6998,7764
Juan Corniel,,Unknown,0.12209999999999999,-345.2047826,Batter,7000,7765
Eduardo Lopez,,Unknown,0.12209999999999999,-345.2047826,Batter,6999,7766
Angel Cruz,,Unknown,0.12199999999999994,-345.20488259999996,Batter,7001,7767
Hunter Fitz-Gerald,SEA,Unknown,0.12190000000000001,-345.2049826,Batter,7002,7768
Shalin Polanco,PIT,Unknown,0.12185000000000001,-345.2050326,Batter,7003,7769
Haritzon Castillo,MIN,Unknown,0.12180000000000002,-345.20508259999997,Batter,7004,7770
Boston Baro,NYM,Unknown,0.12175000000000004,-345.20513259999996,Batter,7005,7771
Will Verdung,ATL,Unknown,0.1216,-345.2052826,Batter,7006,7772
Manuel Beltre,TOR,Unknown,0.12155,-345.20533259999996,Batter,7007,7773
Yorvit Diaz,ATH,Unknown,0.12150000000000008,-345.20538259999995,Batter,7008,7774
Sean McLain,LAD,Unknown,0.12150000000000005,-345.20538259999995,Batter,7009,7775
Miguel Sosa,PIT,Unknown,0.1215,-345.20538259999995,Batter,7010,7776
Brandon Winokur,MIN,Unknown,0.12149999999999997,-345.20538259999995,Batter,7011,7777
Alex De Goti,,Unknown,0.12149999999999997,-345.20538259999995,Batter,7012,7778
Francisco Perez,TEX,Unknown,0.12139999999999995,-345.2054826,Batter,7014,7779
Marek Houston,MIN,Unknown,0.12140000000000004,-345.2054826,Batter,7013,7780
Raylin Heredia,PHI,Unknown,0.12109999999999999,-345.20578259999996,Batter,7015,7781
Aidan Smith,TBR,Unknown,0.12099999999999997,-345.2058826,Batter,7016,7782
Miguel Rodríguez,BAL,Unknown,0.12089999999999997,-345.20598259999997,Batter,7017,7783
Brayan Hernández,,Unknown,0.12089999999999995,-345.20598259999997,Batter,7018,7784
Samuel Gil,DET,Unknown,0.12085,-345.20603259999996,Batter,7019,7785
Yeremy Cabrera,WSN,Unknown,0.12084999999999999,-345.20603259999996,Batter,7020,7786
Noah Williams,,Unknown,0.12069999999999997,-345.2061826,Batter,7021,7787
Kevin Villavicencio,NYM,Unknown,0.12065000000000001,-345.20623259999996,Batter,7022,7788
Kaeden Kent,NYY,Unknown,0.12060000000000001,-345.20628259999995,Batter,7023,7789
Tommy Specht,,Unknown,0.12059999999999998,-345.20628259999995,Batter,7024,7790
Jared Dupere,,Unknown,0.12059999999999993,-345.20628259999995,Batter,7025,7791
Angel Tejada,,Unknown,0.12055000000000003,-345.2063326,Batter,7026,7792
Jhon Diaz,TBR,Unknown,0.12055000000000002,-345.2063326,Batter,7027,7793
Ryan Wrobleski,,Unknown,0.12014999999999998,-345.20673259999995,Batter,7029,7794
Mac Guscette,ATL,Unknown,0.12014999999999999,-345.20673259999995,Batter,7028,7795
Sergio Tapia,DET,Unknown,0.1201,-345.2067826,Batter,7030,7796
Fadriel Cruz,,Unknown,0.12009999999999998,-345.2067826,Batter,7031,7797
Maddux Houghton,MIN,Unknown,0.12009999999999996,-345.2067826,Batter,7032,7798
Omar Reyes,KCR,Unknown,0.12009999999999993,-345.2067826,Batter,7033,7799
Cristhian Rodriguez,,Unknown,0.12,-345.2068826,Batter,7034,7800
Echedry Vargas,MIA,Unknown,0.12,-345.2068826,Batter,7035,7801
Antonis Macias,TEX,Unknown,0.11974999999999997,-345.20713259999997,Batter,7036,7802
Mahki Backstrom,,Unknown,0.11969999999999997,-345.20718259999995,Batter,7037,7803
Daniel Vellojin,TBR,Unknown,0.11965,-345.2072326,Batter,7038,7804
Johan Macias,LAA,Unknown,0.1196,-345.2072826,Batter,7039,7805
Danny De Andrade,MIN,Unknown,0.11959999999999998,-345.2072826,Batter,7040,7806
Hudson Head,,Unknown,0.1195,-345.20738259999996,Batter,7041,7807
Oswaldo Patino,,Unknown,0.11930000000000002,-345.20758259999997,Batter,7042,7808
Yonatan Henriquez,NYM,Unknown,0.11930000000000002,-345.20758259999997,Batter,7043,7809
Damian Bravo,SFG,Unknown,0.11925,-345.20763259999995,Batter,7044,7810
Nauris De La Cruz,WSN,Unknown,0.11890000000000006,-345.2079826,Batter,7045,7811
Luke Shliger,SFG,Unknown,0.11879999999999999,-345.20808259999995,Batter,7046,7812
Hedbert Perez,TOR,Unknown,0.11879999999999999,-345.20808259999995,Batter,7047,7813
Carter Graham,CIN,Unknown,0.11875000000000002,-345.2081326,Batter,7048,7814
Jeffrey Mercedes,CLE,Unknown,0.11875000000000001,-345.2081326,Batter,7049,7815
Omar De Los Santos,,Unknown,0.11870000000000006,-345.2081826,Batter,7050,7816
Riquelmin Cabral,,Unknown,0.11870000000000003,-345.2081826,Batter,7051,7817
Raudy De Los Santos,,Unknown,0.11870000000000003,-345.2081826,Batter,7052,7818
Tucker Mitchell,TEX,Unknown,0.11870000000000003,-345.2081826,Batter,7053,7819
Rayne Doncon,MIN,Unknown,0.11860000000000001,-345.20828259999996,Batter,7054,7820
Luis Mendez,COL,Unknown,0.11859999999999998,-345.20828259999996,Batter,7055,7821
Omar Martinez,LAA,Unknown,0.11845000000000003,-345.2084326,Batter,7056,7822
Jackson Hornung,TOR,Unknown,0.11844999999999997,-345.2084326,Batter,7058,7823
Elio Campos,ATL,Unknown,0.11844999999999997,-345.2084326,Batter,7059,7824
Luis Durango,NYY,Unknown,0.11845,-345.2084326,Batter,7057,7825
Kenly Hunter,STL,Unknown,0.1184,-345.20848259999997,Batter,7062,7826
Adrian Meza,,Unknown,0.1184,-345.20848259999997,Batter,7061,7827
Jacob Campbell,SDP,Unknown,0.11840000000000003,-345.20848259999997,Batter,7060,7828
Tim Borden II,,Unknown,0.11829999999999996,-345.2085826,Batter,7063,7829
Reyli Mariano,LAD,Unknown,0.11820000000000003,-345.2086826,Batter,7064,7830
Tyler Hardman,NYY,Unknown,0.11779999999999999,-345.2090826,Batter,7066,7831
Josh Hood,SEA,Unknown,0.11779999999999999,-345.2090826,Batter,7067,7832
Jay Thomason,MIN,Unknown,0.11755000000000002,-345.2093326,Batter,7069,7833
Alejandro Nunez,HOU,Unknown,0.11744999999999994,-345.20943259999996,Batter,7070,7834
Xavier Casserilla,,Unknown,0.1174,-345.2094826,Batter,7071,7835
Poncho Ruiz,MIN,Unknown,0.11730000000000004,-345.2095826,Batter,7072,7836
Jalen Vasquez,,Unknown,0.11730000000000002,-345.2095826,Batter,7073,7837
Colin Davis,SEA,Unknown,0.11724999999999997,-345.20963259999996,Batter,7074,7838
Albert Carpio,,Unknown,0.11719999999999997,-345.20968259999995,Batter,7075,7839
Julian Brock,TEX,Unknown,0.11690000000000003,-345.2099826,Batter,7076,7840
Luiyin Alastre,MIL,Unknown,0.11690000000000003,-345.2099826,Batter,7077,7841
Edgar Alvarez,CHC,Unknown,0.11685000000000001,-345.2100326,Batter,7078,7842
Luke Gold,,Unknown,0.11680000000000001,-345.21008259999996,Batter,7079,7843
Kelvin Hidalgo,COL,Unknown,0.11675000000000002,-345.21013259999995,Batter,7080,7844
Ty Southisene,CHC,Unknown,0.11675,-345.21013259999995,Batter,7081,7845
Isaiah Drake,ATL,Unknown,0.11659999999999995,-345.21028259999997,Batter,7082,7846
Kenny Castillo,ARI,Unknown,0.11655000000000001,-345.21033259999996,Batter,7083,7847
Chase Strumpf,,Unknown,0.11649999999999999,-345.2103826,Batter,7085,7848
Kevin Fitzer,COL,Unknown,0.1164,-345.2104826,Batter,7089,7849
Anderson De Los Santos,BAL,Unknown,0.1164,-345.2104826,Batter,7088,7850
Milkar Perez,,Unknown,0.11640000000000003,-345.2104826,Batter,7087,7851
Alex Mooney,CLE,Unknown,0.11640000000000003,-345.2104826,Batter,7086,7852
Anthony Quirion,,Unknown,0.11629999999999996,-345.21058259999995,Batter,7090,7853
Jhonny Level,SFG,Unknown,0.1162,-345.2106826,Batter,7092,7854
Will Turner,BOS,Unknown,0.11620000000000003,-345.2106826,Batter,7091,7855
Chase Jaworsky,MIA,Unknown,0.11614999999999998,-345.2107326,Batter,7094,7856
Mat Nelson,,Unknown,0.11615,-345.2107326,Batter,7093,7857
Ronny Hernandez,BOS,Unknown,0.11599999999999998,-345.2108826,Batter,7095,7858
Jared Sprague-Lott,ATH,Unknown,0.1159,-345.21098259999997,Batter,7097,7859
Ryan Wilson,,Unknown,0.1159,-345.21098259999997,Batter,7096,7860
Wuinder Torres,CLE,Unknown,0.1157,-345.2111826,Batter,7098,7861
Willmer De La Cruz,,Unknown,0.11569999999999997,-345.2111826,Batter,7099,7862
Lizandro Rodriguez,,Unknown,0.11550000000000002,-345.2113826,Batter,7100,7863
Enyel Rosario,,Unknown,0.11549999999999999,-345.2113826,Batter,7101,7864
Juan Alonso,,Unknown,0.11530000000000007,-345.2115826,Batter,7102,7865
Zach Arnold,PHI,Unknown,0.11525000000000002,-345.2116326,Batter,7103,7866
Alberth Palma,TBR,Unknown,0.11520000000000001,-345.21168259999996,Batter,7104,7867
Yoiber Ruiz,,Unknown,0.11500000000000005,-345.21188259999997,Batter,7105,7868
Daniel Flames,TEX,Unknown,0.11499999999999999,-345.21188259999997,Batter,7106,7869
Caleb Lomavita,WSN,Unknown,0.11494999999999994,-345.21193259999995,Batter,7107,7870
Geovanny Planchart,TOR,Unknown,0.11485000000000001,-345.2120326,Batter,7108,7871
Logan Wagner,LAD,Unknown,0.11479999999999996,-345.2120826,Batter,7109,7872
Engelth Urena,NYY,Unknown,0.11474999999999999,-345.21213259999996,Batter,7110,7873
Zach Evans,SDP,Unknown,0.1144,-345.2124826,Batter,7111,7874
Nelly Taylor,BOS,Unknown,0.1144,-345.2124826,Batter,7112,7875
Oswaldo Linares,SDP,Unknown,0.11429999999999996,-345.21258259999996,Batter,7113,7876
Alfredo Benzan,ARI,Unknown,0.11380000000000001,-345.21308259999995,Batter,7114,7877
Austin Deming,,Unknown,0.11374999999999999,-345.2131326,Batter,7115,7878
Jay Beshears,MIA,Unknown,0.11365000000000001,-345.21323259999997,Batter,7117,7879
Kevin Bruggeman,LAA,Unknown,0.11354999999999998,-345.2133326,Batter,7118,7880
Lizandro Espinoza,ATL,Unknown,0.1134,-345.21348259999996,Batter,7119,7881
Kamren James,TBR,Unknown,0.11329999999999998,-345.2135826,Batter,7120,7882
Kale Emshoff,,Unknown,0.11325000000000002,-345.2136326,Batter,7121,7883
Kenni Gomez,HOU,Unknown,0.11324999999999999,-345.2136326,Batter,7122,7884
Cesar Hernandez,HOU,Unknown,0.11319999999999994,-345.21368259999997,Batter,7124,7885
Axel Sanchez,SEA,Unknown,0.11320000000000002,-345.21368259999997,Batter,7123,7886
Rafe Perich,TEX,Unknown,0.11305000000000001,-345.2138326,Batter,7125,7887
Titus Dumitru,PIT,Unknown,0.11295000000000002,-345.21393259999996,Batter,7126,7888
Jack Payton,SFG,Unknown,0.1129,-345.21398259999995,Batter,7128,7889
Daniel Hernandez,WSN,Unknown,0.1129,-345.21398259999995,Batter,7127,7890
Brock Jones,TBR,Unknown,0.11285000000000006,-345.2140326,Batter,7129,7891
Jeremiah Jenkins,SFG,Unknown,0.11275000000000002,-345.21413259999997,Batter,7130,7892
Drew Swift,ATH,Unknown,0.11274999999999996,-345.21413259999997,Batter,7131,7893
Capri Ortiz,LAA,Unknown,0.11270000000000005,-345.21418259999996,Batter,7132,7894
Rio Foster,LAA,Unknown,0.1126,-345.2142826,Batter,7133,7895
Santiago Almao,TEX,Unknown,0.11249999999999999,-345.21438259999996,Batter,7135,7896
Everett Cooper III,WSN,Unknown,0.11250000000000002,-345.21438259999996,Batter,7134,7897
Pedro Roque,KCR,Unknown,0.11249999999999999,-345.21438259999996,Batter,7136,7898
Jack Penney,DET,Unknown,0.1124,-345.2144826,Batter,7137,7899
Jose Riera,CLE,Unknown,0.11230000000000007,-345.21458259999997,Batter,7138,7900
Johan Benitez,,Unknown,0.11230000000000001,-345.21458259999997,Batter,7139,7901
Luis Valdez,,Unknown,0.11229999999999998,-345.21458259999997,Batter,7140,7902
Cleudis Valenzuela,,Unknown,0.11220000000000002,-345.2146826,Batter,7141,7903
Christian Martin,STL,Unknown,0.11215,-345.2147326,Batter,7142,7904
Yunior Amparo,NYM,Unknown,0.11209999999999998,-345.2147826,Batter,7143,7905
Logan Cerny,,Unknown,0.11200000000000002,-345.21488259999995,Batter,7144,7906
Dillon Head,MIA,Unknown,0.11195,-345.2149326,Batter,7145,7907
Ben Metzinger,,Unknown,0.11180000000000007,-345.21508259999996,Batter,7146,7908
Randal Diaz,WSN,Unknown,0.11170000000000001,-345.2151826,Batter,7149,7909
Bryan Gonzalez,,Unknown,0.1117,-345.2151826,Batter,7150,7910
Efrenyer Narvaez,,Unknown,0.11170000000000002,-345.2151826,Batter,7148,7911
Andrew Jenkins,DET,Unknown,0.11150000000000002,-345.2153826,Batter,7152,7912
Justin Williams,,Unknown,0.11149999999999999,-345.2153826,Batter,7153,7913
Ely Brown,CHW,Unknown,0.1114,-345.2154826,Batter,7155,7914
John Garcia,HOU,Unknown,0.11140000000000003,-345.2154826,Batter,7154,7915
Konner Piotto,,Unknown,0.11135,-345.21553259999996,Batter,7156,7916
Jesus Ordonez,,Unknown,0.11129999999999997,-345.21558259999995,Batter,7157,7917
Cade Hunter,CIN,Unknown,0.11125000000000004,-345.2156326,Batter,7158,7918
Raudi Rodriguez,LAA,Unknown,0.11124999999999996,-345.2156326,Batter,7159,7919
John Taylor,,Unknown,0.11099999999999996,-345.2158826,Batter,7160,7920
Gregory Duran,MIN,Unknown,0.1109,-345.21598259999996,Batter,7162,7921
Alexander Albertus,CHW,Unknown,0.11070000000000002,-345.21618259999997,Batter,7163,7922
Ivan Torres,TBR,Unknown,0.11069999999999997,-345.21618259999997,Batter,7164,7923
Daniel Pena,MIN,Unknown,0.11065000000000001,-345.21623259999996,Batter,7165,7924
Marcus Brown,WSN,Unknown,0.11065,-345.21623259999996,Batter,7166,7925
Roismar Quintana,,Unknown,0.1106,-345.2162826,Batter,7167,7926
Ricardo Genovés,,Unknown,0.11059999999999995,-345.2162826,Batter,7168,7927
Jacob Nottingham,,Unknown,0.11055000000000004,-345.2163326,Batter,7169,7928
Johanfran Garcia,BOS,Unknown,0.11044999999999999,-345.21643259999996,Batter,7170,7929
Caleb Cali,SEA,Unknown,0.11024999999999999,-345.21663259999997,Batter,7172,7930
Tayden Hall,MIL,Unknown,0.11024999999999999,-345.21663259999997,Batter,7171,7931
Elorky Rodriguez,TEX,Unknown,0.11020000000000002,-345.21668259999996,Batter,7173,7932
Browm Martinez,WSN,Unknown,0.11020000000000002,-345.21668259999996,Batter,7174,7933
Hudson Haskin,,Unknown,0.11015,-345.2167326,Batter,7175,7934
Josh Crouch,LAA,Unknown,0.11005000000000001,-345.2168326,Batter,7176,7935
Daiverson Gutierrez,NYM,Unknown,0.11000000000000003,-345.21688259999996,Batter,7178,7936
Keoni Cavaco,,Unknown,0.11000000000000004,-345.21688259999996,Batter,7177,7937
Cody Schrier,MIA,Unknown,0.10995000000000002,-345.21693259999995,Batter,7179,7938
Jacob Wetzel,TOR,Unknown,0.10990000000000003,-345.2169826,Batter,7180,7939
Aiden Taurek,SEA,Unknown,0.10979999999999998,-345.21708259999997,Batter,7181,7940
Jared McKenzie,WSN,Unknown,0.10974999999999993,-345.21713259999996,Batter,7182,7941
Ian Moller,TEX,Unknown,0.10970000000000005,-345.2171826,Batter,7183,7942
Anthony Marquez,SFG,Unknown,0.10960000000000003,-345.2172826,Batter,7184,7943
Emil Morales,LAD,Unknown,0.10945000000000005,-345.2174326,Batter,7186,7944
Jackson Cluff,NYM,Unknown,0.10930000000000004,-345.21758259999996,Batter,7187,7945
Jesus Castillo,PIT,Unknown,0.1093,-345.21758259999996,Batter,7188,7946
Anderson Areinamo,HOU,Unknown,0.10919999999999991,-345.2176826,Batter,7190,7947
Pablo Aliendo,,Unknown,0.10919999999999999,-345.2176826,Batter,7189,7948
Won-Bin Cho,STL,Unknown,0.10915,-345.2177326,Batter,7192,7949
Ryan Cermak,TBR,Unknown,0.10915,-345.2177326,Batter,7191,7950
Cristian Garcia,,Unknown,0.10910000000000003,-345.21778259999996,Batter,7193,7951
Darwin Almanzar,MIN,Unknown,0.10900000000000004,-345.2178826,Batter,7194,7952
Jose Colmenares,PHI,Unknown,0.10899999999999996,-345.2178826,Batter,7195,7953
Zach Daudet,HOU,Unknown,0.10895000000000002,-345.2179326,Batter,7196,7954
Kaden Hollow,SDP,Unknown,0.10884999999999997,-345.21803259999996,Batter,7197,7955
Austin Charles,KCR,Unknown,0.10884999999999995,-345.21803259999996,Batter,7198,7956
Brennan Orf,TOR,Unknown,0.10865000000000005,-345.21823259999996,Batter,7199,7957
Mason White,BOS,Unknown,0.10864999999999998,-345.21823259999996,Batter,7200,7958
Walker Janek,HOU,Unknown,0.10850000000000001,-345.2183826,Batter,7202,7959
Christian Olivo,CHC,Unknown,0.10845000000000002,-345.21843259999997,Batter,7203,7960
Luis Santos,CHC,Unknown,0.1084,-345.21848259999996,Batter,7204,7961
Arnaldo Lantigua,CIN,Unknown,0.1084,-345.21848259999996,Batter,7205,7962
Casey Cook,TEX,Unknown,0.10835,-345.2185326,Batter,7206,7963
Karson Simas,CHC,Unknown,0.10829999999999998,-345.2185826,Batter,7207,7964
Dayro Perez,,Unknown,0.10819999999999996,-345.21868259999997,Batter,7208,7965
Ricardo Cova,SEA,Unknown,0.10815000000000002,-345.21873259999995,Batter,7209,7966
Ricky Cabrera,CIN,Unknown,0.10805000000000001,-345.2188326,Batter,7210,7967
Albert Jimenez,SFG,Unknown,0.10789999999999994,-345.2189826,Batter,7213,7968
Adrian Placencia,LAA,Unknown,0.1079,-345.2189826,Batter,7212,7969
David Guzman,TOR,Unknown,0.10790000000000005,-345.2189826,Batter,7211,7970
Angel Guzman,TOR,Unknown,0.10780000000000006,-345.2190826,Batter,7214,7971
Brian Sanchez,PIT,Unknown,0.10770000000000002,-345.21918259999995,Batter,7215,7972
Josh Kross,STL,Unknown,0.10770000000000002,-345.21918259999995,Batter,7216,7973
Antonio Gomez,NYY,Unknown,0.1074,-345.2194826,Batter,7217,7974
Jose Escobar,CHC,Unknown,0.10734999999999997,-345.2195326,Batter,7218,7975
Jefrey De Los Santos,NYM,Unknown,0.10729999999999998,-345.21958259999997,Batter,7219,7976
Sam Shaw,TOR,Unknown,0.10725000000000001,-345.21963259999995,Batter,7220,7977
Yassel Soler,ARI,Unknown,0.10719999999999999,-345.2196826,Batter,7222,7978
Blaze O'Saben,,Unknown,0.10719999999999999,-345.2196826,Batter,7221,7979
Mario Gomez,,Unknown,0.10709999999999997,-345.2197826,Batter,7224,7980
Tai Peete,STL,Unknown,0.1071,-345.2197826,Batter,7223,7981
Wooyeoul Shin,,Unknown,0.10700000000000001,-345.21988259999995,Batter,7225,7982
Luis Rodriguez,,Unknown,0.10699999999999998,-345.21988259999995,Batter,7226,7983
Thomas Gavello,SFG,Unknown,0.10695000000000002,-345.2199326,Batter,7227,7984
Wesly Castillo,TEX,Unknown,0.1069,-345.2199826,Batter,7228,7985
Jose Sanabria,,Unknown,0.10679999999999998,-345.22008259999996,Batter,7229,7986
Ronald Hernandez,NYM,Unknown,0.10675000000000001,-345.2201326,Batter,7230,7987
Eddy Isturiz,,Unknown,0.10670000000000002,-345.2201826,Batter,7231,7988
J.R. Freethy,TOR,Unknown,0.10655,-345.22033259999995,Batter,7232,7989
Luke Mann,ATH,Unknown,0.10655,-345.22033259999995,Batter,7233,7990
Lamar King Jr.,SDP,Unknown,0.10644999999999996,-345.2204326,Batter,7235,7991
Caleb Ketchup,LAA,Unknown,0.10645000000000002,-345.2204326,Batter,7234,7992
Hector Campusano,BAL,Unknown,0.1064,-345.22048259999997,Batter,7238,7993
Jake Gatewood,,Unknown,0.1064,-345.22048259999997,Batter,7237,7994
Cooper Johnson,TEX,Unknown,0.1064,-345.22048259999997,Batter,7236,7995
Stone Russell,KCR,Unknown,0.10634999999999999,-345.22053259999996,Batter,7239,7996
Nick Clarno,,Unknown,0.10630000000000006,-345.2205826,Batter,7240,7997
Nolan Beltran,PHI,Unknown,0.10625000000000002,-345.2206326,Batter,7241,7998
Jaylen Palmer,,Unknown,0.10625000000000001,-345.2206326,Batter,7242,7999
Archer Brookman,ATL,Unknown,0.1062,-345.2206826,Batter,7243,8000
Luis Reyes,,Unknown,0.10619999999999999,-345.2206826,Batter,7244,8001
Nick Lucky,,Unknown,0.10619999999999996,-345.2206826,Batter,7245,8002
Kevyn Castillo,LAA,Unknown,0.10615000000000002,-345.22073259999996,Batter,7246,8003
Adam Zebrowski,ATL,Unknown,0.10605000000000003,-345.2208326,Batter,7248,8004
Izaac Pacheco,DET,Unknown,0.10595000000000002,-345.22093259999997,Batter,7249,8005
Jalen Battles,TBR,Unknown,0.10585,-345.2210326,Batter,7250,8006
Jaime Ferrer,MIN,Unknown,0.10584999999999997,-345.2210326,Batter,7251,8007
Hayden Cantrelle,CHC,Unknown,0.10584999999999997,-345.2210326,Batter,7252,8008
Joe Vetrano,LAD,Unknown,0.1058,-345.2210826,Batter,7253,8009
Hayden Alvarez,LAA,Unknown,0.10575000000000001,-345.2211326,Batter,7254,8010
Colby Jones,ATL,Unknown,0.10575000000000001,-345.2211326,Batter,7255,8011
Ethan Hearn,,Unknown,0.10564999999999994,-345.22123259999995,Batter,7256,8012
Eduardo Rojas,LAD,Unknown,0.10560000000000003,-345.2212826,Batter,7257,8013
Gleider Figuereo,TEX,Unknown,0.10555000000000003,-345.2213326,Batter,7258,8014
Luis Guanipa,ATL,Unknown,0.10550000000000001,-345.22138259999997,Batter,7259,8015
Andruw Musett,BOS,Unknown,0.10545000000000002,-345.22143259999996,Batter,7261,8016
Victor Acosta,CIN,Unknown,0.10545000000000003,-345.22143259999996,Batter,7260,8017
Yulian Barreto,SFG,Unknown,0.1054,-345.2214826,Batter,7262,8018
Jose Devers,CLE,Unknown,0.10535000000000003,-345.2215326,Batter,7263,8019
Alirio Ferrebus,PHI,Unknown,0.1053,-345.2215826,Batter,7264,8020
Samuel Gonzalez,ATH,Unknown,0.10529999999999995,-345.2215826,Batter,7265,8021
Jose Perez,TBR,Unknown,0.10525000000000001,-345.22163259999996,Batter,7266,8022
Tyler Rodriguez,MIL,Unknown,0.10525000000000001,-345.22163259999996,Batter,7267,8023
Bryce Rainer,DET,Unknown,0.10524999999999998,-345.22163259999996,Batter,7268,8024
Cam Clayton,MIA,Unknown,0.10510000000000001,-345.2217826,Batter,7269,8025
Caeden Trenkle,,Unknown,0.1051,-345.2217826,Batter,7270,8026
Miguel Rivera,,Unknown,0.10509999999999997,-345.2217826,Batter,7271,8027
Avery Owusu-Asiedu,ARI,Unknown,0.10499999999999995,-345.22188259999996,Batter,7275,8028
Christopher Alvarado,BOS,Unknown,0.10499999999999998,-345.22188259999996,Batter,7272,8029
Jake Steels,ATL,Unknown,0.10499999999999998,-345.22188259999996,Batter,7273,8030
Jack Rogers,WSN,Unknown,0.10499999999999995,-345.22188259999996,Batter,7274,8031
Harold Gonzalez,LAD,Unknown,0.1046999999999999,-345.2221826,Batter,7276,8032
Wyatt Sanford,PIT,Unknown,0.10465000000000002,-345.2222326,Batter,7277,8033
Michael Trautwein,CIN,Unknown,0.10464999999999999,-345.2222326,Batter,7278,8034
Cobb Hightower,BAL,Unknown,0.10454999999999999,-345.22233259999996,Batter,7279,8035
Israfell Bautista,TBR,Unknown,0.10439999999999999,-345.2224826,Batter,7280,8036
Jefferson Encarnacion,,Unknown,0.10439999999999994,-345.2224826,Batter,7281,8037
Aiva Arquette,MIA,Unknown,0.10435,-345.22253259999997,Batter,7282,8038
Andres Villafane,,Unknown,0.10429999999999995,-345.22258259999995,Batter,7283,8039
Luis De Leon,HOU,Unknown,0.1041999999999999,-345.2226826,Batter,7287,8040
Ethan Frey,HOU,Unknown,0.10419999999999999,-345.2226826,Batter,7286,8041
Kellum Clark,,Unknown,0.10420000000000001,-345.2226826,Batter,7284,8042
Cole Roberts,,Unknown,0.1042,-345.2226826,Batter,7285,8043
Nico Perez,LAD,Unknown,0.10399999999999998,-345.2228826,Batter,7288,8044
Jack Hurley,ARI,Unknown,0.10395000000000001,-345.2229326,Batter,7289,8045
Caleb Bartolero,LAA,Unknown,0.10394999999999999,-345.2229326,Batter,7290,8046
Luis Marquez,TEX,Unknown,0.1038,-345.2230826,Batter,7291,8047
Luis Suisbel,SEA,Unknown,0.10374999999999998,-345.2231326,Batter,7293,8048
Sammy Stafura,PIT,Unknown,0.10375000000000001,-345.2231326,Batter,7292,8049
Carlos Jimenez,SEA,Unknown,0.10365000000000002,-345.22323259999996,Batter,7294,8050
Carlos Sanchez,CIN,Unknown,0.1036,-345.2232826,Batter,7296,8051
Zander Darby,SFG,Unknown,0.1036,-345.2232826,Batter,7295,8052
Luis Ravelo,,Unknown,0.10349999999999995,-345.2233826,Batter,7297,8053
Luke Davis,PHI,Unknown,0.10339999999999999,-345.22348259999995,Batter,7298,8054
Harry Owen,,Unknown,0.10335000000000001,-345.2235326,Batter,7299,8055
Elijah Nunez,WSN,Unknown,0.10335,-345.2235326,Batter,7300,8056
Stephen Paolini,,Unknown,0.10315000000000002,-345.22373259999995,Batter,7301,8057
Willy Montero,NYY,Unknown,0.10309999999999997,-345.2237826,Batter,7302,8058
Jirvin Morillo,CIN,Unknown,0.10300000000000004,-345.22388259999997,Batter,7303,8059
Peter Burns,LAA,Unknown,0.10285000000000002,-345.2240326,Batter,7304,8060
Camden Janik,PIT,Unknown,0.10275000000000001,-345.22413259999996,Batter,7305,8061
Luis Caicuto,PHI,Unknown,0.10265,-345.2242326,Batter,7306,8062
Sergio Campana,,Unknown,0.10260000000000002,-345.2242826,Batter,7307,8063
Jordan Thompson,LAD,Unknown,0.10240000000000002,-345.2244826,Batter,7308,8064
Jakob Christian,SFG,Unknown,0.10235000000000002,-345.2245326,Batter,7309,8065
Jace Grady,,Unknown,0.10214999999999999,-345.2247326,Batter,7311,8066
Bernard Moon,CIN,Unknown,0.10214999999999999,-345.2247326,Batter,7310,8067
Joendry Vargas,LAD,Unknown,0.10210000000000002,-345.22478259999997,Batter,7312,8068
Yoneiker Lugo,MIL,Unknown,0.10210000000000002,-345.22478259999997,Batter,7313,8069
Jean Joseph,TOR,Unknown,0.1021,-345.22478259999997,Batter,7314,8070
Esmith Pineda,CIN,Unknown,0.10205,-345.22483259999996,Batter,7315,8071
Guillermo Williamson,,Unknown,0.10204999999999997,-345.22483259999996,Batter,7317,8072
Sonny DiChiara,,Unknown,0.10204999999999997,-345.22483259999996,Batter,7316,8073
Billy Amick,MIN,Unknown,0.10200000000000001,-345.2248826,Batter,7318,8074
Bryce Arnold,,Unknown,0.10195000000000004,-345.2249326,Batter,7319,8075
Esteban Mejia,TEX,Unknown,0.10184999999999997,-345.22503259999996,Batter,7320,8076
Yorber Semprun,NYM,Unknown,0.10149999999999998,-345.2253826,Batter,7321,8077
Devin Fitz-Gerald,WSN,Unknown,0.10145,-345.2254326,Batter,7322,8078
Anthony Vilar,SDP,Unknown,0.10140000000000005,-345.22548259999996,Batter,7323,8079
Sammy Hernandez,STL,Unknown,0.10130000000000002,-345.2255826,Batter,7324,8080
Trace Willhoite,NYM,Unknown,0.10124999999999998,-345.2256326,Batter,7325,8081
Jesus Bugarin,,Unknown,0.10120000000000001,-345.22568259999997,Batter,7326,8082
Cody Roberts,,Unknown,0.10095000000000001,-345.22593259999996,Batter,7327,8083
Enddy Azocar,BOS,Unknown,0.10089999999999999,-345.22598259999995,Batter,7328,8084
Yolfran Castillo,TEX,Unknown,0.10085,-345.2260326,Batter,7329,8085
Jose Meza,LAD,Unknown,0.10064999999999999,-345.2262326,Batter,7330,8086
Matt Halbach,CHC,Unknown,0.10045000000000004,-345.22643259999995,Batter,7331,8087
Trey Snyder,NYM,Unknown,0.10039999999999999,-345.2264826,Batter,7332,8088
Malcolm Moore,TEX,Unknown,0.10029999999999997,-345.2265826,Batter,7333,8089
Cody Miller,ATL,Unknown,0.10000000000000003,-345.22688259999995,Batter,7334,8090
Jhon GIl,LAD,Unknown,0.09989999999999999,-345.2269826,Batter,7335,8091
Drew Brutcher,HOU,Unknown,0.09975000000000003,-345.2271326,Batter,7337,8092
Yordany De Los Santos,PIT,Unknown,0.09965000000000002,-345.2272326,Batter,7338,8093
Korey Holland,,Unknown,0.09955,-345.22733259999995,Batter,7339,8094
Canyon Brown,KCR,Unknown,0.0995,-345.2273826,Batter,7340,8095
Nick Gile,,Unknown,0.09949999999999998,-345.2273826,Batter,7341,8096
Jacob Jenkins-Cowart,MIA,Unknown,0.09949999999999998,-345.2273826,Batter,7342,8097
Jose Ramos,SFG,Unknown,0.09944999999999998,-345.2274326,Batter,7343,8098
David García,MIL,Unknown,0.09940000000000004,-345.2274826,Batter,7344,8099
Natanael Yuten,BOS,Unknown,0.09940000000000002,-345.2274826,Batter,7345,8100
Yoxander Benitez,SFG,Unknown,0.09939999999999999,-345.2274826,Batter,7346,8101
Juan Castillo,COL,Unknown,0.09935,-345.22753259999996,Batter,7347,8102
Christian Molfetta,,Unknown,0.09910000000000002,-345.22778259999995,Batter,7349,8103
Brandon Pimentel,WSN,Unknown,0.09894999999999998,-345.2279326,Batter,7350,8104
Jean Perez,,Unknown,0.0988,-345.2280826,Batter,7351,8105
Jose Verdugo,SDP,Unknown,0.09879999999999994,-345.2280826,Batter,7352,8106
Estarling Mercado,NYM,Unknown,0.09875,-345.2281326,Batter,7353,8107
Oliver Carrillo,,Unknown,0.09875,-345.2281326,Batter,7354,8108
Sam Ruta,KCR,Unknown,0.09865000000000004,-345.22823259999996,Batter,7355,8109
Alberto Hernandez,HOU,Unknown,0.09864999999999999,-345.22823259999996,Batter,7356,8110
CJ Rodriguez,ATH,Unknown,0.09859999999999997,-345.2282826,Batter,7357,8111
Jonny Farmelo,SEA,Unknown,0.0985,-345.2283826,Batter,7358,8112
Yohairo Cuevas,NYM,Unknown,0.0985,-345.2283826,Batter,7359,8113
Cole Gabrielson,NYY,Unknown,0.09839999999999996,-345.22848259999995,Batter,7360,8114
Blake Robertson,TBR,Unknown,0.09825,-345.22863259999997,Batter,7361,8115
Javier Mora,,Unknown,0.09820000000000001,-345.22868259999996,Batter,7362,8116
Jhonny Severino,PIT,Unknown,0.09815000000000002,-345.2287326,Batter,7363,8117
John Michael Faile,CIN,Unknown,0.09810000000000002,-345.2287826,Batter,7364,8118
Carter Dorighi,SEA,Unknown,0.09795000000000001,-345.22893259999995,Batter,7365,8119
Micah McDowell,MIA,Unknown,0.09779999999999997,-345.22908259999997,Batter,7367,8120
Osmar Torrealba,CLE,Unknown,0.09780000000000005,-345.22908259999997,Batter,7366,8121
Felix Tena,,Unknown,0.09774999999999998,-345.22913259999996,Batter,7368,8122
Jimmy Obertop,COL,Unknown,0.09769999999999998,-345.2291826,Batter,7369,8123
Max Durrington,ATH,Unknown,0.09764999999999999,-345.2292326,Batter,7370,8124
Quinn McDaniel,SFG,Unknown,0.0975,-345.22938259999995,Batter,7372,8125
Manuel Campos,ATL,Unknown,0.09750000000000003,-345.22938259999995,Batter,7371,8126
Brady Lindsly,WSN,Unknown,0.09739999999999999,-345.2294826,Batter,7373,8127
Liordanys Menendez,LAA,Unknown,0.09739999999999999,-345.2294826,Batter,7374,8128
Edryn Rodriguez,,Unknown,0.09729999999999994,-345.22958259999996,Batter,7375,8129
Jesus Hernandez,MIA,Unknown,0.09710000000000002,-345.22978259999996,Batter,7376,8130
Jose Marcano,CLE,Unknown,0.09700000000000003,-345.2298826,Batter,7377,8131
Liberts Aponte,CIN,Unknown,0.0968,-345.2300826,Batter,7382,8132
Brock Vradenburg,PHI,Unknown,0.09680000000000002,-345.2300826,Batter,7378,8133
Félix Amparo,BAL,Unknown,0.09680000000000001,-345.2300826,Batter,7379,8134
Juan Alva,MIA,Unknown,0.0968,-345.2300826,Batter,7381,8135
Connor Pavolony,BAL,Unknown,0.0968,-345.2300826,Batter,7380,8136
T.J. White,WSN,Unknown,0.09644999999999995,-345.2304326,Batter,7383,8137
Herlinton Herrera,COL,Unknown,0.09640000000000004,-345.23048259999996,Batter,7384,8138
Leny Carela,,Unknown,0.0963,-345.2305826,Batter,7385,8139
Casey Saucke,CHW,Unknown,0.0963,-345.2305826,Batter,7387,8140
Angelo DiSpigna,,Unknown,0.0963,-345.2305826,Batter,7386,8141
Alec Makarewicz,CHW,Unknown,0.09619999999999995,-345.23068259999997,Batter,7388,8142
Felnin Celesten,SEA,Unknown,0.09614999999999999,-345.23073259999995,Batter,7389,8143
Angel Del Rosario,,Unknown,0.09594999999999998,-345.23093259999996,Batter,7390,8144
Fernando Hernandez,,Unknown,0.0958,-345.2310826,Batter,7391,8145
Cody Wilson,,Unknown,0.09570000000000001,-345.23118259999995,Batter,7392,8146
Jeremy Rodriguez,NYM,Unknown,0.09565,-345.2312326,Batter,7393,8147
Owen Cobb,NYY,Unknown,0.09555,-345.2313326,Batter,7394,8148
Diego Mosquera,NYM,Unknown,0.09555,-345.2313326,Batter,7395,8149
Warel Solano,TBR,Unknown,0.09549999999999997,-345.23138259999996,Batter,7397,8150
Matt O'Neill,ARI,Unknown,0.09540000000000004,-345.2314826,Batter,7398,8151
Yeiker Reyes,COL,Unknown,0.09540000000000001,-345.2314826,Batter,7399,8152
José Mejía,ARI,Unknown,0.09534999999999999,-345.2315326,Batter,7400,8153
Kyle Hess,MIN,Unknown,0.09530000000000002,-345.23158259999997,Batter,7401,8154
Cade McGee,STL,Unknown,0.0952,-345.2316826,Batter,7402,8155
Brian Kalmer,CHC,Unknown,0.09519999999999995,-345.2316826,Batter,7403,8156
Matt Suggs,WSN,Unknown,0.09514999999999998,-345.2317326,Batter,7404,8157
Danyer Cueva,,Unknown,0.09509999999999996,-345.2317826,Batter,7405,8158
Tevin Tucker,COL,Unknown,0.09504999999999997,-345.23183259999996,Batter,7406,8159
Alonso Gallegos,,Unknown,0.09499999999999997,-345.23188259999995,Batter,7408,8160
Yerlin Confidan,CIN,Unknown,0.09499999999999997,-345.23188259999995,Batter,7407,8161
Gavin Logan,ARI,Unknown,0.09484999999999999,-345.23203259999997,Batter,7409,8162
Abraham Nunez,CHW,Unknown,0.09464999999999998,-345.2322326,Batter,7410,8163
Austin St. Laurent,SEA,Unknown,0.09455000000000001,-345.23233259999995,Batter,7411,8164
Jose Colmenares,,Unknown,0.09450000000000001,-345.2323826,Batter,7412,8165
Myles Smith,CIN,Unknown,0.0945,-345.2323826,Batter,7413,8166
Deivis Nadal,,Unknown,0.09430000000000005,-345.2325826,Batter,7414,8167
Edwin Amparo,BAL,Unknown,0.09420000000000006,-345.2326826,Batter,7415,8168
C.J. Pittaro,ATH,Unknown,0.09414999999999998,-345.23273259999996,Batter,7416,8169
Manolfi Jimenez,PHI,Unknown,0.09410000000000002,-345.23278259999995,Batter,7418,8170
Harold Coll,LAA,Unknown,0.09409999999999993,-345.23278259999995,Batter,7420,8171
Cristian Gonzalez,,Unknown,0.09409999999999996,-345.23278259999995,Batter,7419,8172
Slade Caldwell,ARI,Unknown,0.09410000000000004,-345.23278259999995,Batter,7417,8173
Alex McCoy,SDP,Unknown,0.09405,-345.2328326,Batter,7421,8174
Christian Astudillo,BAL,Unknown,0.09390000000000004,-345.23298259999996,Batter,7422,8175
Abrahan Ramirez,MIA,Unknown,0.09375000000000006,-345.2331326,Batter,7423,8176
Kevin Maitan,,Unknown,0.09364999999999998,-345.23323259999995,Batter,7424,8177
Cristian Santana,DET,Unknown,0.09345,-345.23343259999996,Batter,7426,8178
Kleyver Salazar,BOS,Unknown,0.09334999999999999,-345.2335326,Batter,7428,8179
Anyelo Gonzalez,,Unknown,0.0933,-345.2335826,Batter,7429,8180
Franyerber Montilla,DET,Unknown,0.09325,-345.23363259999996,Batter,7430,8181
Eric Hartman,ATL,Unknown,0.09319999999999998,-345.23368259999995,Batter,7432,8182
Stephen Hrustich,DET,Unknown,0.0932,-345.23368259999995,Batter,7431,8183
Yirer Garcia,TBR,Unknown,0.09314999999999998,-345.2337326,Batter,7434,8184
Ismael Mena,,Unknown,0.09315000000000001,-345.2337326,Batter,7433,8185
Jose De Jesus,,Unknown,0.09305,-345.23383259999997,Batter,7435,8186
Bryan Rincon,PHI,Unknown,0.09300000000000003,-345.23388259999996,Batter,7436,8187
Yoelvis Betancourt,ATL,Unknown,0.09300000000000003,-345.23388259999996,Batter,7437,8188
Elias Medina,LAD,Unknown,0.09290000000000004,-345.2339826,Batter,7438,8189
Adam Hall,,Unknown,0.09280000000000002,-345.23408259999997,Batter,7440,8190
Kalae Harrison,,Unknown,0.09280000000000002,-345.23408259999997,Batter,7439,8191
Victor Ortega,MIA,Unknown,0.09275,-345.23413259999995,Batter,7442,8192
David Smith,DET,Unknown,0.09275000000000003,-345.23413259999995,Batter,7441,8193
Colin Summerhill,LAA,Unknown,0.09269999999999998,-345.2341826,Batter,7444,8194
Ivan Brethowr,PIT,Unknown,0.0927,-345.2341826,Batter,7443,8195
Carlos Matias,TBR,Unknown,0.09259999999999996,-345.2342826,Batter,7445,8196
Brayden Jobert,,Unknown,0.0925,-345.2343826,Batter,7446,8197
Theo Gillen,TBR,Unknown,0.09249999999999997,-345.2343826,Batter,7447,8198
Luis Leon,CHC,Unknown,0.09249999999999997,-345.2343826,Batter,7448,8199
Jackson Strong,DET,Unknown,0.09235000000000002,-345.23453259999997,Batter,7449,8200
Anthony Longo,KCR,Unknown,0.0923,-345.23458259999995,Batter,7450,8201
Sebastian Dos Santos,STL,Unknown,0.09210000000000007,-345.23478259999996,Batter,7451,8202
Robert Puason,ATH,Unknown,0.09210000000000002,-345.23478259999996,Batter,7452,8203
Troy Schreffler Jr.,,Unknown,0.09209999999999999,-345.23478259999996,Batter,7453,8204
Marlon Quintero,LAA,Unknown,0.09205,-345.2348326,Batter,7454,8205
Waner Luciano,HOU,Unknown,0.09204999999999999,-345.2348326,Batter,7455,8206
Jefferson Valladares,,Unknown,0.09195000000000003,-345.2349326,Batter,7456,8207
JD Dix,ARI,Unknown,0.09175000000000003,-345.2351326,Batter,7457,8208
Emdys Rosillo,CIN,Unknown,0.09169999999999995,-345.2351826,Batter,7458,8209
Gunner Gouldsmith,ATH,Unknown,0.09164999999999998,-345.23523259999996,Batter,7459,8210
Wilson Rodriguez,NYY,Unknown,0.09140000000000001,-345.23548259999995,Batter,7460,8211
Armando Cruz,WSN,Unknown,0.09119999999999995,-345.23568259999996,Batter,7462,8212
Johnny Tincher,CLE,Unknown,0.09114999999999998,-345.23573259999995,Batter,7463,8213
Robert Brooks,TOR,Unknown,0.09109999999999999,-345.2357826,Batter,7464,8214
Daniel Cope,,Unknown,0.09099999999999997,-345.23588259999997,Batter,7465,8215
Ricardo Gonzalez,TBR,Unknown,0.09095,-345.23593259999996,Batter,7466,8216
Pablo Martinez,HOU,Unknown,0.09090000000000004,-345.2359826,Batter,7467,8217
Dervy Ventura,SEA,Unknown,0.09085000000000001,-345.2360326,Batter,7468,8218
Dauri Fernandez,CLE,Unknown,0.09079999999999999,-345.2360826,Batter,7471,8219
Kevin Sim,,Unknown,0.09080000000000002,-345.2360826,Batter,7469,8220
Juan Garcia,,Unknown,0.09079999999999999,-345.2360826,Batter,7470,8221
Yasmil Bucce,BAL,Unknown,0.09064999999999998,-345.2362326,Batter,7472,8222
Christopher Espinola,,Unknown,0.09060000000000001,-345.2362826,Batter,7473,8223
Blayberg Diaz,MIL,Unknown,0.09054999999999999,-345.23633259999997,Batter,7474,8224
Yelserth Ayala,,Unknown,0.09050000000000002,-345.23638259999996,Batter,7475,8225
Hyungchan Um,KCR,Unknown,0.09044999999999997,-345.2364326,Batter,7476,8226
Dionmy Salon,,Unknown,0.09044999999999997,-345.2364326,Batter,7477,8227
Luis Steven King,KCR,Unknown,0.09039999999999992,-345.2364826,Batter,7478,8228
Carlos Linarez,STL,Unknown,0.09035000000000001,-345.2365326,Batter,7479,8229
Zane Zielinski,SFG,Unknown,0.09019999999999997,-345.2366826,Batter,7481,8230
Dillon Tatum,,Unknown,0.0902,-345.2366826,Batter,7480,8231
Teo Banks,WSN,Unknown,0.09010000000000004,-345.23678259999997,Batter,7482,8232
Bennett Hostetler,MIA,Unknown,0.09009999999999996,-345.23678259999997,Batter,7483,8233
Edinson Duran,NYY,Unknown,0.08995,-345.2369326,Batter,7484,8234
Victor Duarte,SDP,Unknown,0.08984999999999999,-345.23703259999996,Batter,7485,8235
Adam Retzbach,BAL,Unknown,0.08975,-345.2371326,Batter,7486,8236
Javier Mogollon,CHW,Unknown,0.08965000000000001,-345.23723259999997,Batter,7487,8237
Aneudis Mordán,,Unknown,0.08959999999999996,-345.23728259999996,Batter,7488,8238
Nick Biddison,PHI,Unknown,0.0895,-345.2373826,Batter,7489,8239
Fernando Gonzalez,SFG,Unknown,0.08945,-345.2374326,Batter,7490,8240
Johan Machado,MIA,Unknown,0.08939999999999998,-345.23748259999996,Batter,7491,8241
Edgleen Perez,PIT,Unknown,0.08939999999999995,-345.23748259999996,Batter,7492,8242
Heison Sanchez,,Unknown,0.08930000000000005,-345.2375826,Batter,7493,8243
Marcos De La Rosa,,Unknown,0.08930000000000005,-345.2375826,Batter,7494,8244
Devin Saltiban,PHI,Unknown,0.08929999999999996,-345.2375826,Batter,7495,8245
Cameron Decker,LAD,Unknown,0.08924999999999997,-345.2376326,Batter,7498,8246
Jeral Toledo,,Unknown,0.08924999999999997,-345.2376326,Batter,7497,8247
Angel Feliz,WSN,Unknown,0.08925,-345.2376326,Batter,7496,8248
Jacob Lojewski,,Unknown,0.08915,-345.23773259999996,Batter,7500,8249
Chase Call,HOU,Unknown,0.08914999999999998,-345.23773259999996,Batter,7501,8250
Josh Moylan,NYY,Unknown,0.08915000000000003,-345.23773259999996,Batter,7499,8251
Chase Harlan,LAD,Unknown,0.08909999999999998,-345.2377826,Batter,7502,8252
Victor Hurtado,WSN,Unknown,0.08900000000000002,-345.2378826,Batter,7503,8253
Enmanuel Terrero,,Unknown,0.08875,-345.2381326,Batter,7505,8254
Dario Laverde,LAA,Unknown,0.08875000000000002,-345.2381326,Batter,7504,8255
Jose Barrios,MIN,Unknown,0.08859999999999996,-345.2382826,Batter,7506,8256
Gabriel Moncada,,Unknown,0.08845,-345.23843259999995,Batter,7507,8257
Yorfran John,,Unknown,0.08839999999999998,-345.2384826,Batter,7508,8258
Raider Tello,PHI,Unknown,0.08835000000000004,-345.2385326,Batter,7509,8259
Hector Salas,HOU,Unknown,0.08834999999999998,-345.2385326,Batter,7511,8260
Victor Torres,,Unknown,0.08834999999999998,-345.2385326,Batter,7510,8261
Quincy Scott,TEX,Unknown,0.08830000000000002,-345.2385826,Batter,7512,8262
Mason Guerra,ATL,Unknown,0.08814999999999998,-345.2387326,Batter,7513,8263
Alberto Mendez,,Unknown,0.08805000000000002,-345.23883259999997,Batter,7515,8264
Kiko Romero,,Unknown,0.08805000000000002,-345.23883259999997,Batter,7514,8265
Luis Guevara,BAL,Unknown,0.08764999999999995,-345.2392326,Batter,7516,8266
Yensi De La Cruz,HOU,Unknown,0.08760000000000001,-345.23928259999997,Batter,7517,8267
Peyton Carr,,Unknown,0.08755000000000002,-345.23933259999995,Batter,7518,8268
Yerald Nin,ARI,Unknown,0.08755000000000002,-345.23933259999995,Batter,7519,8269
T.J. McCants,CHW,Unknown,0.08749999999999997,-345.2393826,Batter,7521,8270
Jhonael Cuello,NYM,Unknown,0.08750000000000002,-345.2393826,Batter,7520,8271
Wilber Sanchez,CHW,Unknown,0.08735000000000001,-345.23953259999996,Batter,7522,8272
Ashly Andujar,COL,Unknown,0.08729999999999999,-345.23958259999995,Batter,7523,8273
Diosfran Cabeza,ARI,Unknown,0.08725000000000002,-345.2396326,Batter,7524,8274
Kade Kern,,Unknown,0.08725,-345.2396326,Batter,7525,8275
Juan Flores,LAA,Unknown,0.08715000000000003,-345.23973259999997,Batter,7527,8276
Moises Polanco,MIL,Unknown,0.08710000000000007,-345.23978259999996,Batter,7528,8277
Franco Willias,SFG,Unknown,0.08710000000000001,-345.23978259999996,Batter,7529,8278
Maui Ahuna,SFG,Unknown,0.08710000000000001,-345.23978259999996,Batter,7530,8279
Ricardo Chirinos,BAL,Unknown,0.08710000000000001,-345.23978259999996,Batter,7531,8280
Michael Curialle,,Unknown,0.08699999999999997,-345.2398826,Batter,7532,8281
Tyler Tolve,ATL,Unknown,0.08695,-345.2399326,Batter,7533,8282
Casey Opitz,CHC,Unknown,0.08694999999999997,-345.2399326,Batter,7534,8283
Joe Olsavsky,ATL,Unknown,0.08665,-345.24023259999996,Batter,7535,8284
Tucker Toman,TOR,Unknown,0.08659999999999998,-345.2402826,Batter,7539,8285
Aldalay Kolokie,COL,Unknown,0.08659999999999998,-345.2402826,Batter,7538,8286
Miguel Flores,,Unknown,0.08660000000000001,-345.2402826,Batter,7537,8287
Bryan Andrade,ATH,Unknown,0.08660000000000001,-345.2402826,Batter,7536,8288
Yandel Ricardo,KCR,Unknown,0.08654999999999999,-345.2403326,Batter,7540,8289
Yasser Mercedes,MIN,Unknown,0.08625,-345.24063259999997,Batter,7542,8290
Erick Alvarez,,Unknown,0.08615,-345.2407326,Batter,7543,8291
Wady Mendez,TEX,Unknown,0.08605000000000004,-345.2408326,Batter,7544,8292
Nikau Pouaka-Grego,PHI,Unknown,0.08594999999999997,-345.24093259999995,Batter,7545,8293
Anderson Araujo,PHI,Unknown,0.08589999999999998,-345.2409826,Batter,7546,8294
Juan Sulbaran,TEX,Unknown,0.08579999999999999,-345.24108259999997,Batter,7548,8295
Raylin Ramos,BAL,Unknown,0.08565,-345.2412326,Batter,7549,8296
Theo Hardy,TEX,Unknown,0.08554999999999999,-345.24133259999996,Batter,7550,8297
Wes Kath,CHW,Unknown,0.08550000000000002,-345.24138259999995,Batter,7553,8298
Cameron Barstad,CLE,Unknown,0.08550000000000008,-345.24138259999995,Batter,7551,8299
Leandro Morgado,,Unknown,0.08550000000000008,-345.24138259999995,Batter,7552,8300
Hudson White,BOS,Unknown,0.08545,-345.2414326,Batter,7554,8301
Angel Requena,WSN,Unknown,0.08539999999999998,-345.2414826,Batter,7555,8302
Yohander Martinez,,Unknown,0.08535000000000001,-345.24153259999997,Batter,7556,8303
Luis Castillo,MIL,Unknown,0.08529999999999999,-345.24158259999996,Batter,7557,8304
Jefrank Silva,CHW,Unknown,0.08529999999999993,-345.24158259999996,Batter,7558,8305
Drake Logan,CHW,Unknown,0.08525000000000002,-345.2416326,Batter,7559,8306
Taishi Nakawake,,Unknown,0.0852,-345.2416826,Batter,7560,8307
Garret Forrester,MIA,Unknown,0.08505000000000001,-345.24183259999995,Batter,7561,8308
Tyresse Turner,CLE,Unknown,0.08500000000000002,-345.2418826,Batter,7562,8309
Rodney Green Jr.,ATH,Unknown,0.0849,-345.2419826,Batter,7563,8310
Yohendry Sanchez,SFG,Unknown,0.08479999999999999,-345.2420826,Batter,7565,8311
Adolfo Miranda,NYM,Unknown,0.08480000000000004,-345.2420826,Batter,7564,8312
Handelfry Encarnacion,MIL,Unknown,0.08474999999999999,-345.2421326,Batter,7566,8313
Josue Gonzalez,NYY,Unknown,0.08474999999999999,-345.2421326,Batter,7567,8314
Brenny Escanio,,Unknown,0.08455000000000001,-345.2423326,Batter,7568,8315
Juan Mateo,ATL,Unknown,0.08454999999999999,-345.2423326,Batter,7569,8316
Jake Anchia,,Unknown,0.08454999999999999,-345.2423326,Batter,7570,8317
Carter Young,BAL,Unknown,0.08454999999999999,-345.2423326,Batter,7571,8318
Railin Tea,,Unknown,0.08449999999999996,-345.2423826,Batter,7572,8319
Henry Ramos,KCR,Unknown,0.08434999999999998,-345.2425326,Batter,7576,8320
Luis Lameda,MIL,Unknown,0.08435000000000004,-345.2425326,Batter,7573,8321
Jaden Rudd,,Unknown,0.08435000000000001,-345.2425326,Batter,7574,8322
Connor Hujsak,TBR,Unknown,0.08434999999999998,-345.2425326,Batter,7575,8323
Daniel Perez,,Unknown,0.08430000000000004,-345.2425826,Batter,7577,8324
Anthony DePino,CHW,Unknown,0.08424999999999999,-345.2426326,Batter,7578,8325
Enderso Lira,,Unknown,0.0842,-345.24268259999997,Batter,7580,8326
Justin Boyd,,Unknown,0.08420000000000002,-345.24268259999997,Batter,7579,8327
Luis Chevalier,,Unknown,0.08414999999999997,-345.24273259999995,Batter,7581,8328
Rosnel Alarcon,TEX,Unknown,0.08409999999999995,-345.2427826,Batter,7582,8329
Ryan Burrowes,CHW,Unknown,0.08404999999999999,-345.2428326,Batter,7584,8330
Jose Monzon,TBR,Unknown,0.08404999999999996,-345.2428326,Batter,7585,8331
Kehden Hettiger,PHI,Unknown,0.08405000000000001,-345.2428326,Batter,7583,8332
Andres Torres,TBR,Unknown,0.08400000000000002,-345.2428826,Batter,7586,8333
Cam Magee,,Unknown,0.08390000000000009,-345.24298259999995,Batter,7587,8334
Cade Fergus,PHI,Unknown,0.08385000000000004,-345.2430326,Batter,7588,8335
Ruben Santana,ARI,Unknown,0.08379999999999999,-345.2430826,Batter,7589,8336
Reginald Preciado,CHC,Unknown,0.08364999999999997,-345.2432326,Batter,7590,8337
Jason Hinchman,,Unknown,0.08360000000000001,-345.2432826,Batter,7591,8338
Adriel Radney,ARI,Unknown,0.08350000000000002,-345.24338259999996,Batter,7593,8339
Jose Hernandez,,Unknown,0.08350000000000002,-345.24338259999996,Batter,7592,8340
Lonnie White Jr.,PIT,Unknown,0.08345,-345.24343259999995,Batter,7594,8341
Peson Revierre,CIN,Unknown,0.08339999999999997,-345.2434826,Batter,7595,8342
Nicandro Aybar,TBR,Unknown,0.08334999999999998,-345.2435326,Batter,7596,8343
Josue Brito,BOS,Unknown,0.08329999999999999,-345.24358259999997,Batter,7597,8344
Sandy Sanchez,,Unknown,0.08289999999999992,-345.2439826,Batter,7598,8345
Marcos Torres,TEX,Unknown,0.08279999999999998,-345.24408259999996,Batter,7599,8346
Nomar Velasquez,CLE,Unknown,0.08279999999999993,-345.24408259999996,Batter,7600,8347
Jeremy Ciriaco,COL,Unknown,0.08264999999999999,-345.2442326,Batter,7601,8348
Ching-Hsien Ko,LAD,Unknown,0.0826,-345.24428259999996,Batter,7602,8349
Robert Arias,CLE,Unknown,0.0826,-345.24428259999996,Batter,7603,8350
Yordalin Pena,STL,Unknown,0.08254999999999998,-345.24433259999995,Batter,7604,8351
Braylin Morel,TEX,Unknown,0.08249999999999999,-345.2443826,Batter,7605,8352
Blake Mitchell,KCR,Unknown,0.08245,-345.2444326,Batter,7606,8353
Yosneiker Rivas,SFG,Unknown,0.08239999999999997,-345.24448259999997,Batter,7607,8354
Cesar Quintas,SEA,Unknown,0.08234999999999998,-345.24453259999996,Batter,7608,8355
Maximus Martin,BOS,Unknown,0.08225000000000002,-345.2446326,Batter,7609,8356
Cole Mathis,CHC,Unknown,0.08224999999999999,-345.2446326,Batter,7610,8357
Merphy Hernandez,MIN,Unknown,0.08219999999999994,-345.2446826,Batter,7611,8358
Jhostin Genao,TEX,Unknown,0.08219999999999994,-345.2446826,Batter,7612,8359
Nate Rombach,WSN,Unknown,0.08215000000000003,-345.24473259999996,Batter,7613,8360
Wilman Diaz,,Unknown,0.08215,-345.24473259999996,Batter,7614,8361
Cole Urman,,Unknown,0.08200000000000002,-345.2448826,Batter,7616,8362
Stiven Flores,CHW,Unknown,0.08195,-345.24493259999997,Batter,7618,8363
Enrique Jimenez,MIN,Unknown,0.08195000000000002,-345.24493259999997,Batter,7617,8364
Brayan Guedez,,Unknown,0.08179999999999998,-345.2450826,Batter,7620,8365
Angel Diaz,LAD,Unknown,0.08180000000000001,-345.2450826,Batter,7619,8366
Cristhian Vaquero,WSN,Unknown,0.08165,-345.24523259999995,Batter,7622,8367
Randy Guzman,NYM,Unknown,0.08165,-345.24523259999995,Batter,7623,8368
Bairon Ledesma,COL,Unknown,0.08165,-345.24523259999995,Batter,7624,8369
Trevor Werner,KCR,Unknown,0.08159999999999992,-345.2452826,Batter,7625,8370
Byron Chourio,MIN,Unknown,0.08149999999999999,-345.24538259999997,Batter,7626,8371
Carlos Virahonda,ARI,Unknown,0.08145000000000005,-345.24543259999996,Batter,7627,8372
Luis Escudero,NYY,Unknown,0.0814,-345.2454826,Batter,7628,8373
Derek Datil,TBR,Unknown,0.08130000000000001,-345.2455826,Batter,7629,8374
Jared Thomas,,Unknown,0.08120000000000002,-345.24568259999995,Batter,7630,8375
Enry Torres,CIN,Unknown,0.0812,-345.24568259999995,Batter,7631,8376
Yohander Linarez,BOS,Unknown,0.08119999999999997,-345.24568259999995,Batter,7632,8377
Djean Macares,SFG,Unknown,0.0811,-345.2457826,Batter,7633,8378
JoJo Blackmon,,Unknown,0.08089999999999997,-345.2459826,Batter,7635,8379
Jose Rivas,LAD,Unknown,0.08090000000000003,-345.2459826,Batter,7634,8380
Rodolfo Nolasco,,Unknown,0.08074999999999993,-345.24613259999995,Batter,7636,8381
Cristian Montilla,MIL,Unknown,0.08070000000000005,-345.2461826,Batter,7637,8382
Dylan Grego,SDP,Unknown,0.08064999999999997,-345.2462326,Batter,7641,8383
Austin Green,NYY,Unknown,0.08065,-345.2462326,Batter,7640,8384
Carlos Rodriguez,SDP,Unknown,0.08065,-345.2462326,Batter,7639,8385
Demetrio Nadal,MIL,Unknown,0.08065000000000003,-345.2462326,Batter,7638,8386
Arxy Hernandez,CHW,Unknown,0.0806,-345.2462826,Batter,7642,8387
Kleiver Chauran,TBR,Unknown,0.0806,-345.2462826,Batter,7643,8388
Harold Rivas,BOS,Unknown,0.08050000000000002,-345.2463826,Batter,7644,8389
Christian Pregent,,Unknown,0.08049999999999996,-345.2463826,Batter,7645,8390
Anthony Hall,,Unknown,0.08035000000000003,-345.24653259999997,Batter,7647,8391
Charlie Pagliarini,SEA,Unknown,0.08030000000000001,-345.24658259999995,Batter,7649,8392
Kyle Hayes,KCR,Unknown,0.08030000000000001,-345.24658259999995,Batter,7650,8393
Moises Valdez,SDP,Unknown,0.08029999999999998,-345.24658259999995,Batter,7651,8394
Dustin Crenshaw,SEA,Unknown,0.08030000000000001,-345.24658259999995,Batter,7648,8395
Yojackson Laya,LAD,Unknown,0.08020000000000005,-345.2466826,Batter,7652,8396
Brendan Durfee,SDP,Unknown,0.08015,-345.2467326,Batter,7653,8397
Edward Guribe,STL,Unknown,0.08009999999999995,-345.24678259999996,Batter,7654,8398
Jesus Ortega,KCR,Unknown,0.08009999999999995,-345.24678259999996,Batter,7655,8399
Dakota Kotowski,,Unknown,0.07979999999999998,-345.2470826,Batter,7656,8400
Matthew Moses,MIL,Unknown,0.0797,-345.2471826,Batter,7658,8401
Caden Rose,BOS,Unknown,0.0797,-345.2471826,Batter,7657,8402
Jesus Perez,MIA,Unknown,0.07950000000000002,-345.2473826,Batter,7659,8403
Joe Hudson,,Unknown,0.07949999999999999,-345.2473826,Batter,7660,8404
Charles Mack,,Unknown,0.07939999999999997,-345.24748259999996,Batter,7661,8405
Matthew Ellis,SEA,Unknown,0.07930000000000001,-345.2475826,Batter,7663,8406
Jesus Pinto,DET,Unknown,0.07930000000000001,-345.2475826,Batter,7664,8407
Robert Lopez,,Unknown,0.07929999999999998,-345.2475826,Batter,7665,8408
D'Angelo Ortiz,BOS,Unknown,0.07929999999999998,-345.2475826,Batter,7666,8409
Yovanny Duran,MIN,Unknown,0.07930000000000009,-345.2475826,Batter,7662,8410
Luis Almeyda,BAL,Unknown,0.07924999999999999,-345.2476326,Batter,7668,8411
Colin Tuft,BAL,Unknown,0.07925000000000001,-345.2476326,Batter,7667,8412
Ethan Lege,PIT,Unknown,0.07915000000000003,-345.24773259999995,Batter,7669,8413
Cole Turney,,Unknown,0.07915,-345.24773259999995,Batter,7670,8414
John Cruz,MIA,Unknown,0.0791,-345.2477826,Batter,7671,8415
Pablo Guerrero,TEX,Unknown,0.07909999999999998,-345.2477826,Batter,7672,8416
Ryan Stafford,BAL,Unknown,0.07904999999999995,-345.2478326,Batter,7673,8417
Maxwell Romero Jr.,WSN,Unknown,0.07895000000000005,-345.24793259999996,Batter,7675,8418
Mitchell Daly,LAA,Unknown,0.0789,-345.2479826,Batter,7676,8419
Jose Caguana,,Unknown,0.07870000000000002,-345.24818259999995,Batter,7677,8420
Carter Cunningham,TOR,Unknown,0.07844999999999999,-345.2484326,Batter,7678,8421
Jaron Elkins,LAD,Unknown,0.07830000000000001,-345.24858259999996,Batter,7679,8422
Diego Gonzalez,,Unknown,0.07810000000000003,-345.24878259999997,Batter,7680,8423
Vincent Perozo,NYM,Unknown,0.07774999999999999,-345.2491326,Batter,7681,8424
Bryce Madron,,Unknown,0.07764999999999997,-345.24923259999997,Batter,7683,8425
Dylan Fien,ATH,Unknown,0.07765000000000002,-345.24923259999997,Batter,7682,8426
Ramiro Dominguez,MIN,Unknown,0.07759999999999999,-345.24928259999996,Batter,7684,8427
Freiker Betencourt,CHC,Unknown,0.07750000000000001,-345.2493826,Batter,7685,8428
Colton Bender,,Unknown,0.07745000000000002,-345.2494326,Batter,7686,8429
Enmanuel Figuereo,BOS,Unknown,0.07729999999999998,-345.2495826,Batter,7687,8430
Carlos Martinez,,Unknown,0.07729999999999992,-345.2495826,Batter,7688,8431
Kyle Battle,,Unknown,0.07719999999999999,-345.24968259999997,Batter,7690,8432
Anthony Santa Cruz de Oviedo,LAA,Unknown,0.07719999999999999,-345.24968259999997,Batter,7689,8433
Devin Taylor,ATH,Unknown,0.07715,-345.24973259999996,Batter,7692,8434
Fraymi De Leon,BOS,Unknown,0.07714999999999997,-345.24973259999996,Batter,7693,8435
Beycker Barroso,TEX,Unknown,0.0771,-345.2497826,Batter,7694,8436
Yendry Rojas,,Unknown,0.07709999999999997,-345.2497826,Batter,7695,8437
Reminton Batista,,Unknown,0.07689999999999991,-345.24998259999995,Batter,7696,8438
Curtis Washington Jr.,SEA,Unknown,0.07684999999999997,-345.2500326,Batter,7697,8439
Brandon Compton,MIA,Unknown,0.07669999999999999,-345.25018259999996,Batter,7698,8440
Gabriel Araujo,,Unknown,0.07669999999999993,-345.25018259999996,Batter,7700,8441
Deinys Gonzalez,TBR,Unknown,0.07669999999999993,-345.25018259999996,Batter,7699,8442
Pedro Pineda,ATH,Unknown,0.07659999999999997,-345.2502826,Batter,7701,8443
Santiago Pinto,DET,Unknown,0.07650000000000001,-345.25038259999997,Batter,7702,8444
Owen Ayers,CHC,Unknown,0.07645000000000002,-345.25043259999995,Batter,7703,8445
Kai Roberts,SDP,Unknown,0.07634999999999997,-345.2505326,Batter,7704,8446
Alfredo Alcantara,CIN,Unknown,0.07624999999999998,-345.25063259999996,Batter,7705,8447
Louis Andujar,BOS,Unknown,0.07619999999999999,-345.2506826,Batter,7706,8448
Alberto Rios,LAA,Unknown,0.07615,-345.2507326,Batter,7709,8449
EJ Andrews Jr.,,Unknown,0.07615,-345.2507326,Batter,7707,8450
Luis Pineda,,Unknown,0.07615,-345.2507326,Batter,7708,8451
Angel Arevalo,,Unknown,0.07609999999999995,-345.2507826,Batter,7710,8452
Luis Colon,,Unknown,0.07599999999999996,-345.25088259999995,Batter,7711,8453
Roger Lasso,,Unknown,0.07590000000000002,-345.2509826,Batter,7712,8454
Yeiferth Castillo,CLE,Unknown,0.0759,-345.2509826,Batter,7713,8455
Yosmar Gimenez,PIT,Unknown,0.07550000000000007,-345.2513826,Batter,7715,8456
Clayton Campbell,DET,Unknown,0.07550000000000001,-345.2513826,Batter,7716,8457
Gavin Turley,ATH,Unknown,0.07545000000000002,-345.2514326,Batter,7717,8458
Yoander Rivero,,Unknown,0.07545000000000002,-345.2514326,Batter,7718,8459
Mairoshendrick Martinus,LAD,Unknown,0.07525000000000001,-345.2516326,Batter,7719,8460
Juan Montero,BOS,Unknown,0.07520000000000002,-345.2516826,Batter,7720,8461
Edgar Walker,PIT,Unknown,0.0751,-345.25178259999996,Batter,7721,8462
Jhon Diaz,,Unknown,0.07499999999999996,-345.2518826,Batter,7722,8463
Jackson Ross,WSN,Unknown,0.07494999999999996,-345.2519326,Batter,7726,8464
Matt Hogan,CHW,Unknown,0.07494999999999999,-345.2519326,Batter,7725,8465
Leandro Romero,SEA,Unknown,0.07470000000000004,-345.25218259999997,Batter,7727,8466
Ben McCabe,COL,Unknown,0.0746,-345.2522826,Batter,7728,8467
Jaset Martinez,CIN,Unknown,0.0746,-345.2522826,Batter,7729,8468
Ben Hartl,TEX,Unknown,0.07455,-345.2523326,Batter,7730,8469
Jose Suarez,STL,Unknown,0.07450000000000001,-345.2523826,Batter,7731,8470
Ire Garcia,HOU,Unknown,0.07449999999999996,-345.2523826,Batter,7732,8471
Rabel Colon,,Unknown,0.07440000000000002,-345.25248259999995,Batter,7733,8472
Anderson Tovar,,Unknown,0.07439999999999991,-345.25248259999995,Batter,7735,8473
John Spikerman,PHI,Unknown,0.0744,-345.25248259999995,Batter,7734,8474
Brailer Guerrero,TBR,Unknown,0.07435,-345.2525326,Batter,7736,8475
Andrew Salas,MIA,Unknown,0.07425000000000001,-345.25263259999997,Batter,7737,8476
Colby Shelton,CHW,Unknown,0.07424999999999998,-345.25263259999997,Batter,7738,8477
Ed Howard,CHC,Unknown,0.07415,-345.2527326,Batter,7739,8478
Aaron Pinero,TBR,Unknown,0.0741,-345.2527826,Batter,7740,8479
Joaquin Arias Jr.,TEX,Unknown,0.07400000000000001,-345.25288259999996,Batter,7743,8480
Nixson Cueche,,Unknown,0.07400000000000001,-345.25288259999996,Batter,7742,8481
Carter Frederick,KCR,Unknown,0.07400000000000001,-345.25288259999996,Batter,7741,8482
Darlyn Montero,,Unknown,0.0739,-345.2529826,Batter,7746,8483
Charles Nova,,Unknown,0.07390000000000002,-345.2529826,Batter,7745,8484
Luke Dickerson,WSN,Unknown,0.07385,-345.2530326,Batter,7748,8485
George Wolkow,CHW,Unknown,0.07369999999999999,-345.2531826,Batter,7749,8486
Joel Dragoo,PHI,Unknown,0.07355,-345.25333259999996,Batter,7750,8487
Elvis Rijo,,Unknown,0.07344999999999999,-345.2534326,Batter,7751,8488
Brayan Cortesia,WSN,Unknown,0.07340000000000002,-345.2534826,Batter,7752,8489
Bjay Cooke,ATH,Unknown,0.07340000000000002,-345.2534826,Batter,7753,8490
Dariel Ramon,TOR,Unknown,0.0733,-345.25358259999996,Batter,7754,8491
Efren Teran,BOS,Unknown,0.07305000000000002,-345.25383259999995,Batter,7755,8492
Nick Roselli,NYM,Unknown,0.07294999999999996,-345.2539326,Batter,7756,8493
Yojancel Cabrera,LAA,Unknown,0.07289999999999996,-345.2539826,Batter,7759,8494
Lisandro Bonifacio,,Unknown,0.07289999999999996,-345.2539826,Batter,7758,8495
Werner Blakely,,Unknown,0.07290000000000002,-345.2539826,Batter,7757,8496
Peyton Powell,,Unknown,0.07280000000000003,-345.2540826,Batter,7760,8497
Garrett Howe,CLE,Unknown,0.0728,-345.2540826,Batter,7761,8498
Randy De Jesus,LAA,Unknown,0.07274999999999995,-345.2541326,Batter,7762,8499
Antonio Anderson,BOS,Unknown,0.07264999999999999,-345.25423259999997,Batter,7763,8500
Chandler Pollard,TEX,Unknown,0.07255000000000003,-345.2543326,Batter,7764,8501
Jjam Alvarez,,Unknown,0.07249999999999995,-345.2543826,Batter,7765,8502
Andres Valor,MIA,Unknown,0.07245000000000001,-345.2544326,Batter,7766,8503
Bryan Broecker,TBR,Unknown,0.07244999999999999,-345.2544326,Batter,7767,8504
Carlos Gutierrez,,Unknown,0.07240000000000002,-345.25448259999996,Batter,7768,8505
Eliesbert Alejos,ARI,Unknown,0.0723,-345.2545826,Batter,7769,8506
Eduardo Beltre,MIN,Unknown,0.07229999999999998,-345.2545826,Batter,7770,8507
Kamuel Villar,COL,Unknown,0.07219999999999993,-345.25468259999997,Batter,7772,8508
Diego Omana,CIN,Unknown,0.07219999999999999,-345.25468259999997,Batter,7771,8509
Jaxx Groshans,,Unknown,0.0721,-345.2547826,Batter,7773,8510
Ariel Almonte,CIN,Unknown,0.07199999999999998,-345.2548826,Batter,7774,8511
Kendry Chirinos,TOR,Unknown,0.07189999999999999,-345.25498259999995,Batter,7775,8512
Darvin Cruz,,Unknown,0.07189999999999996,-345.25498259999995,Batter,7776,8513
Nick Monistere,HOU,Unknown,0.07185,-345.2550326,Batter,7777,8514
Rony Bello,WSN,Unknown,0.07180000000000003,-345.2550826,Batter,7779,8515
Sandro Pereira,HOU,Unknown,0.07169999999999999,-345.25518259999996,Batter,7780,8516
Alan Escobar,CHW,Unknown,0.07159999999999994,-345.2552826,Batter,7783,8517
Ricardo Crespo,SFG,Unknown,0.0716,-345.2552826,Batter,7782,8518
Albertson Asigen,,Unknown,0.0716,-345.2552826,Batter,7781,8519
Caleb McNeely,,Unknown,0.07155,-345.2553326,Batter,7784,8520
Pedro Ibarguen,MIL,Unknown,0.07150000000000004,-345.25538259999996,Batter,7785,8521
Kyle Dernedde,CLE,Unknown,0.07145000000000001,-345.25543259999995,Batter,7786,8522
Brandon Vasquez,SFG,Unknown,0.07140000000000007,-345.2554826,Batter,7787,8523
Edwin Sanchez,HOU,Unknown,0.07130000000000003,-345.25558259999997,Batter,7788,8524
Jakey Josepha,ARI,Unknown,0.07125000000000001,-345.25563259999996,Batter,7789,8525
Emiliano Galan,,Unknown,0.07119999999999999,-345.2556826,Batter,7790,8526
Ricardo Hurtado,DET,Unknown,0.07074999999999998,-345.2561326,Batter,7791,8527
Drew Davies,CIN,Unknown,0.07050000000000001,-345.2563826,Batter,7792,8528
Alexis Hernandez,CHC,Unknown,0.07045000000000001,-345.2564326,Batter,7793,8529
Darian Castillo,SDP,Unknown,0.07039999999999996,-345.25648259999997,Batter,7794,8530
Aldrin Lucas,,Unknown,0.0703,-345.2565826,Batter,7795,8531
Avinson Pinto,BOS,Unknown,0.07025,-345.2566326,Batter,7796,8532
Justin Ramirez,NYM,Unknown,0.06969999999999998,-345.25718259999996,Batter,7799,8533
Liosward Marin,BOS,Unknown,0.06969999999999998,-345.25718259999996,Batter,7797,8534
Aniel Mendoza,,Unknown,0.06949999999999995,-345.25738259999997,Batter,7800,8535
Geuri Lubo,CHC,Unknown,0.06949999999999995,-345.25738259999997,Batter,7801,8536
Spencer Bramwell,MIA,Unknown,0.06945000000000001,-345.25743259999996,Batter,7802,8537
Moises Marchán,KCR,Unknown,0.06900000000000006,-345.25788259999996,Batter,7804,8538
Iverson Espinoza,,Unknown,0.06875,-345.25813259999995,Batter,7805,8539
Givian Sirvania,BOS,Unknown,0.0686,-345.2582826,Batter,7807,8540
Brennon McNair,KCR,Unknown,0.0686,-345.2582826,Batter,7806,8541
Joshua Francis,SEA,Unknown,0.0685,-345.2583826,Batter,7808,8542
Roderick Arias,NYY,Unknown,0.06839999999999999,-345.2584826,Batter,7809,8543
Colin Burgess,ATL,Unknown,0.06839999999999999,-345.2584826,Batter,7810,8544
Omar Urbina,BAL,Unknown,0.06839999999999996,-345.2584826,Batter,7811,8545
Carlos Arroyo,,Unknown,0.06824999999999998,-345.2586326,Batter,7812,8546
Logan Tanner,CIN,Unknown,0.06819999999999998,-345.2586826,Batter,7813,8547
Marconi German,WSN,Unknown,0.06799999999999995,-345.2588826,Batter,7814,8548
Javier Francisco,,Unknown,0.06789999999999999,-345.25898259999997,Batter,7815,8549
Jorge Hernandez,KCR,Unknown,0.06779999999999997,-345.2590826,Batter,7816,8550
Bobby Blandford,ATH,Unknown,0.06775,-345.2591326,Batter,7817,8551
Jose Ortiz,SFG,Unknown,0.06770000000000004,-345.2591826,Batter,7818,8552
Julio Henriquez,MIA,Unknown,0.06765000000000002,-345.25923259999996,Batter,7819,8553
Eddy Rodriguez,PIT,Unknown,0.0676,-345.25928259999995,Batter,7820,8554
Core Jackson,NYY,Unknown,0.06754999999999997,-345.2593326,Batter,7822,8555
Rafael Morel,,Unknown,0.06755000000000003,-345.2593326,Batter,7821,8556
Almen Tolentino,MIA,Unknown,0.06730000000000003,-345.2595826,Batter,7823,8557
Justin Miknis,,Unknown,0.0673,-345.2595826,Batter,7825,8558
Maikel Hernandez,,Unknown,0.0673,-345.2595826,Batter,7824,8559
Queni Pineda,NYY,Unknown,0.06709999999999994,-345.2597826,Batter,7826,8560
Hunter Haas,TBR,Unknown,0.06705,-345.2598326,Batter,7827,8561
Geomaikel Martinez,BOS,Unknown,0.06699999999999995,-345.25988259999997,Batter,7828,8562
Brandon Eike,SEA,Unknown,0.06690000000000002,-345.2599826,Batter,7830,8563
Shawn Ross,PIT,Unknown,0.06690000000000002,-345.2599826,Batter,7829,8564
Connor Burns,CIN,Unknown,0.06684999999999999,-345.2600326,Batter,7831,8565
Gabriel Gomes,,Unknown,0.06680000000000003,-345.2600826,Batter,7832,8566
Leiker Figueroa,,Unknown,0.06669999999999998,-345.26018259999995,Batter,7833,8567
Luis Cruz,PIT,Unknown,0.06659999999999999,-345.2602826,Batter,7837,8568
Frederik Jimenez,BOS,Unknown,0.06660000000000002,-345.2602826,Batter,7836,8569
Josh Caron,SEA,Unknown,0.06660000000000002,-345.2602826,Batter,7835,8570
Jordan Viars,,Unknown,0.06660000000000002,-345.2602826,Batter,7834,8571
Alexander Benua,ARI,Unknown,0.06655000000000003,-345.26033259999997,Batter,7838,8572
Abdias De La Cruz,ARI,Unknown,0.06645000000000004,-345.2604326,Batter,7839,8573
Abel Bastidas,DET,Unknown,0.06640000000000001,-345.2604826,Batter,7840,8574
Lyle Miller-Green,CHW,Unknown,0.06634999999999999,-345.2605326,Batter,7841,8575
Anyelo Encarnacion,STL,Unknown,0.06620000000000001,-345.2606826,Batter,7842,8576
Steven Madero,DET,Unknown,0.06619999999999993,-345.2606826,Batter,7843,8577
Filippo Di Turi,MIL,Unknown,0.06615000000000001,-345.2607326,Batter,7844,8578
Jose M. Mendoza,CHW,Unknown,0.06599999999999995,-345.2608826,Batter,7845,8579
Luis Garcia,CLE,Unknown,0.06590000000000001,-345.2609826,Batter,7846,8580
Santiago Gomez,NYY,Unknown,0.06580000000000003,-345.26108259999995,Batter,7847,8581
Argenis Valdez,BAL,Unknown,0.06570000000000004,-345.2611826,Batter,7848,8582
David Beckles,TOR,Unknown,0.06565000000000001,-345.26123259999997,Batter,7849,8583
German Ortiz,ATH,Unknown,0.06554999999999997,-345.2613326,Batter,7850,8584
Rafael Martinez,,Unknown,0.06549999999999995,-345.2613826,Batter,7852,8585
Mac McCroskey,LAA,Unknown,0.0655,-345.2613826,Batter,7851,8586
Carson Rucker,DET,Unknown,0.06544999999999998,-345.2614326,Batter,7853,8587
Misael Mojica,WSN,Unknown,0.06530000000000002,-345.2615826,Batter,7854,8588
José Anderson,MIL,Unknown,0.06525,-345.2616326,Batter,7855,8589
Jose D. Hernandez,LAD,Unknown,0.06515000000000001,-345.26173259999996,Batter,7856,8590
Braylon Payne,MIL,Unknown,0.06504999999999997,-345.2618326,Batter,7857,8591
Joyner Perez,MIN,Unknown,0.065,-345.2618826,Batter,7858,8592
Enderson Delgado,DET,Unknown,0.065,-345.2618826,Batter,7859,8593
Luis Vicioso,,Unknown,0.06499999999999995,-345.2618826,Batter,7860,8594
Jesus Lopez,TEX,Unknown,0.06494999999999998,-345.26193259999997,Batter,7863,8595
Joswuill Rondon,,Unknown,0.06480000000000002,-345.2620826,Batter,7864,8596
Ryan Johnson,HOU,Unknown,0.06474999999999997,-345.2621326,Batter,7866,8597
Elian Rayo,,Unknown,0.06474999999999997,-345.2621326,Batter,7865,8598
Andy Encarnacion,ARI,Unknown,0.06469999999999998,-345.26218259999996,Batter,7867,8599
Alcides Hernandez,SDP,Unknown,0.06459999999999999,-345.2622826,Batter,7868,8600
Caleb Hobson,COL,Unknown,0.06454999999999997,-345.2623326,Batter,7870,8601
Cole McConnell,CHW,Unknown,0.06454999999999997,-345.2623326,Batter,7869,8602
Jostin Ogando,BOS,Unknown,0.06440000000000001,-345.2624826,Batter,7873,8603
Hector Ramos,BOS,Unknown,0.06439999999999996,-345.2624826,Batter,7874,8604
Alejandro Blasco,CLE,Unknown,0.06440000000000001,-345.2624826,Batter,7871,8605
Randy Soto,,Unknown,0.06439999999999996,-345.2624826,Batter,7875,8606
Angelo Mora,,Unknown,0.06440000000000001,-345.2624826,Batter,7872,8607
Eduardo Acevedo,,Unknown,0.06430000000000002,-345.2625826,Batter,7876,8608
Carlos Sanchez,MIA,Unknown,0.0643,-345.2625826,Batter,7877,8609
Adriander Mejía,BAL,Unknown,0.06425,-345.26263259999996,Batter,7878,8610
Miguel Pabon,,Unknown,0.06424999999999997,-345.26263259999996,Batter,7879,8611
Yan Contreras,,Unknown,0.06420000000000009,-345.26268259999995,Batter,7880,8612
Miguel Tamares,,Unknown,0.06409999999999993,-345.2627826,Batter,7882,8613
Jeremy Celedonio,,Unknown,0.06409999999999993,-345.2627826,Batter,7883,8614
Dariel Arias,CLE,Unknown,0.06409999999999993,-345.2627826,Batter,7881,8615
Jake Cunningham,SDP,Unknown,0.06400000000000003,-345.26288259999995,Batter,7884,8616
Armando Sierra,,Unknown,0.064,-345.26288259999995,Batter,7885,8617
Carlos Pacheco,ATH,Unknown,0.06399999999999997,-345.26288259999995,Batter,7886,8618
Mario Baez,ATL,Unknown,0.06390000000000001,-345.2629826,Batter,7887,8619
Marcus Smith,,Unknown,0.06374999999999997,-345.26313259999995,Batter,7888,8620
Ben Newton,ATH,Unknown,0.06370000000000003,-345.2631826,Batter,7889,8621
Cole Foster,SFG,Unknown,0.06369999999999998,-345.2631826,Batter,7890,8622
Enyervert Perez,ARI,Unknown,0.06364999999999998,-345.2632326,Batter,7891,8623
Luis Ogando,,Unknown,0.06359999999999993,-345.26328259999997,Batter,7893,8624
Andrew Miller,,Unknown,0.06359999999999999,-345.26328259999997,Batter,7892,8625
Junior Gonzalez,,Unknown,0.06349999999999995,-345.2633826,Batter,7894,8626
Sami Manzueta,HOU,Unknown,0.06340000000000001,-345.2634826,Batter,7895,8627
Corey Collins,NYM,Unknown,0.0633,-345.26358259999995,Batter,7896,8628
Richard Ramirez,PIT,Unknown,0.06324999999999997,-345.2636326,Batter,7897,8629
Miguel Blanco,SFG,Unknown,0.06319999999999998,-345.2636826,Batter,7898,8630
Geyber Blanco,,Unknown,0.06319999999999992,-345.2636826,Batter,7899,8631
Jude Warwick,DET,Unknown,0.06315000000000004,-345.26373259999997,Batter,7900,8632
Franyer Noria,,Unknown,0.06314999999999998,-345.26373259999997,Batter,7901,8633
Hans Montero,NYY,Unknown,0.06314999999999998,-345.26373259999997,Batter,7902,8634
Yhoangel Aponte,TOR,Unknown,0.06314999999999998,-345.26373259999997,Batter,7903,8635
Ethan Long,SDP,Unknown,0.06310000000000002,-345.26378259999996,Batter,7904,8636
Jordan Dissin,PHI,Unknown,0.06305000000000002,-345.2638326,Batter,7905,8637
Caden Powell,HOU,Unknown,0.06289999999999998,-345.26398259999996,Batter,7907,8638
Javier Herrera,LAD,Unknown,0.06290000000000004,-345.26398259999996,Batter,7906,8639
Rosman Verdugo,SDP,Unknown,0.06284999999999999,-345.26403259999995,Batter,7908,8640
PJ Morlando,MIA,Unknown,0.06284999999999999,-345.26403259999995,Batter,7909,8641
Edgar Basabe,,Unknown,0.06279999999999997,-345.2640826,Batter,7910,8642
Isaac Pena,,Unknown,0.06275,-345.2641326,Batter,7911,8643
Justin Capellan,NYY,Unknown,0.06259999999999999,-345.2642826,Batter,7912,8644
Tony Blanco Jr.,PIT,Unknown,0.06255,-345.2643326,Batter,7913,8645
Eric Bitonti,MIL,Unknown,0.06255,-345.2643326,Batter,7914,8646
Slate Alford,LAA,Unknown,0.06254999999999997,-345.2643326,Batter,7915,8647
Daniel Bruzual,,Unknown,0.0625,-345.2643826,Batter,7917,8648
Jehancarlos Mendez,,Unknown,0.0625,-345.2643826,Batter,7916,8649
Dariel Garcia,COL,Unknown,0.0625,-345.2643826,Batter,7918,8650
Andrés Nolaya,BAL,Unknown,0.06225,-345.26463259999997,Batter,7919,8651
Greyber Altamirano,,Unknown,0.06219999999999998,-345.26468259999996,Batter,7920,8652
Caleb Farmer,WSN,Unknown,0.06214999999999998,-345.2647326,Batter,7921,8653
Jhonson Pena,,Unknown,0.062000000000000055,-345.26488259999996,Batter,7922,8654
Nehomar Ochoa Jr.,HOU,Unknown,0.061799999999999994,-345.26508259999997,Batter,7923,8655
Edgar Montero,ATH,Unknown,0.06159999999999999,-345.2652826,Batter,7924,8656
Anthony Donofrio,SEA,Unknown,0.061549999999999994,-345.26533259999997,Batter,7925,8657
Felix Cotes,TBR,Unknown,0.06144999999999998,-345.2654326,Batter,7926,8658
Franklin Rojas,TOR,Unknown,0.061400000000000066,-345.2654826,Batter,7927,8659
Kavares Tears,SDP,Unknown,0.061350000000000016,-345.2655326,Batter,7928,8660
Hyun Seung Lee,PIT,Unknown,0.061299999999999966,-345.26558259999996,Batter,7933,8661
Daniel Lopez,KCR,Unknown,0.06129999999999999,-345.26558259999996,Batter,7932,8662
Anthony Sherwin,HOU,Unknown,0.06129999999999999,-345.26558259999996,Batter,7931,8663
Daje Morales,,Unknown,0.06130000000000002,-345.26558259999996,Batter,7930,8664
Pedro Dalmagro,CLE,Unknown,0.06130000000000008,-345.26558259999996,Batter,7929,8665
Miguel Hernandez,STL,Unknown,0.06119999999999998,-345.2656826,Batter,7934,8666
Nick Schwartz,ATH,Unknown,0.061100000000000015,-345.26578259999997,Batter,7935,8667
Juarlin Soto,TOR,Unknown,0.06109999999999999,-345.26578259999997,Batter,7936,8668
Jesus Morales,KCR,Unknown,0.061,-345.2658826,Batter,7937,8669
Yoffry Solano,MIA,Unknown,0.060950000000000004,-345.2659326,Batter,7938,8670
C.J. Stubbs,TOR,Unknown,0.060600000000000015,-345.26628259999995,Batter,7939,8671
Naibel Mariano,CIN,Unknown,0.06049999999999994,-345.2663826,Batter,7940,8672
Cristian Feliz,,Unknown,0.06040000000000001,-345.26648259999996,Batter,7941,8673
Anderson Suriel,,Unknown,0.06030000000000002,-345.2665826,Batter,7942,8674
Carlos Vasquez,,Unknown,0.060199999999999976,-345.26668259999997,Batter,7944,8675
Luis Rodriguez,LAA,Unknown,0.060199999999999976,-345.26668259999997,Batter,7943,8676
Hendry Arvelo,LAD,Unknown,0.059799999999999964,-345.2670826,Batter,7947,8677
Euri Rosa,LAD,Unknown,0.05980000000000002,-345.2670826,Batter,7946,8678
Nathan Flewelling,TBR,Unknown,0.0597,-345.26718259999996,Batter,7948,8679
Grant Magill,CHW,Unknown,0.05965000000000001,-345.2672326,Batter,7950,8680
Jackson Feltner,,Unknown,0.059650000000000036,-345.2672326,Batter,7949,8681
Brock Tibbitts,TOR,Unknown,0.059600000000000014,-345.2672826,Batter,7952,8682
Curley Martha,TEX,Unknown,0.05960000000000004,-345.2672826,Batter,7951,8683
Reylin Perez,HOU,Unknown,0.05954999999999999,-345.2673326,Batter,7953,8684
Yeuni Munoz,TOR,Unknown,0.05940000000000001,-345.2674826,Batter,7954,8685
Juan Cabada,CHC,Unknown,0.05939999999999995,-345.2674826,Batter,7955,8686
Simon Juan,NYM,Unknown,0.05924999999999997,-345.26763259999996,Batter,7957,8687
Kale Fountain,SDP,Unknown,0.05925,-345.26763259999996,Batter,7956,8688
Kevin Verde,NYY,Unknown,0.059100000000000014,-345.2677826,Batter,7958,8689
Dervin Andrade,,Unknown,0.059099999999999986,-345.2677826,Batter,7959,8690
Hayden Gilliland,TOR,Unknown,0.05909999999999996,-345.2677826,Batter,7960,8691
Maikol Hernández,,Unknown,0.05895,-345.2679326,Batter,7961,8692
Raimel Medina,KCR,Unknown,0.05889999999999998,-345.2679826,Batter,7962,8693
Kellon Lindsey,LAD,Unknown,0.058849999999999986,-345.26803259999997,Batter,7963,8694
Gio Cueto,LAD,Unknown,0.05875,-345.2681326,Batter,7964,8695
Braylin Tavera,BAL,Unknown,0.0587,-345.2681826,Batter,7965,8696
Juan Gonzalez,CHW,Unknown,0.058249999999999996,-345.2686326,Batter,7966,8697
Weston Eberly,,Unknown,0.05815000000000001,-345.26873259999996,Batter,7967,8698
Yorvin Morla,SDP,Unknown,0.057999999999999996,-345.2688826,Batter,7968,8699
Nestor Urbina,,Unknown,0.05799999999999994,-345.2688826,Batter,7969,8700
Eriandys Ramon,CHC,Unknown,0.05790000000000001,-345.26898259999996,Batter,7971,8701
Alfredo Guanchez,ARI,Unknown,0.05790000000000001,-345.26898259999996,Batter,7970,8702
Colton Vincent,SDP,Unknown,0.057599999999999985,-345.2692826,Batter,7972,8703
Dixon Williams,ATL,Unknown,0.05755000000000002,-345.2693326,Batter,7973,8704
Jairo Diaz,CHC,Unknown,0.05754999999999996,-345.2693326,Batter,7974,8705
Nayerich Waterfort,CIN,Unknown,0.05740000000000001,-345.2694826,Batter,7975,8706
Alan Espinal,COL,Unknown,0.05739999999999998,-345.2694826,Batter,7976,8707
Carlos Caripa,CLE,Unknown,0.05700000000000005,-345.26988259999996,Batter,7977,8708
Gavin Dugas,WSN,Unknown,0.05695,-345.2699326,Batter,7979,8709
Romeli Espinosa,PHI,Unknown,0.05689999999999995,-345.2699826,Batter,7980,8710
Chase Valentine,,Unknown,0.056849999999999984,-345.2700326,Batter,7981,8711
Malvin Valdez,CIN,Unknown,0.0567,-345.2701826,Batter,7982,8712
Isaac Ponce,SDP,Unknown,0.05660000000000004,-345.2702826,Batter,7983,8713
Gabriel Terrero,,Unknown,0.05654999999999999,-345.27033259999996,Batter,7984,8714
Jeremy Almonte,MIA,Unknown,0.056499999999999995,-345.27038259999995,Batter,7985,8715
Jose Alpuria,ARI,Unknown,0.05635000000000001,-345.27053259999997,Batter,7986,8716
Robert Hipwell,SFG,Unknown,0.05625000000000002,-345.2706326,Batter,7987,8717
Claudiel Lantigua,,Unknown,0.05619999999999997,-345.2706826,Batter,7988,8718
Jesus Alexander,SFG,Unknown,0.05609999999999998,-345.27078259999996,Batter,7989,8719
Leni Done,NYY,Unknown,0.05609999999999998,-345.27078259999996,Batter,7990,8720
Kelvin Diaz,,Unknown,0.05604999999999993,-345.27083259999995,Batter,7991,8721
Alexander Requena,MIA,Unknown,0.055999999999999994,-345.2708826,Batter,7993,8722
Drew Bowser,CHC,Unknown,0.055999999999999994,-345.2708826,Batter,7992,8723
Jorgelys Mota,WSN,Unknown,0.055900000000000005,-345.27098259999997,Batter,7994,8724
Julio Zayas,NYM,Unknown,0.05584999999999998,-345.27103259999996,Batter,7995,8725
Cole Fontenelle,LAA,Unknown,0.05579999999999993,-345.2710826,Batter,7996,8726
Juan Ortuno,MIL,Unknown,0.055749999999999994,-345.2711326,Batter,7997,8727
Edrei Campos,BAL,Unknown,0.055650000000000005,-345.27123259999996,Batter,7998,8728
Juan Villavicencio,PHI,Unknown,0.05559999999999998,-345.27128259999995,Batter,7999,8729
Juan Pablo Cabrera,STL,Unknown,0.055499999999999994,-345.2713826,Batter,8002,8730
Luis Suarez,,Unknown,0.055499999999999994,-345.2713826,Batter,8001,8731
Jensy De Leon,,Unknown,0.055400000000000005,-345.27148259999996,Batter,8003,8732
Roosbert Tapia,,Unknown,0.05534999999999998,-345.2715326,Batter,8004,8733
Adolfo Sanchez,CIN,Unknown,0.055300000000000016,-345.2715826,Batter,8005,8734
Derwin Laya,,Unknown,0.055300000000000016,-345.2715826,Batter,8006,8735
Yairo Padilla,STL,Unknown,0.05495,-345.27193259999996,Batter,8008,8736
Walker Martin,SFG,Unknown,0.05475000000000002,-345.27213259999996,Batter,8009,8737
Jose Contreras,,Unknown,0.054649999999999976,-345.2722326,Batter,8011,8738
Cristofer Lebron,STL,Unknown,0.05460000000000004,-345.2722826,Batter,8012,8739
Yonaiker Hernandez,SDP,Unknown,0.05459999999999998,-345.2722826,Batter,8015,8740
Luke Scherrer,PIT,Unknown,0.05460000000000001,-345.2722826,Batter,8014,8741
Steven Cruz,CLE,Unknown,0.05460000000000004,-345.2722826,Batter,8013,8742
Jose Rodriguez,,Unknown,0.05454999999999999,-345.27233259999997,Batter,8016,8743
Tyson Lewis,CIN,Unknown,0.054150000000000004,-345.2727326,Batter,8019,8744
Dencer Diaz,MIN,Unknown,0.05409999999999998,-345.27278259999997,Batter,8021,8745
Rafael Ramirez Jr.,WSN,Unknown,0.05410000000000001,-345.27278259999997,Batter,8020,8746
Carlos Caro,PIT,Unknown,0.05399999999999999,-345.2728826,Batter,8022,8747
Jose De La Cruz,,Unknown,0.0539,-345.2729826,Batter,8023,8748
B.Y. Choi,,Unknown,0.0539,-345.2729826,Batter,8024,8749
Griffin Burkholder,PHI,Unknown,0.053899999999999976,-345.2729826,Batter,8025,8750
Sandor Feliciano,CIN,Unknown,0.053800000000000014,-345.27308259999995,Batter,8026,8751
Edrick Felix,,Unknown,0.05374999999999999,-345.2731326,Batter,8027,8752
Ilan Fernandez,BOS,Unknown,0.05365000000000003,-345.2732326,Batter,8028,8753
Moises Gallardo,,Unknown,0.05365,-345.2732326,Batter,8029,8754
Caleb Pendleton,LAA,Unknown,0.053649999999999975,-345.2732326,Batter,8030,8755
Ryan Castillo,,Unknown,0.053600000000000037,-345.27328259999996,Batter,8032,8756
Frandy Guillen,BAL,Unknown,0.053600000000000037,-345.27328259999996,Batter,8031,8757
Luis Maldonado,,Unknown,0.05359999999999998,-345.27328259999996,Batter,8034,8758
Ambioris Tavarez,ATL,Unknown,0.05360000000000001,-345.27328259999996,Batter,8033,8759
Jhon Simon,TEX,Unknown,0.05350000000000005,-345.2733826,Batter,8035,8760
Luis Freitez,ATH,Unknown,0.05345,-345.2734326,Batter,8036,8761
Armstrong Muhoozi,PIT,Unknown,0.0534,-345.27348259999997,Batter,8037,8762
Dauwin Gonzalez,,Unknown,0.05339999999999995,-345.27348259999997,Batter,8038,8763
Jesus Moreno,,Unknown,0.05329999999999996,-345.2735826,Batter,8039,8764
Jonathan Rangel,MIL,Unknown,0.05300000000000005,-345.2738826,Batter,8040,8765
Raynerd Ortega,LAD,Unknown,0.05299999999999999,-345.2738826,Batter,8041,8766
Diego Benitez,,Unknown,0.05299999999999999,-345.2738826,Batter,8042,8767
Rafael Flores,TOR,Unknown,0.052800000000000014,-345.2740826,Batter,8044,8768
Solomon Maguire,,Unknown,0.052700000000000025,-345.27418259999996,Batter,8045,8769
Dashyll Tejeda,WSN,Unknown,0.052649999999999975,-345.27423259999995,Batter,8046,8770
Chandler Seagle,,Unknown,0.05260000000000001,-345.2742826,Batter,8047,8771
Darwin Nuñez,TOR,Unknown,0.05249999999999999,-345.27438259999997,Batter,8049,8772
Cade Bunnell,,Unknown,0.05249999999999999,-345.27438259999997,Batter,8048,8773
Guillermo Batista,DET,Unknown,0.05230000000000001,-345.2745826,Batter,8050,8774
Braylon Bishop,,Unknown,0.052199999999999996,-345.27468259999995,Batter,8051,8775
Ian Farrow,PIT,Unknown,0.052199999999999996,-345.27468259999995,Batter,8052,8776
Patrick Lee,DET,Unknown,0.05215000000000003,-345.2747326,Batter,8053,8777
Anderson Fermin,BOS,Unknown,0.05215,-345.2747326,Batter,8054,8778
Victor Leal,MIN,Unknown,0.05215,-345.2747326,Batter,8055,8779
Yimy Tovar,SDP,Unknown,0.052149999999999974,-345.2747326,Batter,8056,8780
John Santana,TBR,Unknown,0.05209999999999998,-345.2747826,Batter,8057,8781
Heriberto Caraballo,STL,Unknown,0.05205000000000001,-345.27483259999997,Batter,8058,8782
Roybert Herrera,NYM,Unknown,0.052000000000000046,-345.27488259999996,Batter,8059,8783
Ramiro Altagracia,,Unknown,0.0519,-345.2749826,Batter,8060,8784
Adrian Rodriguez,ARI,Unknown,0.051850000000000035,-345.2750326,Batter,8061,8785
Newremberg Rondon,DET,Unknown,0.05174999999999999,-345.27513259999995,Batter,8062,8786
Felix Morrobel,LAA,Unknown,0.05174999999999999,-345.27513259999995,Batter,8063,8787
Reinaldo De La Cruz,,Unknown,0.051700000000000024,-345.2751826,Batter,8064,8788
Adrian Garcia,,Unknown,0.051649999999999974,-345.2752326,Batter,8065,8789
Roni Cabrera,KCR,Unknown,0.051649999999999974,-345.2752326,Batter,8066,8790
Santiago Camacho,SFG,Unknown,0.05159999999999998,-345.27528259999997,Batter,8067,8791
Yordani Martinez,MIA,Unknown,0.05159999999999998,-345.27528259999997,Batter,8068,8792
Kevin Novoa,,Unknown,0.05149999999999999,-345.2753826,Batter,8069,8793
Alexander Orasma,,Unknown,0.0514,-345.2754826,Batter,8070,8794
Maykel Minoso,TOR,Unknown,0.05135000000000001,-345.27553259999996,Batter,8071,8795
Derek Berg,PIT,Unknown,0.05124999999999999,-345.2756326,Batter,8072,8796
Jose Robledo,,Unknown,0.05119999999999997,-345.2756826,Batter,8073,8797
Javier Acevedo,PIT,Unknown,0.051100000000000034,-345.27578259999996,Batter,8074,8798
Alex Lodise,ATL,Unknown,0.05109999999999998,-345.27578259999996,Batter,8075,8799
Diego Guzman,KCR,Unknown,0.051049999999999984,-345.2758326,Batter,8076,8800
Enmanuel Santos,KCR,Unknown,0.0509,-345.27598259999996,Batter,8077,8801
Yeider Mindiola,NYM,Unknown,0.0509,-345.27598259999996,Batter,8078,8802
Keiver Garcia,,Unknown,0.05080000000000001,-345.2760826,Batter,8080,8803
Adrian Hoyte,DET,Unknown,0.05080000000000007,-345.2760826,Batter,8079,8804
Jose Torrez,,Unknown,0.05080000000000001,-345.2760826,Batter,8081,8805
Alexander Martinez,,Unknown,0.05055000000000001,-345.2763326,Batter,8082,8806
Jose Guerra,,Unknown,0.05030000000000001,-345.2765826,Batter,8083,8807
Santiago Martinez,HOU,Unknown,0.050299999999999956,-345.2765826,Batter,8084,8808
Abraham Bastidas,SDP,Unknown,0.049899999999999944,-345.2769826,Batter,8085,8809
Cesar Gonzalez,ATH,Unknown,0.04984999999999998,-345.2770326,Batter,8086,8810
José Peña,BAL,Unknown,0.04970000000000008,-345.2771826,Batter,8087,8811
Angel Herrera,,Unknown,0.04959999999999998,-345.2772826,Batter,8088,8812
Jaeden Calderon,PHI,Unknown,0.04959999999999998,-345.2772826,Batter,8089,8813
Yeisy Celesten,TEX,Unknown,0.04949999999999993,-345.27738259999995,Batter,8090,8814
Kevin Guerrero,,Unknown,0.049350000000000005,-345.2775326,Batter,8091,8815
Santiago Mendoza,TBR,Unknown,0.04920000000000002,-345.2776826,Batter,8093,8816
Lennyn Nunez,,Unknown,0.04909999999999998,-345.27778259999997,Batter,8094,8817
Yeferson Portolatin,STL,Unknown,0.04909999999999998,-345.27778259999997,Batter,8095,8818
Carlos Colmenarez,TBR,Unknown,0.04904999999999998,-345.27783259999995,Batter,8096,8819
Addison Kopack,,Unknown,0.049000000000000016,-345.2778826,Batter,8097,8820
Jacob Hinderleider,COL,Unknown,0.048949999999999994,-345.2779326,Batter,8098,8821
Samuel Rojas,,Unknown,0.0489,-345.2779826,Batter,8099,8822
Francisco Espinoza,LAD,Unknown,0.04874999999999999,-345.2781326,Batter,8100,8823
Wilian Trinidad,TBR,Unknown,0.04870000000000002,-345.2781826,Batter,8101,8824
Adrian De Leon,ARI,Unknown,0.04869999999999999,-345.2781826,Batter,8102,8825
Angel Cepeda,CHC,Unknown,0.04855000000000001,-345.2783326,Batter,8103,8826
Joshua Liranzo,BAL,Unknown,0.04854999999999998,-345.2783326,Batter,8104,8827
Juan Obispo,WSN,Unknown,0.04850000000000004,-345.2783826,Batter,8105,8828
Nik McClaughry,,Unknown,0.04849999999999999,-345.2783826,Batter,8106,8829
Keduar Trujillo,HOU,Unknown,0.04844999999999999,-345.2784326,Batter,8107,8830
Christopher Paciolla,CHC,Unknown,0.048400000000000026,-345.27848259999996,Batter,8108,8831
Erny Orellana,LAD,Unknown,0.04839999999999994,-345.27848259999996,Batter,8109,8832
Isaias Dipre,,Unknown,0.04829999999999998,-345.2785826,Batter,8110,8833
Francisco Garcia,,Unknown,0.04829999999999998,-345.2785826,Batter,8111,8834
Raul Pereira,TEX,Unknown,0.048299999999999954,-345.2785826,Batter,8112,8835
Milo Rushford,KCR,Unknown,0.04819999999999999,-345.27868259999997,Batter,8114,8836
Jancel Santana,,Unknown,0.048199999999999965,-345.27868259999997,Batter,8115,8837
Jesus Lizardo,PIT,Unknown,0.04820000000000002,-345.27868259999997,Batter,8113,8838
Braden Barry,TOR,Unknown,0.04810000000000003,-345.2787826,Batter,8116,8839
Kyle Henley,CIN,Unknown,0.048100000000000004,-345.2787826,Batter,8117,8840
Tyler Whitaker,HOU,Unknown,0.04805000000000001,-345.2788326,Batter,8118,8841
Diomedes Hernandez,NYY,Unknown,0.04795000000000002,-345.27893259999996,Batter,8119,8842
Oscar Colina,,Unknown,0.0479,-345.27898259999995,Batter,8120,8843
Roiner Cespede,,Unknown,0.04789999999999994,-345.27898259999995,Batter,8121,8844
Branny De Oleo,NYM,Unknown,0.04779999999999998,-345.2790826,Batter,8122,8845
Aldo Gaxiola,TOR,Unknown,0.04764999999999997,-345.2792326,Batter,8124,8846
Alessander De La Cruz,COL,Unknown,0.04765,-345.2792326,Batter,8123,8847
Sandy Ruiz,,Unknown,0.04760000000000003,-345.2792826,Batter,8125,8848
Jose Sabino,CIN,Unknown,0.047599999999999976,-345.2792826,Batter,8127,8849
Eyke Ugueto,,Unknown,0.047599999999999976,-345.2792826,Batter,8126,8850
Erubiel Fuentes,,Unknown,0.04749999999999999,-345.27938259999996,Batter,8128,8851
Ruben Vizcaya,,Unknown,0.0474,-345.2794826,Batter,8129,8852
Israel Alvarez,CLE,Unknown,0.047300000000000064,-345.27958259999997,Batter,8130,8853
John Bay,NYM,Unknown,0.04729999999999998,-345.27958259999997,Batter,8131,8854
Javier Sanchez,TEX,Unknown,0.04719999999999999,-345.2796826,Batter,8132,8855
Gabriel Lara,NYY,Unknown,0.046999999999999986,-345.27988259999995,Batter,8133,8856
Wade Stauss,,Unknown,0.04694999999999999,-345.2799326,Batter,8134,8857
Saul Gomez,BAL,Unknown,0.0469,-345.2799826,Batter,8135,8858
Alberto Barriga,ARI,Unknown,0.04665,-345.2802326,Batter,8136,8859
Luis Pino,STL,Unknown,0.0464,-345.28048259999997,Batter,8137,8860
Juan Rojas,HOU,Unknown,0.0464,-345.28048259999997,Batter,8138,8861
Max Holy,HOU,Unknown,0.04635,-345.28053259999996,Batter,8139,8862
Cruzmel Arias,COL,Unknown,0.04629999999999998,-345.2805826,Batter,8140,8863
Jonathan Linares,LAA,Unknown,0.04594999999999996,-345.28093259999997,Batter,8141,8864
Jacob Friend,CIN,Unknown,0.04570000000000002,-345.28118259999997,Batter,8142,8865
Luis Merejo,CLE,Unknown,0.04569999999999999,-345.28118259999997,Batter,8143,8866
Bobby Boser,ATH,Unknown,0.0456,-345.2812826,Batter,8144,8867
Ricardo Pena,MIN,Unknown,0.045449999999999935,-345.28143259999996,Batter,8145,8868
Enmanuel Ramirez,WSN,Unknown,0.045399999999999996,-345.2814826,Batter,8146,8869
Bryan Acuna,MIN,Unknown,0.04535000000000003,-345.2815326,Batter,8147,8870
Wilberson De Pena,NYY,Unknown,0.044999999999999984,-345.28188259999996,Batter,8148,8871
Dylan Shockley,,Unknown,0.044950000000000045,-345.2819326,Batter,8149,8872
Jose Ferrer,,Unknown,0.044899999999999995,-345.2819826,Batter,8150,8873
Jesus Superlano,ATH,Unknown,0.04475000000000001,-345.28213259999995,Batter,8151,8874
Darling Fernandez,ATH,Unknown,0.044649999999999995,-345.2822326,Batter,8153,8875
Jefferson Pena,,Unknown,0.0446,-345.2822826,Batter,8155,8876
Carlos Mota,COL,Unknown,0.04460000000000003,-345.2822826,Batter,8154,8877
Wandi Feliz,COL,Unknown,0.044500000000000095,-345.28238259999995,Batter,8156,8878
Dayker Baldallo,,Unknown,0.044399999999999995,-345.2824826,Batter,8157,8879
Pier-Olivier Boucher,,Unknown,0.04430000000000006,-345.28258259999996,Batter,8158,8880
Ichiro Cano,CIN,Unknown,0.044249999999999984,-345.2826326,Batter,8159,8881
Antony Peguero,,Unknown,0.04419999999999996,-345.2826826,Batter,8160,8882
Luis Frias,SFG,Unknown,0.04419999999999996,-345.2826826,Batter,8161,8883
Joe Delossantos,,Unknown,0.04409999999999997,-345.28278259999996,Batter,8162,8884
Jose Ochoa,,Unknown,0.043999999999999984,-345.2828826,Batter,8163,8885
Jonathan Mejia,STL,Unknown,0.04375000000000001,-345.2831326,Batter,8164,8886
Roinny Aguiar,PIT,Unknown,0.043649999999999994,-345.28323259999996,Batter,8165,8887
Eddson Martinez,SDP,Unknown,0.04359999999999997,-345.28328259999995,Batter,8166,8888
Jason Hernandez,,Unknown,0.04349999999999998,-345.2833826,Batter,8168,8889
Ariel Lebron,HOU,Unknown,0.04320000000000007,-345.28368259999996,Batter,8169,8890
Jorge Quintana,SDP,Unknown,0.04300000000000001,-345.28388259999997,Batter,8170,8891
Kendrick Herrera,PIT,Unknown,0.04279999999999998,-345.2840826,Batter,8171,8892
Junior Garcia,ATL,Unknown,0.04274999999999998,-345.28413259999996,Batter,8173,8893
Colin Houck,NYM,Unknown,0.04275000000000001,-345.28413259999996,Batter,8172,8894
Anthony Huezo,HOU,Unknown,0.04269999999999999,-345.28418259999995,Batter,8174,8895
Sean Barnett,SDP,Unknown,0.04260000000000003,-345.2842826,Batter,8175,8896
Nathan Archer,CHW,Unknown,0.0426,-345.2842826,Batter,8176,8897
Alejandro Pereira,ATH,Unknown,0.042300000000000004,-345.28458259999996,Batter,8177,8898
Jeremiah Boyd,ARI,Unknown,0.042200000000000015,-345.2846826,Batter,8178,8899
Daniel McElveny,,Unknown,0.04205000000000003,-345.28483259999996,Batter,8179,8900
Juan Sierra,HOU,Unknown,0.04199999999999998,-345.2848826,Batter,8180,8901
Anthuan Valencia,CIN,Unknown,0.04199999999999998,-345.2848826,Batter,8181,8902
Axell De Paula,,Unknown,0.041800000000000004,-345.28508259999995,Batter,8182,8903
Rodny Rosario,CLE,Unknown,0.041800000000000004,-345.28508259999995,Batter,8183,8904
Jemone Nuel,BAL,Unknown,0.041800000000000004,-345.28508259999995,Batter,8184,8905
Ezequiel Surun,,Unknown,0.041700000000000015,-345.2851826,Batter,8185,8906
Giullianno Allende,,Unknown,0.0416,-345.28528259999996,Batter,8186,8907
Grenyerbert Velasquez,,Unknown,0.04149999999999998,-345.2853826,Batter,8187,8908
Peyton Holt,,Unknown,0.041049999999999975,-345.2858326,Batter,8188,8909
Fidel Montero,CHW,Unknown,0.040999999999999925,-345.2858826,Batter,8189,8910
Winder Linares,,Unknown,0.040999999999999925,-345.2858826,Batter,8190,8911
Javier Osorio,DET,Unknown,0.040700000000000014,-345.28618259999996,Batter,8192,8912
Toby Simmons,,Unknown,0.04070000000000007,-345.28618259999996,Batter,8191,8913
Rodrigo Gonzalez,ARI,Unknown,0.04059999999999997,-345.2862826,Batter,8194,8914
Darison Garcia,KCR,Unknown,0.04059999999999997,-345.2862826,Batter,8195,8915
Diego Munoz,CIN,Unknown,0.04059999999999997,-345.2862826,Batter,8193,8916
Robert Gonzalez,,Unknown,0.04055,-345.2863326,Batter,8196,8917
Bracewell Taveras,STL,Unknown,0.04040000000000002,-345.2864826,Batter,8197,8918
Angel Garcia,BAL,Unknown,0.0403,-345.2865826,Batter,8198,8919
Ismael Javier,,Unknown,0.04025000000000001,-345.28663259999996,Batter,8200,8920
Paulino Santana,TEX,Unknown,0.040250000000000036,-345.28663259999996,Batter,8199,8921
Danny Puerta,,Unknown,0.04019999999999996,-345.28668259999995,Batter,8201,8922
Gustavo Antunez,BOS,Unknown,0.0401999999999999,-345.28668259999995,Batter,8202,8923
Kay-Lan Nicasia,MIL,Unknown,0.04010000000000005,-345.2867826,Batter,8203,8924
Manuel De Cesare,,Unknown,0.040100000000000025,-345.2867826,Batter,8204,8925
Eli Lovich,CHC,Unknown,0.03999999999999998,-345.28688259999996,Batter,8205,8926
Ryan Reckley,SFG,Unknown,0.03995000000000001,-345.2869326,Batter,8206,8927
Heins Brito,CLE,Unknown,0.039899999999999936,-345.2869826,Batter,8208,8928
Alfonzo Martinez,TBR,Unknown,0.03990000000000002,-345.2869826,Batter,8207,8929
Frankeli Mesta,PIT,Unknown,0.03969999999999996,-345.2871826,Batter,8211,8930
Juanfel Peguero,TBR,Unknown,0.03970000000000001,-345.2871826,Batter,8210,8931
Luis Quesada,HOU,Unknown,0.03959999999999997,-345.28728259999997,Batter,8212,8932
Oliver Guerrero,TEX,Unknown,0.03949999999999998,-345.2873826,Batter,8213,8933
Gilberto Rojas,,Unknown,0.03939999999999999,-345.2874826,Batter,8215,8934
Fidel Pinango,,Unknown,0.03939999999999999,-345.2874826,Batter,8214,8935
Jeffry Rosa,,Unknown,0.03934999999999997,-345.28753259999996,Batter,8216,8936
Carlos Silva,MIN,Unknown,0.03909999999999991,-345.28778259999996,Batter,8217,8937
Leonard Rijo,MIL,Unknown,0.03900000000000009,-345.2878826,Batter,8218,8938
Ronald Ramirez,DET,Unknown,0.038849999999999996,-345.28803259999995,Batter,8219,8939
Jordan Sanchez,BAL,Unknown,0.03879999999999997,-345.2880826,Batter,8221,8940
Jose Urbina,ARI,Unknown,0.0388,-345.2880826,Batter,8220,8941
Jose Medina,,Unknown,0.03860000000000002,-345.2882826,Batter,8222,8942
Gabriel Rodriguez,CLE,Unknown,0.03855,-345.2883326,Batter,8223,8943
Eduardo Ponce,SEA,Unknown,0.03839999999999999,-345.28848259999995,Batter,8224,8944
Eduarlin Tejeda,SDP,Unknown,0.03809999999999997,-345.2887826,Batter,8225,8945
Carlos Tavares,WSN,Unknown,0.03789999999999999,-345.2889826,Batter,8226,8946
Yordani Soto,CHW,Unknown,0.037799999999999945,-345.2890826,Batter,8227,8947
Brad Cumbest,,Unknown,0.037699999999999956,-345.2891826,Batter,8229,8948
Jack Lines,TBR,Unknown,0.03770000000000001,-345.2891826,Batter,8228,8949
Trey Faltine,CIN,Unknown,0.03750000000000003,-345.28938259999995,Batter,8230,8950
Greylin De La Paz,LAA,Unknown,0.0373,-345.28958259999996,Batter,8233,8951
Albert Feliz,,Unknown,0.037150000000000016,-345.2897326,Batter,8234,8952
Tavano Baker,BOS,Unknown,0.036900000000000016,-345.2899826,Batter,8235,8953
Nomar Fana,,Unknown,0.036750000000000005,-345.2901326,Batter,8236,8954
Faruk De La Cruz,,Unknown,0.03670000000000001,-345.2901826,Batter,8237,8955
J.D. Gonzalez,TBR,Unknown,0.03650000000000003,-345.2903826,Batter,8238,8956
Jorge Julio,,Unknown,0.03645000000000001,-345.2904326,Batter,8239,8957
Yensi Reyes,,Unknown,0.03639999999999999,-345.29048259999996,Batter,8241,8958
Heribert Silva,CLE,Unknown,0.03639999999999999,-345.29048259999996,Batter,8240,8959
Roiner Quintana,HOU,Unknown,0.0363,-345.2905826,Batter,8242,8960
Daniel Guilarte,MIL,Unknown,0.036150000000000015,-345.29073259999996,Batter,8243,8961
Kleimir Lemos,TEX,Unknown,0.03610000000000002,-345.2907826,Batter,8245,8962
Adrian Ibarra,,Unknown,0.03610000000000002,-345.2907826,Batter,8244,8963
Juan Hernandez,DET,Unknown,0.035999999999999976,-345.2908826,Batter,8246,8964
Samuel Salcedo,,Unknown,0.03589999999999993,-345.29098259999995,Batter,8247,8965
Raymond Mola,PIT,Unknown,0.035800000000000054,-345.2910826,Batter,8248,8966
Ramon Ramirez,,Unknown,0.03579999999999994,-345.2910826,Batter,8249,8967
Moises Molero,,Unknown,0.035599999999999965,-345.2912826,Batter,8250,8968
Yael Romero,CIN,Unknown,0.03539999999999999,-345.2914826,Batter,8251,8969
Gabriel Lopez,COL,Unknown,0.03529999999999994,-345.29158259999997,Batter,8252,8970
Edward Lantigua,NYM,Unknown,0.03519999999999998,-345.2916826,Batter,8253,8971
Jonathan Martinez,CLE,Unknown,0.03495000000000001,-345.2919326,Batter,8254,8972
Santiago Leon,MIN,Unknown,0.03489999999999999,-345.2919826,Batter,8255,8973
Michael Guzman,TEX,Unknown,0.03469999999999995,-345.2921826,Batter,8257,8974
German Ramirez,HOU,Unknown,0.03469999999999995,-345.2921826,Batter,8258,8975
Yosweld Vasquez,HOU,Unknown,0.034649999999999986,-345.2922326,Batter,8259,8976
Alexey Lumpuy,CHC,Unknown,0.034649999999999986,-345.2922326,Batter,8260,8977
Gabriel Silva,KCR,Unknown,0.03460000000000002,-345.29228259999996,Batter,8261,8978
Ivan Cespedes,CHC,Unknown,0.034599999999999964,-345.29228259999996,Batter,8262,8979
Xavier Guillen,,Unknown,0.03455,-345.29233259999995,Batter,8263,8980
Diego Villegas,SFG,Unknown,0.03450000000000003,-345.2923826,Batter,8264,8981
Oswaldo Osorio,LAD,Unknown,0.034450000000000036,-345.2924326,Batter,8265,8982
Francisco Caldera,,Unknown,0.03440000000000004,-345.29248259999997,Batter,8266,8983
Spence Coffman,,Unknown,0.03434999999999999,-345.29253259999996,Batter,8267,8984
Willian Berti,DET,Unknown,0.0343,-345.2925826,Batter,8268,8985
Yeremi Villahermosa,LAA,Unknown,0.034149999999999986,-345.29273259999997,Batter,8269,8986
Robinson Chacon,KCR,Unknown,0.034100000000000075,-345.29278259999995,Batter,8272,8987
Jamesson Val,,Unknown,0.03400000000000003,-345.2928826,Batter,8273,8988
Carter Johnson,MIA,Unknown,0.03394999999999998,-345.2929326,Batter,8274,8989
Dayber Cruceta,PHI,Unknown,0.033899999999999986,-345.29298259999996,Batter,8276,8990
Andy Mata,DET,Unknown,0.03390000000000004,-345.29298259999996,Batter,8275,8991
Ramon Peralta,,Unknown,0.03369999999999998,-345.29318259999997,Batter,8281,8992
Jose Rivera,,Unknown,0.03370000000000001,-345.29318259999997,Batter,8280,8993
Erick Peña,,Unknown,0.03370000000000001,-345.29318259999997,Batter,8277,8994
Wyatt Hoffman,SDP,Unknown,0.03370000000000001,-345.29318259999997,Batter,8279,8995
Yimmy Diaz,,Unknown,0.03370000000000001,-345.29318259999997,Batter,8278,8996
Winder Diaz,,Unknown,0.03360000000000002,-345.2932826,Batter,8282,8997
Anyelo Marquez,LAA,Unknown,0.03359999999999999,-345.2932826,Batter,8283,8998
Carlos Monteverde,ATL,Unknown,0.03345000000000001,-345.29343259999996,Batter,8284,8999
Leudy Arache,COL,Unknown,0.03329999999999994,-345.2935826,Batter,8285,9000
Josnaider Orellana,ATL,Unknown,0.03325,-345.29363259999997,Batter,8286,9001
Darell Morel,PIT,Unknown,0.03310000000000002,-345.2937826,Batter,8287,9002
Kelvin Diaz,,Unknown,0.033049999999999996,-345.2938326,Batter,8288,9003
Edwardo Espinal,LAA,Unknown,0.033,-345.29388259999996,Batter,8289,9004
Yemil Rosario,,Unknown,0.032999999999999974,-345.29388259999996,Batter,8290,9005
Johan Rodriguez,CLE,Unknown,0.03295000000000001,-345.29393259999995,Batter,8291,9006
Joel Mendez,,Unknown,0.03269999999999998,-345.2941826,Batter,8293,9007
Juan Elejandro,ATL,Unknown,0.03270000000000001,-345.2941826,Batter,8292,9008
Jeiker Gudino,DET,Unknown,0.03259999999999996,-345.2942826,Batter,8294,9009
Jerffson Pena,,Unknown,0.03249999999999997,-345.29438259999995,Batter,8296,9010
Jesus Gamez,TEX,Unknown,0.03250000000000003,-345.29438259999995,Batter,8295,9011
Oliver Tejada,SFG,Unknown,0.03234999999999996,-345.29453259999997,Batter,8298,9012
TJayy Walton,PHI,Unknown,0.03235000000000002,-345.29453259999997,Batter,8297,9013
Jarol Capellan,,Unknown,0.03229999999999994,-345.29458259999996,Batter,8299,9014
Yeral Martinez,,Unknown,0.032200000000000006,-345.2946826,Batter,8300,9015
Sebastian Baquera,TEX,Unknown,0.03219999999999995,-345.2946826,Batter,8301,9016
Willy Fanas,,Unknown,0.032149999999999956,-345.2947326,Batter,8303,9017
Yoiber Ocopio,SDP,Unknown,0.03215000000000001,-345.2947326,Batter,8302,9018
Keegan Pieternella,TOR,Unknown,0.03210000000000002,-345.29478259999996,Batter,8304,9019
Renair Manrique,,Unknown,0.03199999999999992,-345.2948826,Batter,8305,9020
Brando Mayea,NYY,Unknown,0.031899999999999956,-345.29498259999997,Batter,8307,9021
Jose Camacho,LAA,Unknown,0.031899999999999984,-345.29498259999997,Batter,8306,9022
Anthony Tandron,SFG,Unknown,0.03179999999999994,-345.2950826,Batter,8311,9023
Daniel Rojas,STL,Unknown,0.031799999999999995,-345.2950826,Batter,8308,9024
Yojanser Calzado,CIN,Unknown,0.031799999999999995,-345.2950826,Batter,8309,9025
Ricson Gonzalez,KCR,Unknown,0.03179999999999997,-345.2950826,Batter,8310,9026
Angel Guzman,SFG,Unknown,0.03174999999999997,-345.2951326,Batter,8312,9027
Romano Donato,MIL,Unknown,0.03170000000000006,-345.2951826,Batter,8313,9028
Maikol Orozco,DET,Unknown,0.031700000000000006,-345.2951826,Batter,8314,9029
Nicolas Deschamps,TOR,Unknown,0.03160000000000002,-345.29528259999995,Batter,8315,9030
Carter Mathison,PHI,Unknown,0.03155000000000002,-345.2953326,Batter,8316,9031
Juan Garcia,,Unknown,0.03149999999999992,-345.2953826,Batter,8318,9032
Edgar Alfonso,LAA,Unknown,0.03149999999999997,-345.2953826,Batter,8317,9033
Elian Garcia,,Unknown,0.031299999999999994,-345.2955826,Batter,8320,9034
Emil Martinez,,Unknown,0.031299999999999994,-345.2955826,Batter,8319,9035
Yoander Santana,PIT,Unknown,0.03090000000000004,-345.2959826,Batter,8322,9036
Darlyn De Leon,CHC,Unknown,0.03090000000000001,-345.2959826,Batter,8323,9037
Williams Wong,,Unknown,0.030800000000000022,-345.2960826,Batter,8324,9038
Bennett Lee,DET,Unknown,0.03065000000000001,-345.2962326,Batter,8325,9039
Luis De La Cruz,CLE,Unknown,0.03059999999999999,-345.2962826,Batter,8326,9040
Michael Martinez,ATL,Unknown,0.03049999999999997,-345.29638259999996,Batter,8329,9041
Alexander Frias,MIL,Unknown,0.030500000000000027,-345.29638259999996,Batter,8328,9042
Edgardo Ordonez,MIL,Unknown,0.03024999999999997,-345.29663259999995,Batter,8330,9043
Michell Ojeda,PIT,Unknown,0.030049999999999993,-345.29683259999996,Batter,8331,9044
Endy Rios,SDP,Unknown,0.029899999999999982,-345.2969826,Batter,8334,9045
Frandy Duran,,Unknown,0.029900000000000038,-345.2969826,Batter,8333,9046
Jhoanjel Saez,,Unknown,0.029799999999999993,-345.29708259999995,Batter,8335,9047
Jose Perdomo,ATL,Unknown,0.02974999999999997,-345.2971326,Batter,8336,9048
Angel Nieblas,,Unknown,0.02969999999999995,-345.2971826,Batter,8337,9049
Vladimir Asencio,BOS,Unknown,0.02959999999999996,-345.29728259999996,Batter,8341,9050
Cesar Lugo,CHC,Unknown,0.029599999999999987,-345.29728259999996,Batter,8340,9051
Marcos Terrero,,Unknown,0.029600000000000015,-345.29728259999996,Batter,8339,9052
Jose Castro,NYY,Unknown,0.029600000000000015,-345.29728259999996,Batter,8338,9053
Rainer Reyes,,Unknown,0.029500000000000026,-345.2973826,Batter,8342,9054
Ronnyel Espinoza,CHC,Unknown,0.029500000000000026,-345.2973826,Batter,8343,9055
Jose Dickson,DET,Unknown,0.029299999999999993,-345.2975826,Batter,8344,9056
Larry Suero,COL,Unknown,0.029200000000000004,-345.2976826,Batter,8345,9057
Isael Arias,NYY,Unknown,0.02914999999999998,-345.29773259999996,Batter,8346,9058
Vladi Gomez,NYM,Unknown,0.029049999999999992,-345.2978326,Batter,8348,9059
Jose Pirela,CLE,Unknown,0.029049999999999992,-345.2978326,Batter,8349,9060
Jayson Bass,MIN,Unknown,0.028950000000000004,-345.29793259999997,Batter,8350,9061
Juan Machado,,Unknown,0.028799999999999992,-345.2980826,Batter,8351,9062
Cam Fisher,,Unknown,0.02864999999999998,-345.29823259999995,Batter,8352,9063
Alejandro Cruz,CHW,Unknown,0.028600000000000014,-345.2982826,Batter,8354,9064
Dennys Riera,SFG,Unknown,0.028600000000000014,-345.2982826,Batter,8355,9065
Nelson Beltran,,Unknown,0.028450000000000003,-345.29843259999996,Batter,8356,9066
Eddy Marmolejos,WSN,Unknown,0.02839999999999987,-345.2984826,Batter,8357,9067
Kevin Robledo,MIA,Unknown,0.028299999999999936,-345.2985826,Batter,8360,9068
Jorge Rodriguez,BOS,Unknown,0.02830000000000002,-345.2985826,Batter,8358,9069
Johan Fernandez,ARI,Unknown,0.028299999999999936,-345.2985826,Batter,8359,9070
Manni Ramirez,TEX,Unknown,0.028199999999999892,-345.29868259999995,Batter,8362,9071
Manuel German,KCR,Unknown,0.028200000000000003,-345.29868259999995,Batter,8361,9072
Drew Jemison,,Unknown,0.028099999999999986,-345.2987826,Batter,8363,9073
Tayler Aguilar,,Unknown,0.027950000000000003,-345.2989326,Batter,8364,9074
Yanki Jean-Baptiste,,Unknown,0.02789999999999998,-345.2989826,Batter,8366,9075
Anthony Millan,HOU,Unknown,0.027500000000000024,-345.2993826,Batter,8368,9076
Yoerny Junco,STL,Unknown,0.027499999999999997,-345.2993826,Batter,8369,9077
Jhon Imbert,,Unknown,0.027400000000000035,-345.2994826,Batter,8370,9078
Jhoan Peguero,BOS,Unknown,0.026999999999999913,-345.2998826,Batter,8371,9079
George Feliz,SEA,Unknown,0.02695000000000003,-345.2999326,Batter,8372,9080
Nathanael Cijntje,PHI,Unknown,0.02689999999999998,-345.29998259999996,Batter,8373,9081
Robin Ortiz,CHC,Unknown,0.0265999999999999,-345.3002826,Batter,8375,9082
Niurby Asigen,,Unknown,0.026600000000000013,-345.3002826,Batter,8374,9083
Yensi Rivas,,Unknown,0.026499999999999968,-345.3003826,Batter,8376,9084
Reiner Herrera,CLE,Unknown,0.02639999999999998,-345.30048259999995,Batter,8377,9085
Elijah Green,WSN,Unknown,0.026349999999999957,-345.3005326,Batter,8378,9086
Carlos Blanco,,Unknown,0.026299999999999935,-345.3005826,Batter,8379,9087
Brenner Cox,WSN,Unknown,0.025850000000000012,-345.3010326,Batter,8380,9088
Jesus Correa,,Unknown,0.025800000000000045,-345.3010826,Batter,8381,9089
Angel Gonzalez,MIL,Unknown,0.025700000000000056,-345.3011826,Batter,8382,9090
Esnaider Vargas,WSN,Unknown,0.025700000000000056,-345.3011826,Batter,8383,9091
Pedro Catuy,ARI,Unknown,0.025650000000000034,-345.3012326,Batter,8384,9092
Angel Mata,PHI,Unknown,0.02560000000000001,-345.3012826,Batter,8385,9093
Juan Brima,ARI,Unknown,0.02560000000000001,-345.3012826,Batter,8386,9094
Samil Dishmey,LAA,Unknown,0.025400000000000034,-345.3014826,Batter,8387,9095
Junior Quezada,,Unknown,0.025400000000000034,-345.3014826,Batter,8388,9096
Sandy Presbot,MIA,Unknown,0.025400000000000034,-345.3014826,Batter,8389,9097
Cristian Jauregui,PIT,Unknown,0.025400000000000006,-345.3014826,Batter,8390,9098
Carlos Cauro,HOU,Unknown,0.025349999999999984,-345.3015326,Batter,8391,9099
Nazzan Zanetello,BOS,Unknown,0.025349999999999984,-345.3015326,Batter,8392,9100
Cal Stark,TEX,Unknown,0.02529999999999999,-345.30158259999996,Batter,8393,9101
Carlos Done,MIL,Unknown,0.0252,-345.3016826,Batter,8395,9102
Kadil Rubio,TBR,Unknown,0.025199999999999945,-345.3016826,Batter,8396,9103
Luis Martinez,,Unknown,0.02510000000000001,-345.30178259999997,Batter,8397,9104
Jose Serrano,,Unknown,0.024999999999999967,-345.3018826,Batter,8399,9105
Wanderly De La Cruz,CIN,Unknown,0.025000000000000022,-345.3018826,Batter,8398,9106
Adan Sanchez,,Unknown,0.024849999999999983,-345.30203259999996,Batter,8400,9107
Joseph Rodriguez,,Unknown,0.02429999999999999,-345.3025826,Batter,8403,9108
Brainerh Palacios,TBR,Unknown,0.02429999999999999,-345.3025826,Batter,8404,9109
Leandro Alsinois,CHW,Unknown,0.024249999999999966,-345.3026326,Batter,8405,9110
Raynier Ramirez,,Unknown,0.02410000000000001,-345.3027826,Batter,8406,9111
Dilan Granadillo,CHC,Unknown,0.024049999999999988,-345.3028326,Batter,8407,9112
Alex Acosta,NYM,Unknown,0.02400000000000002,-345.3028826,Batter,8408,9113
Guillermo Rosario,PHI,Unknown,0.023999999999999994,-345.3028826,Batter,8409,9114
Joswa Lugo,LAA,Unknown,0.02395,-345.30293259999996,Batter,8410,9115
Justin Barry,BOS,Unknown,0.0237,-345.30318259999996,Batter,8412,9116
July Vittini,,Unknown,0.0237,-345.30318259999996,Batter,8411,9117
Brailyn Antunez,MIL,Unknown,0.02350000000000002,-345.30338259999996,Batter,8413,9118
Railin Tejada,,Unknown,0.023400000000000032,-345.3034826,Batter,8414,9119
Alfredo Rodriguez,TBR,Unknown,0.023099999999999954,-345.3037826,Batter,8415,9120
Edwin Darville,BOS,Unknown,0.022999999999999965,-345.30388259999995,Batter,8416,9121
Jhonny Osta,BOS,Unknown,0.02290000000000003,-345.3039826,Batter,8417,9122
Adan Chacon,,Unknown,0.022799999999999987,-345.30408259999996,Batter,8418,9123
Saul Ramirez,,Unknown,0.02279999999999993,-345.30408259999996,Batter,8419,9124
Kevin Tamburini,,Unknown,0.022700000000000053,-345.3041826,Batter,8421,9125
Yunior Quezada,LAD,Unknown,0.022699999999999998,-345.3041826,Batter,8422,9126
Diego Campos,,Unknown,0.022599999999999953,-345.30428259999996,Batter,8423,9127
Carlos Avila,LAD,Unknown,0.02254999999999996,-345.30433259999995,Batter,8424,9128
Brayan Cota,ATH,Unknown,0.022499999999999964,-345.3043826,Batter,8425,9129
Darius Perry,,Unknown,0.022449999999999998,-345.3044326,Batter,8426,9130
Ewry Espinal,,Unknown,0.022399999999999975,-345.3044826,Batter,8427,9131
Kelvin Alcantara,SEA,Unknown,0.022299999999999986,-345.3045826,Batter,8428,9132
Allen Ajoti,LAD,Unknown,0.02200000000000002,-345.3048826,Batter,8429,9133
Jose Gonzalez,LAD,Unknown,0.02199999999999991,-345.3048826,Batter,8430,9134
John Estevez,ATL,Unknown,0.021950000000000025,-345.3049326,Batter,8431,9135
John Zorrilla,,Unknown,0.02190000000000003,-345.30498259999996,Batter,8432,9136
Anielson Buten,CIN,Unknown,0.021900000000000003,-345.30498259999996,Batter,8433,9137
Esterling Rodriguez,PHI,Unknown,0.021799999999999986,-345.3050826,Batter,8434,9138
Jhorvic Abreus,CLE,Unknown,0.021499999999999964,-345.3053826,Batter,8436,9139
Yilber Herrera,MIN,Unknown,0.02150000000000002,-345.3053826,Batter,8435,9140
Javier Castillo,,Unknown,0.021499999999999964,-345.3053826,Batter,8437,9141
Irvin Nunez,MIN,Unknown,0.021400000000000002,-345.30548259999995,Batter,8438,9142
Juan Monso,CHC,Unknown,0.021399999999999975,-345.30548259999995,Batter,8439,9143
Juan Garcia,KCR,Unknown,0.021199999999999997,-345.30568259999995,Batter,8440,9144
Kevin Garcia,MIL,Unknown,0.02115000000000003,-345.3057326,Batter,8441,9145
Jesus Torres,CIN,Unknown,0.021100000000000008,-345.3057826,Batter,8442,9146
Sebastian Pena,SDP,Unknown,0.021099999999999952,-345.3057826,Batter,8443,9147
Adrian Gil,CHW,Unknown,0.02099999999999999,-345.30588259999996,Batter,8444,9148
Angel Arredondo,TEX,Unknown,0.020949999999999996,-345.30593259999995,Batter,8445,9149
Juan Perez,SFG,Unknown,0.020900000000000002,-345.3059826,Batter,8446,9150
Malvin Fernandez,ATL,Unknown,0.02070000000000005,-345.3061826,Batter,8447,9151
Yannic Walther,MIL,Unknown,0.020500000000000018,-345.30638259999995,Batter,8448,9152
Moises De La Rosa,,Unknown,0.020199999999999996,-345.3066826,Batter,8449,9153
Starlin Aguilar,LAA,Unknown,0.02015,-345.3067326,Batter,8450,9154
Josi Novas,KCR,Unknown,0.020050000000000012,-345.30683259999995,Batter,8451,9155
Karim Ayubi,,Unknown,0.019750000000000045,-345.3071326,Batter,8452,9156
Joseph Tailor,MIA,Unknown,0.01965000000000003,-345.30723259999996,Batter,8453,9157
Juan Ortega,BAL,Unknown,0.019549999999999984,-345.3073326,Batter,8454,9158
Yidel Diaz,,Unknown,0.019500000000000017,-345.3073826,Batter,8455,9159
Erick Arosemena,,Unknown,0.019399999999999973,-345.30748259999996,Batter,8456,9160
Ediel Rivera,NYY,Unknown,0.01930000000000001,-345.3075826,Batter,8457,9161
Meylin De Leon,,Unknown,0.01915,-345.30773259999995,Batter,8458,9162
Arnold Prado,,Unknown,0.01905000000000001,-345.3078326,Batter,8459,9163
Carlos Altuve,,Unknown,0.019000000000000017,-345.30788259999997,Batter,8460,9164
Junior Aybar,BAL,Unknown,0.01899999999999999,-345.30788259999997,Batter,8461,9165
Jord David Diaz,TEX,Unknown,0.018900000000000028,-345.3079826,Batter,8462,9166
Yhoan Escalona,PHI,Unknown,0.018799999999999928,-345.3080826,Batter,8464,9167
Sebastian Cadiz,CLE,Unknown,0.018799999999999983,-345.3080826,Batter,8463,9168
Dawson Dimon,,Unknown,0.01859999999999995,-345.3082826,Batter,8465,9169
Aneudi Escanio,,Unknown,0.01830000000000004,-345.30858259999997,Batter,8466,9170
Logun Clark,CLE,Unknown,0.01830000000000001,-345.30858259999997,Batter,8467,9171
Luis De Leon,SDP,Unknown,0.018199999999999994,-345.3086826,Batter,8468,9172
Sterling Bazil,DET,Unknown,0.01810000000000006,-345.3087826,Batter,8469,9173
Frederi Montero,MIL,Unknown,0.018049999999999983,-345.30883259999996,Batter,8470,9174
Hansel Jimenez,CIN,Unknown,0.01799999999999996,-345.3088826,Batter,8474,9175
Richard Matic,NYY,Unknown,0.018000000000000016,-345.3088826,Batter,8473,9176
Jesus Premoli,,Unknown,0.018000000000000016,-345.3088826,Batter,8471,9177
Carlos Tirado,,Unknown,0.018000000000000016,-345.3088826,Batter,8472,9178
John Cristino,NYY,Unknown,0.0179,-345.3089826,Batter,8475,9179
Athanael Duarte,LAA,Unknown,0.017850000000000005,-345.30903259999997,Batter,8476,9180
Jefer Lista,MIL,Unknown,0.017800000000000038,-345.30908259999995,Batter,8477,9181
Thomas Takayoshi,ATH,Unknown,0.017749999999999988,-345.3091326,Batter,8478,9182
Jonathan Taveras,,Unknown,0.017699999999999994,-345.3091826,Batter,8479,9183
Ibrahim Ruiz,,Unknown,0.017699999999999994,-345.3091826,Batter,8480,9184
Maykel Coret,TBR,Unknown,0.017699999999999938,-345.3091826,Batter,8481,9185
Estiven Giron,,Unknown,0.01749999999999996,-345.3093826,Batter,8482,9186
Jose Aular,NYM,Unknown,0.017199999999999993,-345.3096826,Batter,8483,9187
Carlos Benavides,DET,Unknown,0.01709999999999995,-345.30978259999995,Batter,8484,9188
Karniel Pratt,HOU,Unknown,0.017049999999999982,-345.3098326,Batter,8485,9189
Jose Monserrate,MIA,Unknown,0.017000000000000015,-345.3098826,Batter,8486,9190
Idalberto Santiesteban,,Unknown,0.016699999999999993,-345.31018259999996,Batter,8487,9191
Jeison Lopez,ATH,Unknown,0.016600000000000004,-345.3102826,Batter,8489,9192
Omar Mejia,KCR,Unknown,0.016500000000000015,-345.31038259999997,Batter,8490,9193
Yaikel Mijares,CLE,Unknown,0.016499999999999987,-345.31038259999997,Batter,8491,9194
Nathaniel Ochoa Leyva,WSN,Unknown,0.016399999999999998,-345.3104826,Batter,8492,9195
Jelson Coca,,Unknown,0.01629999999999998,-345.3105826,Batter,8493,9196
Dalton McIntyre,ATL,Unknown,0.016250000000000014,-345.31063259999996,Batter,8494,9197
Juan Alvarez,ARI,Unknown,0.016099999999999948,-345.3107826,Batter,8495,9198
Alexander Ramirez,CHC,Unknown,0.01605000000000001,-345.31083259999997,Batter,8496,9199
Cherif Neymour,,Unknown,0.015949999999999964,-345.3109326,Batter,8497,9200
Juan Martínez,,Unknown,0.015900000000000025,-345.3109826,Batter,8498,9201
Moises Bolivar,LAD,Unknown,0.01589999999999997,-345.3109826,Batter,8499,9202
Reece Walling,,Unknown,0.015850000000000003,-345.3110326,Batter,8500,9203
Douglas Glod,ATL,Unknown,0.01574999999999996,-345.31113259999995,Batter,8501,9204
Gregori Cano,,Unknown,0.015400000000000025,-345.3114826,Batter,8503,9205
Victor Cardoza,PHI,Unknown,0.015399999999999997,-345.3114826,Batter,8504,9206
Wilfri De La Cruz,BAL,Unknown,0.01539999999999997,-345.3114826,Batter,8505,9207
Agustin Acosta,LAD,Unknown,0.01539999999999997,-345.3114826,Batter,8506,9208
Vance Honeycutt,BAL,Unknown,0.015399999999999942,-345.3114826,Batter,8507,9209
Cesar Franco,ATH,Unknown,0.015149999999999997,-345.31173259999997,Batter,8508,9210
Rayner Arias,SFG,Unknown,0.015149999999999969,-345.31173259999997,Batter,8509,9211
Jose Tovar,TBR,Unknown,0.014950000000000019,-345.3119326,Batter,8510,9212
Edwin Brito,BOS,Unknown,0.014899999999999997,-345.31198259999996,Batter,8512,9213
Emilio Taveras,,Unknown,0.014900000000000024,-345.31198259999996,Batter,8511,9214
Diego Tornes,ATL,Unknown,0.014800000000000035,-345.3120826,Batter,8513,9215
Jorge Corona,CHW,Unknown,0.014649999999999996,-345.31223259999996,Batter,8514,9216
Raimundo De Los Santos,TOR,Unknown,0.014450000000000018,-345.31243259999997,Batter,8515,9217
Santiago Prado,,Unknown,0.01419999999999999,-345.31268259999996,Batter,8516,9218
Jackson Nicklaus,LAD,Unknown,0.014100000000000001,-345.3127826,Batter,8517,9219
Cliuver Puello,,Unknown,0.014000000000000012,-345.31288259999997,Batter,8518,9220
Zach MacDonald,DET,Unknown,0.01394999999999999,-345.31293259999995,Batter,8519,9221
José Castro,MIA,Unknown,0.01369999999999999,-345.3131826,Batter,8520,9222
Christopher Orelin,,Unknown,0.013500000000000012,-345.31338259999995,Batter,8521,9223
Feldi Tavarez,WSN,Unknown,0.013499999999999984,-345.31338259999995,Batter,8522,9224
Franchely Silverio,HOU,Unknown,0.013399999999999967,-345.3134826,Batter,8525,9225
Dario Reynoso,SFG,Unknown,0.013400000000000023,-345.3134826,Batter,8523,9226
Jarold Montealto,,Unknown,0.013399999999999967,-345.3134826,Batter,8524,9227
Yovanny Rodriguez,NYM,Unknown,0.0131,-345.31378259999997,Batter,8526,9228
Andrews Sosa,HOU,Unknown,0.012999999999999984,-345.3138826,Batter,8528,9229
Francisco Loreto,PIT,Unknown,0.013000000000000012,-345.3138826,Batter,8527,9230
Jhonayker Ugarte,KCR,Unknown,0.012750000000000011,-345.3141326,Batter,8530,9231
Elvin Garcia,BAL,Unknown,0.012649999999999995,-345.31423259999997,Batter,8531,9232
Feliz Genao,ARI,Unknown,0.012499999999999956,-345.3143826,Batter,8533,9233
Myles Naylor,ATH,Unknown,0.012500000000000011,-345.3143826,Batter,8532,9234
Gustavo Beltran,,Unknown,0.012499999999999956,-345.3143826,Batter,8534,9235
Albert Gutierrez,CHC,Unknown,0.012349999999999972,-345.31453259999995,Batter,8535,9236
Jonierbis Garces,WSN,Unknown,0.012300000000000033,-345.3145826,Batter,8536,9237
Carlos Villarroel,NYY,Unknown,0.012300000000000033,-345.3145826,Batter,8537,9238
Yeycol Soriano,CIN,Unknown,0.012149999999999994,-345.31473259999996,Batter,8538,9239
Yahil Melendez,CHC,Unknown,0.011949999999999988,-345.31493259999996,Batter,8539,9240
Carlos Concepcion,SFG,Unknown,0.011799999999999922,-345.3150826,Batter,8540,9241
Fernando Pena,SFG,Unknown,0.011600000000000055,-345.3152826,Batter,8541,9242
Connor Dykstra,SEA,Unknown,0.011600000000000027,-345.3152826,Batter,8542,9243
Fernando Caldera,HOU,Unknown,0.01150000000000001,-345.31538259999996,Batter,8545,9244
Johan Barrios,,Unknown,0.011499999999999955,-345.31538259999996,Batter,8546,9245
Rafael Ramirez,,Unknown,0.01139999999999991,-345.3154826,Batter,8547,9246
Jeury Ramirez,CHC,Unknown,0.011299999999999977,-345.31558259999997,Batter,8548,9247
Marco Marcelino,,Unknown,0.011299999999999921,-345.31558259999997,Batter,8549,9248
Jairo Mendez,,Unknown,0.011299999999999921,-345.31558259999997,Batter,8550,9249
Gian Zapata,ARI,Unknown,0.011149999999999993,-345.3157326,Batter,8551,9250
Alexander Garcia,,Unknown,0.010899999999999965,-345.3159826,Batter,8553,9251
Nick Montgomery,ATL,Unknown,0.010849999999999999,-345.31603259999997,Batter,8554,9252
Andrew Patrick,,Unknown,0.010749999999999982,-345.3161326,Batter,8555,9253
Yelinson Betances,LAA,Unknown,0.010700000000000043,-345.3161826,Batter,8556,9254
Luis Corobo,MIL,Unknown,0.01065000000000002,-345.3162326,Batter,8557,9255
Saivel Zayas,TEX,Unknown,0.010599999999999998,-345.31628259999997,Batter,8558,9256
Brayan Sanchez,,Unknown,0.010599999999999998,-345.31628259999997,Batter,8559,9257
Luis Ariza,,Unknown,0.010549999999999976,-345.31633259999995,Batter,8560,9258
Jayden Felicia,,Unknown,0.010299999999999976,-345.3165826,Batter,8562,9259
Gabriel Flores,PHI,Unknown,0.010300000000000031,-345.3165826,Batter,8561,9260
Ricardo Paez,MIN,Unknown,0.010199999999999987,-345.3166826,Batter,8563,9261
Mason Dinesen,,Unknown,0.010150000000000048,-345.31673259999997,Batter,8564,9262
Ivan Sosa,KCR,Unknown,0.010149999999999992,-345.31673259999997,Batter,8565,9263
Brahian Silva,,Unknown,0.010000000000000009,-345.3168826,Batter,8566,9264
Danny Gonzalez,,Unknown,0.009949999999999987,-345.3169326,Batter,8567,9265
Rashawn Pinder,TEX,Unknown,0.009749999999999981,-345.3171326,Batter,8568,9266
Neurelin Montero,TEX,Unknown,0.009599999999999997,-345.3172826,Batter,8569,9267
Gery Holguin,MIL,Unknown,0.009449999999999986,-345.31743259999996,Batter,8570,9268
Henniel Alcala,CHC,Unknown,0.00940000000000002,-345.31748259999995,Batter,8571,9269
Paulo Asprilla,STL,Unknown,0.00924999999999998,-345.31763259999997,Batter,8572,9270
Cristian Benavides,,Unknown,0.009199999999999986,-345.31768259999996,Batter,8573,9271
Brayan Amoroso,STL,Unknown,0.009099999999999941,-345.3177826,Batter,8574,9272
Wagnel Luna,DET,Unknown,0.008999999999999952,-345.31788259999996,Batter,8575,9273
Lazaro Morales,SFG,Unknown,0.008699999999999986,-345.3181826,Batter,8576,9274
Yorman Licourt,TOR,Unknown,0.008600000000000024,-345.3182826,Batter,8577,9275
Shendrion Martinus,CIN,Unknown,0.008599999999999997,-345.3182826,Batter,8578,9276
Sebastian Castro,,Unknown,0.008599999999999941,-345.3182826,Batter,8579,9277
Anderson Navas,PHI,Unknown,0.008500000000000008,-345.31838259999995,Batter,8580,9278
Ryan Picollo,LAA,Unknown,0.00849999999999998,-345.31838259999995,Batter,8581,9279
Leonel Vivas,CHC,Unknown,0.008399999999999963,-345.3184826,Batter,8583,9280
Railin Familia,,Unknown,0.008400000000000019,-345.3184826,Batter,8582,9281
Yosander Asencio,,Unknown,0.008250000000000007,-345.3186326,Batter,8585,9282
Roiber Niazoa,,Unknown,0.007700000000000012,-345.3191826,Batter,8587,9283
Daonil Montero,ARI,Unknown,0.00770000000000004,-345.3191826,Batter,8586,9284
Ludwing Espinoza,CHC,Unknown,0.007649999999999962,-345.31923259999996,Batter,8588,9285
Johan Estrada,,Unknown,0.007399999999999962,-345.31948259999996,Batter,8589,9286
Jesus Castro,SDP,Unknown,0.007349999999999995,-345.3195326,Batter,8590,9287
Marwin Rivero,KCR,Unknown,0.007299999999999973,-345.3195826,Batter,8591,9288
Edgardo De Leon,MIA,Unknown,0.007050000000000001,-345.3198326,Batter,8592,9289
Anibal Salas,DET,Unknown,0.007000000000000006,-345.31988259999997,Batter,8593,9290
Wilton Lara,HOU,Unknown,0.007000000000000006,-345.31988259999997,Batter,8594,9291
Estivenzon Montero,NYY,Unknown,0.006800000000000028,-345.3200826,Batter,8596,9292
Juan Rujano,STL,Unknown,0.006800000000000028,-345.3200826,Batter,8597,9293
Victor Marquez,PIT,Unknown,0.006700000000000039,-345.32018259999995,Batter,8598,9294
Erick Lugo,,Unknown,0.006599999999999995,-345.3202826,Batter,8599,9295
Eric Martinez,MIL,Unknown,0.006400000000000017,-345.3204826,Batter,8600,9296
Miguel Caraballo,MIN,Unknown,0.006299999999999972,-345.32058259999997,Batter,8603,9297
Jose Montilla,KCR,Unknown,0.006300000000000028,-345.32058259999997,Batter,8602,9298
Grant Smith,,Unknown,0.006300000000000028,-345.32058259999997,Batter,8601,9299
Roderick Flores,MIL,Unknown,0.0061500000000000166,-345.3207326,Batter,8605,9300
Teilon Serrano,MIN,Unknown,0.00550000000000006,-345.3213826,Batter,8607,9301
Abel Lorenzo,LAD,Unknown,0.005500000000000005,-345.3213826,Batter,8608,9302
Victor Izturis,CLE,Unknown,0.00545000000000001,-345.3214326,Batter,8609,9303
Deivis Mosquera,,Unknown,0.004999999999999949,-345.3218826,Batter,8610,9304
Jose Marchan,,Unknown,0.00489999999999996,-345.32198259999996,Batter,8611,9305
Nick Peoples,WSN,Unknown,0.004849999999999993,-345.3220326,Batter,8612,9306
Stiven Marinez,NYY,Unknown,0.004799999999999971,-345.3220826,Batter,8613,9307
Erick Lara,TBR,Unknown,0.0047499999999999765,-345.3221326,Batter,8614,9308
Robert Perez,MIA,Unknown,0.0045999999999999375,-345.3222826,Batter,8615,9309
Luis Puello,NYY,Unknown,0.0042999999999999705,-345.3225826,Batter,8616,9310
Angel Rodriguez,,Unknown,0.004200000000000037,-345.32268259999995,Batter,8617,9311
Manuel Almeida,SEA,Unknown,0.004200000000000037,-345.32268259999995,Batter,8619,9312
Starlin Mieses,BAL,Unknown,0.004200000000000037,-345.32268259999995,Batter,8618,9313
Lucas Ramirez,LAA,Unknown,0.004150000000000015,-345.3227326,Batter,8620,9314
Daniel Rodriguez,TEX,Unknown,0.004100000000000048,-345.3227826,Batter,8621,9315
Jose Ramos,ATH,Unknown,0.003599999999999992,-345.32328259999997,Batter,8623,9316
Edgar Mota,,Unknown,0.003599999999999992,-345.32328259999997,Batter,8624,9317
Yassel Garcia,ATL,Unknown,0.003500000000000003,-345.3233826,Batter,8625,9318
Pedro Blanco,ARI,Unknown,0.0033999999999999864,-345.3234826,Batter,8626,9319
Abraham Cohen,,Unknown,0.0033999999999999586,-345.3234826,Batter,8627,9320
Jesus Mujica,,Unknown,0.0032999999999999696,-345.32358259999995,Batter,8629,9321
Jhosmmel Zue,KCR,Unknown,0.0031999999999999806,-345.3236826,Batter,8630,9322
Luis Luna,LAD,Unknown,0.0031999999999999806,-345.3236826,Batter,8631,9323
Robert Lantigua,ARI,Unknown,0.0030999999999999917,-345.32378259999996,Batter,8632,9324
Angelo Hernandez,CHW,Unknown,0.002999999999999975,-345.3238826,Batter,8633,9325
Elvis Rojas,,Unknown,0.0028000000000000247,-345.3240826,Batter,8635,9326
David Leon,CLE,Unknown,0.0027500000000000024,-345.3241326,Batter,8636,9327
Luis Leones,,Unknown,0.0027499999999999747,-345.3241326,Batter,8637,9328
Adrian Bello,MIA,Unknown,0.002599999999999991,-345.3242826,Batter,8638,9329
Martin Tamara,DET,Unknown,0.0023000000000000242,-345.3245826,Batter,8640,9330
Juan Caricipe,CIN,Unknown,0.0023000000000000242,-345.3245826,Batter,8641,9331
Carlos Oviedo,,Unknown,0.0020999999999999908,-345.3247826,Batter,8642,9332
Hugo Sanchez,,Unknown,0.0020999999999999908,-345.3247826,Batter,8643,9333
John Wimmer,LAA,Unknown,0.001899999999999985,-345.3249826,Batter,8644,9334
Daniel Meza,COL,Unknown,0.0017000000000000903,-345.32518259999995,Batter,8645,9335
Andres Lacruz,,Unknown,0.0016000000000000458,-345.3252826,Batter,8646,9336
Fabian Cordero,BAL,Unknown,0.0015999999999999903,-345.3252826,Batter,8647,9337
Luis Marinez,,Unknown,0.0015499999999999958,-345.32533259999997,Batter,8648,9338
Angel Feliz,,Unknown,0.0015000000000000013,-345.32538259999995,Batter,8649,9339
Yandro Hernandez,MIN,Unknown,0.00134999999999999,-345.3255326,Batter,8650,9340
Stiven Martinez,BAL,Unknown,0.0011999999999999789,-345.3256826,Batter,8651,9341
Eddie Rynders,PIT,Unknown,0.0010999999999999899,-345.32578259999997,Batter,8652,9342
Khris Almonte,,Unknown,0.0010000000000000564,-345.3258826,Batter,8653,9343
Robert Alvarez,CLE,Unknown,0.0007000000000000339,-345.3261826,Batter,8654,9344
Jurdrick Profar,CHW,Unknown,0.0006500000000000117,-345.32623259999997,Batter,8655,9345
Javier Roman,,Unknown,0.0004499999999999782,-345.3264326,Batter,8657,9346
Leonardo Pineda,TBR,Unknown,0.0003999999999999837,-345.32648259999996,Batter,8658,9347
Jonathan Rivero,PIT,Unknown,0.00015000000000001124,-345.32673259999996,Batter,8659,9348
David Carrera,NYY,Unknown,9.999999999998899e-05,-345.3267826,Batter,8660,9349
Nick Rodriguez,LAA,Unknown,0.0,-345.3268826,Batter,8706,9350
Rowdey Jordan,,Unknown,0.0,-345.3268826,Batter,8713,9351
Tytus Cissell,ARI,Unknown,0.0,-345.3268826,Batter,8712,9352
Cal Mitchell,,Unknown,0.0,-345.3268826,Batter,8711,9353
Yan Cruz,BOS,Unknown,0.0,-345.3268826,Batter,8710,9354
Dalton Shuffield,,Unknown,0.0,-345.3268826,Batter,8709,9355
Sir Jamison Jones,WSN,Unknown,0.0,-345.3268826,Batter,8708,9356
Arturo Flores,HOU,Unknown,0.0,-345.3268826,Batter,8707,9357
Ethan Wagner,HOU,Unknown,0.0,-345.3268826,Batter,8705,9358
Nathan Rose,,Unknown,0.0,-345.3268826,Batter,8715,9359
Ben Ramirez,,Unknown,0.0,-345.3268826,Batter,8704,9360
Austin Smith,TOR,Unknown,0.0,-345.3268826,Batter,8703,9361
Tyler Herron,,Unknown,0.0,-345.3268826,Batter,8702,9362
Luis Meza,,Unknown,0.0,-345.3268826,Batter,8701,9363
JP Smith II,MIN,Unknown,0.0,-345.3268826,Batter,8700,9364
Eric Snow,TOR,Unknown,0.0,-345.3268826,Batter,8699,9365
DJ Layton,BAL,Unknown,0.0,-345.3268826,Batter,8714,9366
Jacob Buchberger,,Unknown,0.0,-345.3268826,Batter,8735,9367
Ryan Sprock,MIN,Unknown,0.0,-345.3268826,Batter,8698,9368
Andy Polanco,SFG,Unknown,0.0,-345.3268826,Batter,8717,9369
Derniche Valdez,CHC,Unknown,0.0,-345.3268826,Batter,8733,9370
Josiah Ragsdale,MIL,Unknown,0.0,-345.3268826,Batter,8732,9371
Niko Goodrum,,Unknown,0.0,-345.3268826,Batter,8731,9372
Brady Cerkownyk,DET,Unknown,0.0,-345.3268826,Batter,8730,9373
Drake Osborn,,Unknown,0.0,-345.3268826,Batter,8729,9374
Luke Napleton,,Unknown,0.0,-345.3268826,Batter,8728,9375
Bo Walker,ARI,Unknown,0.0,-345.3268826,Batter,8727,9376
Jadyn Fielder,MIL,Unknown,0.0,-345.3268826,Batter,8725,9377
Jan Luis Reyes,CHC,Unknown,0.0,-345.3268826,Batter,8724,9378
Yanuel Casiano,CIN,Unknown,0.0,-345.3268826,Batter,8723,9379
Ivan Luciano,ARI,Unknown,0.0,-345.3268826,Batter,8722,9380
Jalen Hairston,CIN,Unknown,0.0,-345.3268826,Batter,8721,9381
Jessada Brown,MIA,Unknown,0.0,-345.3268826,Batter,8720,9382
Wes Clarke,,Unknown,0.0,-345.3268826,Batter,8719,9383
Shotaro Morii,ATH,Unknown,0.0,-345.3268826,Batter,8718,9384
Ronny Cruz,WSN,Unknown,0.0,-345.3268826,Batter,8716,9385
Luke Stevenson,SEA,Unknown,0.0,-345.3268826,Batter,8697,9386
Bryan Gonzalez Garcia,LAD,Unknown,0.0,-345.3268826,Batter,8696,9387
Dalton Davis,SEA,Unknown,0.0,-345.3268826,Batter,8668,9388
Randy Flores,,Unknown,0.0,-345.3268826,Batter,8674,9389
Andrew Sojka,STL,Unknown,0.0,-345.3268826,Batter,8673,9390
Dax Kilby,NYY,Unknown,0.0,-345.3268826,Batter,8672,9391
Daniel Montesino,,Unknown,0.0,-345.3268826,Batter,8671,9392
Luis Rives,HOU,Unknown,0.0,-345.3268826,Batter,8670,9393
Miguel Santos,,Unknown,0.0,-345.3268826,Batter,8669,9394
Brady Marget,TBR,Unknown,0.0,-345.3268826,Batter,8667,9395
Franchy Cordero,,Unknown,0.0,-345.3268826,Batter,8677,9396
Noah Barber,KCR,Unknown,0.0,-345.3268826,Batter,8666,9397
Jesus Freitez,COL,Unknown,0.0,-345.3268826,Batter,8665,9398
Rafael Escalante,,Unknown,0.0,-345.3268826,Batter,8664,9399
Rickardo Perez,,Unknown,0.0,-345.3268826,Batter,8663,9400
Nomar Diaz,,Unknown,0.0,-345.3268826,Batter,8662,9401
Cesar Paredes,LAA,Unknown,5.551115123125783e-17,-345.3268826,Batter,8661,9402
Austin Machado,ATL,Unknown,0.0,-345.3268826,Batter,8676,9403
Brendan Tunink,LAD,Unknown,0.0,-345.3268826,Batter,8678,9404
Carson Jones,,Unknown,0.0,-345.3268826,Batter,8695,9405
Kyle Walker,HOU,Unknown,0.0,-345.3268826,Batter,8687,9406
Josh Tate,PIT,Unknown,0.0,-345.3268826,Batter,8694,9407
Francesco Barbieri,,Unknown,0.0,-345.3268826,Batter,8693,9408
Michael Turconi,,Unknown,0.0,-345.3268826,Batter,8692,9409
Camden Troyer,NYY,Unknown,0.0,-345.3268826,Batter,8690,9410
Mitch Voit,NYM,Unknown,0.0,-345.3268826,Batter,8689,9411
Kien Vu,CIN,Unknown,0.0,-345.3268826,Batter,8688,9412
Jacob Walsh,WSN,Unknown,0.0,-345.3268826,Batter,8686,9413
Tyler Baca,,Unknown,0.0,-345.3268826,Batter,8679,9414
Max Williams,MIA,Unknown,0.0,-345.3268826,Batter,8685,9415
Ryan Wideman,SDP,Unknown,0.0,-345.3268826,Batter,8684,9416
Justin Wishkoski,,Unknown,0.0,-345.3268826,Batter,8683,9417
Myles Emmerson,,Unknown,0.0,-345.3268826,Batter,8682,9418
Tanner Thach,COL,Unknown,0.0,-345.3268826,Batter,8681,9419
Jonathan Hogart,PHI,Unknown,0.0,-345.3268826,Batter,8680,9420
Ethan Hedges,COL,Unknown,0.0,-345.3268826,Batter,8734,9421
Luis Arias,WSN,Unknown,0.0,-345.3268826,Batter,8736,9422
Matthew Miura,STL,Unknown,0.0,-345.3268826,Batter,8769,9423
Juan Cruz,,Unknown,0.0,-345.3268826,Batter,8755,9424
Nick Hollifield,WSN,Unknown,0.0,-345.3268826,Batter,8759,9425
Ethan Petry,WSN,Unknown,0.0,-345.3268826,Batter,8760,9426
David Avitia,,Unknown,0.0,-345.3268826,Batter,8761,9427
Nixon Chirinos,MIA,Unknown,0.0,-345.3268826,Batter,8762,9428
Tyler Pettorini,PHI,Unknown,0.0,-345.3268826,Batter,8763,9429
Luke Nowak,KCR,Unknown,0.0,-345.3268826,Batter,8765,9430
Carter Howell,,Unknown,0.0,-345.3268826,Batter,8766,9431
Bryce Martin-Grudzielanek,NYY,Unknown,0.0,-345.3268826,Batter,8767,9432
Jack Dunn,,Unknown,0.0,-345.3268826,Batter,8768,9433
Jack Gurevitch,STL,Unknown,0.0,-345.3268826,Batter,8737,9434
Paxton Kling,TEX,Unknown,0.0,-345.3268826,Batter,8770,9435
Skylar King,BOS,Unknown,0.0,-345.3268826,Batter,8771,9436
Antonio Jimenez,NYM,Unknown,0.0,-345.3268826,Batter,8772,9437
Jake Zitella,,Unknown,0.0,-345.3268826,Batter,8773,9438
Eddy Alvarez,,Unknown,0.0,-345.3268826,Batter,8774,9439
Nolan Clifford,,Unknown,0.0,-345.3268826,Batter,8757,9440
Mason Lytle,HOU,Unknown,0.0,-345.3268826,Batter,8756,9441
Nathan Humphreys,PHI,Unknown,0.0,-345.3268826,Batter,8754,9442
Ike Irish,BAL,Unknown,0.0,-345.3268826,Batter,8746,9443
Drew Vogel,,Unknown,0.0,-345.3268826,Batter,8738,9444
Jalin Flores,STL,Unknown,0.0,-345.3268826,Batter,8739,9445
Maddox Latta,TOR,Unknown,0.0,-345.3268826,Batter,8740,9446
Andrew Fischer,MIL,Unknown,0.0,-345.3268826,Batter,8741,9447
Drew Faurot,MIA,Unknown,0.0,-345.3268826,Batter,8742,9448
Javier Pariguan,,Unknown,0.0,-345.3268826,Batter,8743,9449
Eyeksson Rojas,WSN,Unknown,0.0,-345.3268826,Batter,8745,9450
Francisco Toledo,NYM,Unknown,0.0,-345.3268826,Batter,8744,9451
Cam Cannarella,MIA,Unknown,0.0,-345.3268826,Batter,8747,9452
Michael Brooks,ATH,Unknown,0.0,-345.3268826,Batter,8748,9453
AJ Salgado,NYM,Unknown,0.0,-345.3268826,Batter,8749,9454
Diego Viloria,,Unknown,0.0,-345.3268826,Batter,8750,9455
Chris Arroyo,MIA,Unknown,0.0,-345.3268826,Batter,8751,9456
Alejandro Loaiza,STL,Unknown,0.0,-345.3268826,Batter,8752,9457
Wehiwa Aloy,BAL,Unknown,0.0,-345.3268826,Batter,8753,9458
Brayan Joseph,,Unknown,-9.999999999998899e-05,-345.32698259999995,Batter,8777,9459
Frank Mieses,CHW,Unknown,-0.00020000000000003348,-345.3270826,Batter,8778,9460
Joan Gutierrez,,Unknown,-0.00020000000000003348,-345.3270826,Batter,8779,9461
Andrew Tess,BAL,Unknown,-0.0004999999999999727,-345.32738259999996,Batter,8781,9462
Alexi Quiroz,HOU,Unknown,-0.0006999999999999784,-345.32758259999997,Batter,8782,9463
Lisandro Sanchez,BAL,Unknown,-0.0011999999999999789,-345.32808259999996,Batter,8783,9464
Edwilmin Matos,HOU,Unknown,-0.0015999999999999903,-345.3284826,Batter,8785,9465
Gabriel Azocar,PHI,Unknown,-0.0015999999999999903,-345.3284826,Batter,8786,9466
Fabian Lopez,MIA,Unknown,-0.0016999999999999793,-345.3285826,Batter,8787,9467
Enmanuel Bonilla,TOR,Unknown,-0.001850000000000046,-345.32873259999997,Batter,8788,9468
Sebastian Rojas,ATH,Unknown,-0.0019000000000000128,-345.32878259999995,Batter,8789,9469
Luis Fragoza,MIN,Unknown,-0.001950000000000035,-345.3288326,Batter,8790,9470
Ruben Castillo,NYY,Unknown,-0.0020000000000000018,-345.3288826,Batter,8791,9471
Jorge Garcia,,Unknown,-0.0020000000000000573,-345.3288826,Batter,8792,9472
Kevin Rivas,CLE,Unknown,-0.002250000000000002,-345.3291326,Batter,8793,9473
Keiberg Camacaro,SFG,Unknown,-0.00269999999999998,-345.3295826,Batter,8795,9474
Edgar Jimenez,NYY,Unknown,-0.00269999999999998,-345.3295826,Batter,8794,9475
Evan Estevez,SFG,Unknown,-0.0029000000000000137,-345.3297826,Batter,8796,9476
Deward Tovar,TEX,Unknown,-0.002950000000000008,-345.3298326,Batter,8797,9477
Antony Gomez,,Unknown,-0.0030999999999999917,-345.3299826,Batter,8798,9478
Santiago Ustariz,CLE,Unknown,-0.0030999999999999917,-345.3299826,Batter,8799,9479
Jonatan Yan,,Unknown,-0.003100000000000047,-345.3299826,Batter,8800,9480
Anderson Machado,,Unknown,-0.003149999999999986,-345.3300326,Batter,8801,9481
Jose Paulino,KCR,Unknown,-0.0032999999999999696,-345.3301826,Batter,8802,9482
Moises Lopez,,Unknown,-0.003300000000000025,-345.3301826,Batter,8803,9483
Joan Sierra,,Unknown,-0.003500000000000003,-345.33038259999995,Batter,8805,9484
Cristian Perez,DET,Unknown,-0.003500000000000003,-345.33038259999995,Batter,8806,9485
Sebastian De Andrade,SEA,Unknown,-0.0037500000000000033,-345.3306326,Batter,8808,9486
Yancel Guerrero,STL,Unknown,-0.0039000000000000146,-345.33078259999996,Batter,8809,9487
Jonathan Moya,DET,Unknown,-0.004100000000000048,-345.33098259999997,Batter,8810,9488
Rosniell De Paula,COL,Unknown,-0.004100000000000048,-345.33098259999997,Batter,8811,9489
Arnaldo Montano,,Unknown,-0.0041000000000001036,-345.33098259999997,Batter,8812,9490
Eduardo Oviedo,,Unknown,-0.004149999999999987,-345.33103259999996,Batter,8813,9491
Dangelo Sarmiento,,Unknown,-0.004200000000000009,-345.3310826,Batter,8814,9492
Bryant Mendez,SEA,Unknown,-0.004200000000000009,-345.3310826,Batter,8815,9493
Breiny Ramírez,BAL,Unknown,-0.004300000000000026,-345.3311826,Batter,8816,9494
Rafael Oropeza,,Unknown,-0.004400000000000015,-345.33128259999995,Batter,8818,9495
Rafael Castillo,,Unknown,-0.0043999999999999595,-345.33128259999995,Batter,8817,9496
Nicolas Barrios,MIL,Unknown,-0.004599999999999993,-345.33148259999996,Batter,8819,9497
Gabriel Cesa,ATL,Unknown,-0.004599999999999993,-345.33148259999996,Batter,8820,9498
Eric Mota,HOU,Unknown,-0.004699999999999982,-345.3315826,Batter,8821,9499
Kashon Conliffe,,Unknown,-0.0048000000000000265,-345.33168259999997,Batter,8822,9500
Jesus Machado,,Unknown,-0.0050000000000000044,-345.3318826,Batter,8823,9501
Samuel Brito,HOU,Unknown,-0.0050000000000000044,-345.3318826,Batter,8824,9502
Carlos Bello,NYY,Unknown,-0.005299999999999971,-345.33218259999995,Batter,8825,9503
Eliezer Rivero,LAD,Unknown,-0.005350000000000021,-345.3322326,Batter,8826,9504
Arlenn Manzanillo,ATL,Unknown,-0.00539999999999996,-345.3322826,Batter,8827,9505
Luis Felipe,,Unknown,-0.005500000000000005,-345.33238259999996,Batter,8829,9506
Rafael Alvarez,,Unknown,-0.005500000000000005,-345.33238259999996,Batter,8828,9507
Jason Schiavone,HOU,Unknown,-0.005650000000000016,-345.3325326,Batter,8830,9508
Erick Bautista,,Unknown,-0.005700000000000038,-345.33258259999997,Batter,8831,9509
Luis Galan,CLE,Unknown,-0.005900000000000016,-345.3327826,Batter,8833,9510
Elias Perez,SEA,Unknown,-0.005900000000000016,-345.3327826,Batter,8834,9511
Christofer Reyes,NYY,Unknown,-0.006000000000000005,-345.33288259999995,Batter,8835,9512
Alessandro Duran,SFG,Unknown,-0.006199999999999983,-345.33308259999995,Batter,8836,9513
Breyner Figuereo,,Unknown,-0.006200000000000039,-345.33308259999995,Batter,8837,9514
Dexters Peralta,NYY,Unknown,-0.006350000000000022,-345.3332326,Batter,8838,9515
Enderson Asencio,,Unknown,-0.006400000000000072,-345.33328259999996,Batter,8839,9516
Luis Parababire,ATL,Unknown,-0.00655,-345.3334326,Batter,8841,9517
Haniel German,,Unknown,-0.00655,-345.3334326,Batter,8842,9518
Nelson Marin,,Unknown,-0.006900000000000017,-345.33378259999995,Batter,8844,9519
Jorge Ramirez,SFG,Unknown,-0.007000000000000006,-345.3338826,Batter,8845,9520
Abelardo Medrano,DET,Unknown,-0.00720000000000004,-345.3340826,Batter,8847,9521
Pascual Archila,TOR,Unknown,-0.00720000000000004,-345.3340826,Batter,8846,9522
Jancory De La Cruz,MIA,Unknown,-0.0072500000000000064,-345.3341326,Batter,8848,9523
Yeison Acosta,BAL,Unknown,-0.007400000000000018,-345.3342826,Batter,8849,9524
Gustavo Marquez,,Unknown,-0.007600000000000023,-345.3344826,Batter,8850,9525
Eliezer Alfonzo,BOS,Unknown,-0.007699999999999985,-345.3345826,Batter,8851,9526
Jose Perez,BAL,Unknown,-0.007700000000000012,-345.3345826,Batter,8852,9527
Kevin Dume,ATH,Unknown,-0.007950000000000013,-345.33483259999997,Batter,8854,9528
Wilmer Feliciano,,Unknown,-0.00830000000000003,-345.3351826,Batter,8856,9529
Jhosman Theran,LAD,Unknown,-0.008400000000000019,-345.33528259999997,Batter,8857,9530
Victor Rodriguez,LAA,Unknown,-0.008649999999999991,-345.33553259999996,Batter,8858,9531
Kevin Hacen,,Unknown,-0.008750000000000008,-345.3356326,Batter,8859,9532
German Guilarte,,Unknown,-0.008900000000000019,-345.33578259999996,Batter,8860,9533
Andruw Salcedo,,Unknown,-0.009200000000000014,-345.3360826,Batter,8861,9534
Rafy Peguero,LAD,Unknown,-0.009200000000000041,-345.3360826,Batter,8862,9535
Brayan Rijo,,Unknown,-0.009600000000000053,-345.33648259999995,Batter,8863,9536
D'Angelo Tejada,CHW,Unknown,-0.009800000000000059,-345.33668259999996,Batter,8864,9537
Manuel Cabrera,WSN,Unknown,-0.009949999999999987,-345.3368326,Batter,8865,9538
Ramon Landaeta,ATH,Unknown,-0.010050000000000031,-345.33693259999995,Batter,8866,9539
Yerlin Luis,CLE,Unknown,-0.010149999999999992,-345.3370326,Batter,8869,9540
Romtres Cabrera,STL,Unknown,-0.010149999999999992,-345.3370326,Batter,8868,9541
Joshua Fermin,KCR,Unknown,-0.010199999999999987,-345.3370826,Batter,8870,9542
Phillando Williams,PIT,Unknown,-0.010300000000000031,-345.33718259999995,Batter,8871,9543
Andru Arthur,STL,Unknown,-0.011099999999999999,-345.3379826,Batter,8873,9544
Marcos Belen,CLE,Unknown,-0.011099999999999999,-345.3379826,Batter,8872,9545
Amauri Ramirez,HOU,Unknown,-0.011299999999999977,-345.3381826,Batter,8875,9546
Jesus Lugo,BOS,Unknown,-0.011300000000000032,-345.3381826,Batter,8877,9547
Byron Castillo,LAA,Unknown,-0.011299999999999977,-345.3381826,Batter,8876,9548
Alen Pineda,ATL,Unknown,-0.011349999999999943,-345.33823259999997,Batter,8880,9549
Carlos Gonzalez,SEA,Unknown,-0.011449999999999988,-345.3383326,Batter,8881,9550
Arfeni Batista,,Unknown,-0.01150000000000001,-345.3383826,Batter,8882,9551
Rey Cruz,PHI,Unknown,-0.0116,-345.33848259999996,Batter,8883,9552
Easton Shelton,LAD,Unknown,-0.011650000000000021,-345.33853259999995,Batter,8884,9553
Domingo Batista,TBR,Unknown,-0.011799999999999977,-345.33868259999997,Batter,8886,9554
Freider Rojas,MIL,Unknown,-0.011899999999999966,-345.3387826,Batter,8887,9555
Eduardo Herrera,CHW,Unknown,-0.011900000000000022,-345.3387826,Batter,8888,9556
Emil Turbi,,Unknown,-0.011950000000000016,-345.3388326,Batter,8889,9557
Qyshawn Legito,CIN,Unknown,-0.01200000000000001,-345.3388826,Batter,8890,9558
Humberto Tiberi,LAA,Unknown,-0.012300000000000033,-345.33918259999996,Batter,8891,9559
Sheng-En Lin,CIN,Unknown,-0.012650000000000022,-345.3395326,Batter,8892,9560
Andres Arias,TOR,Unknown,-0.012899999999999995,-345.3397826,Batter,8893,9561
Samuel Capellan,,Unknown,-0.013000000000000012,-345.33988259999995,Batter,8895,9562
Ishel Comenencia,COL,Unknown,-0.012999999999999956,-345.33988259999995,Batter,8894,9563
Remy Veldhuisen,,Unknown,-0.01330000000000009,-345.3401826,Batter,8896,9564
Bryan Martinez,LAA,Unknown,-0.013600000000000001,-345.3404826,Batter,8897,9565
Diover De Aza,NYM,Unknown,-0.013800000000000034,-345.3406826,Batter,8899,9566
Justin Trimble,HOU,Unknown,-0.013800000000000034,-345.3406826,Batter,8900,9567
Ronny Suarez,ARI,Unknown,-0.013799999999999979,-345.3406826,Batter,8898,9568
Jhonger Ochoa,DET,Unknown,-0.013899999999999968,-345.34078259999995,Batter,8901,9569
Estuar Suero,PIT,Unknown,-0.013899999999999996,-345.34078259999995,Batter,8902,9570
Rainer Espinoza,SFG,Unknown,-0.014000000000000068,-345.3408826,Batter,8903,9571
Andres Hernandez,,Unknown,-0.01429999999999998,-345.34118259999997,Batter,8906,9572
Donte Grant,SDP,Unknown,-0.01510000000000003,-345.3419826,Batter,8908,9573
Adriel Cuello,,Unknown,-0.015100000000000002,-345.3419826,Batter,8907,9574
Bohan Adderley,NYM,Unknown,-0.015499999999999986,-345.34238259999995,Batter,8909,9575
Jayden Kim,PIT,Unknown,-0.015699999999999992,-345.34258259999996,Batter,8911,9576
Randy Perea,,Unknown,-0.01589999999999997,-345.34278259999996,Batter,8912,9577
Moises Morales,MIA,Unknown,-0.016000000000000014,-345.3428826,Batter,8913,9578
Cristopher Acosta,MIL,Unknown,-0.016900000000000026,-345.3437826,Batter,8914,9579
Lewis German,KCR,Unknown,-0.017199999999999993,-345.3440826,Batter,8916,9580
Jose Gerardo,MIA,Unknown,-0.017249999999999988,-345.34413259999997,Batter,8917,9581
Mayki De La Rosa,ARI,Unknown,-0.017400000000000027,-345.3442826,Batter,8918,9582
Iverson Allen,PIT,Unknown,-0.017600000000000005,-345.3444826,Batter,8919,9583
Raily Liriano,ARI,Unknown,-0.017699999999999994,-345.34458259999997,Batter,8920,9584
Breyias Dean,MIA,Unknown,-0.017799999999999983,-345.3446826,Batter,8921,9585
Delvis Matos,,Unknown,-0.017899999999999916,-345.3447826,Batter,8922,9586
Jefferson Vargas,CLE,Unknown,-0.01799999999999996,-345.34488259999995,Batter,8923,9587
Josias Ramirez,CHC,Unknown,-0.018199999999999994,-345.34508259999996,Batter,8924,9588
Manuel Dos Passos,ATL,Unknown,-0.018600000000000005,-345.34548259999997,Batter,8925,9589
Paris Johnson,,Unknown,-0.018799999999999983,-345.3456826,Batter,8926,9590
Jesmaylin Arias,SDP,Unknown,-0.018900000000000028,-345.34578259999995,Batter,8927,9591
Adrian Reyes,,Unknown,-0.018999999999999906,-345.3458826,Batter,8928,9592
Luis Abreu,,Unknown,-0.01920000000000005,-345.3460826,Batter,8929,9593
Tony Ruiz,,Unknown,-0.019400000000000084,-345.3462826,Batter,8930,9594
Leider Padilla,LAD,Unknown,-0.01980000000000004,-345.34668259999995,Batter,8932,9595
Joan Delgado,CHC,Unknown,-0.02015,-345.3470326,Batter,8933,9596
Bralyn Brazoban,PIT,Unknown,-0.02019999999999994,-345.34708259999996,Batter,8934,9597
Belfi Rivera,ARI,Unknown,-0.020500000000000018,-345.3473826,Batter,8935,9598
Edwin Solano,,Unknown,-0.02100000000000002,-345.3478826,Batter,8937,9599
Ramy Peralta,ARI,Unknown,-0.02140000000000003,-345.3482826,Batter,8938,9600
Cristopher Larez,NYM,Unknown,-0.02150000000000002,-345.3483826,Batter,8941,9601
Francisco Vilorio,NYY,Unknown,-0.021799999999999986,-345.34868259999996,Batter,8942,9602
Alexander Garcia,,Unknown,-0.02190000000000003,-345.3487826,Batter,8943,9603
Isais Chavez,MIL,Unknown,-0.022399999999999975,-345.3492826,Batter,8944,9604
Justin Rodriguez,,Unknown,-0.022700000000000053,-345.34958259999996,Batter,8946,9605
Andy Acevedo,WSN,Unknown,-0.022749999999999965,-345.34963259999995,Batter,8947,9606
Fraimy Santa,TEX,Unknown,-0.022900000000000087,-345.34978259999997,Batter,8948,9607
Reynaldo De La Paz,ATH,Unknown,-0.022999999999999965,-345.3498826,Batter,8949,9608
Elian Adames,PHI,Unknown,-0.02300000000000002,-345.3498826,Batter,8950,9609
Marcelo Alcala,CHW,Unknown,-0.023249999999999993,-345.3501326,Batter,8951,9610
Estivel Morillo,CLE,Unknown,-0.023300000000000043,-345.3501826,Batter,8952,9611
Andry Batista,TEX,Unknown,-0.023400000000000032,-345.35028259999996,Batter,8953,9612
Stiven De La Cruz,BOS,Unknown,-0.023899999999999977,-345.3507826,Batter,8956,9613
Nestor Miranda,DET,Unknown,-0.023900000000000032,-345.3507826,Batter,8957,9614
Richard Meran,NYY,Unknown,-0.02400000000000002,-345.3508826,Batter,8959,9615
Fabian Alcantara,SDP,Unknown,-0.0242,-345.3510826,Batter,8960,9616
Michael Baez,,Unknown,-0.024500000000000022,-345.35138259999997,Batter,8961,9617
Alejandro Castellano,,Unknown,-0.024700000000000055,-345.3515826,Batter,8963,9618
Joseph Sequera,,Unknown,-0.0247,-345.3515826,Batter,8962,9619
Daniel Gaitor,,Unknown,-0.024899999999999978,-345.3517826,Batter,8964,9620
Camilo Diaz,HOU,Unknown,-0.025000000000000022,-345.35188259999995,Batter,8965,9621
Kevin Ereu,MIL,Unknown,-0.0252,-345.35208259999996,Batter,8966,9622
Abel Valdes,TEX,Unknown,-0.025599999999999956,-345.3524826,Batter,8967,9623
Daniel Dominguez,TOR,Unknown,-0.02589999999999998,-345.35278259999995,Batter,8968,9624
Emilio Sanchez,BAL,Unknown,-0.026199999999999946,-345.3530826,Batter,8969,9625
Ariel Castro,MIN,Unknown,-0.02645000000000003,-345.3533326,Batter,8970,9626
Johan Ferreira,,Unknown,-0.0267,-345.3535826,Batter,8971,9627
Steven Herrera,MIA,Unknown,-0.02689999999999998,-345.3537826,Batter,8972,9628
Vicent Nunez,,Unknown,-0.02689999999999998,-345.3537826,Batter,8973,9629
Pedro Tovar,,Unknown,-0.027099999999999957,-345.3539826,Batter,8974,9630
Yaisel Ramos,,Unknown,-0.027450000000000002,-345.35433259999996,Batter,8975,9631
Gregori Arias,,Unknown,-0.02749999999999997,-345.35438259999995,Batter,8976,9632
Rayner Herrera,BAL,Unknown,-0.028199999999999947,-345.3550826,Batter,8978,9633
Jose De La Cruz,COL,Unknown,-0.028299999999999992,-345.3551826,Batter,8979,9634
Sebastián De Los Santos,CLE,Unknown,-0.028400000000000036,-345.35528259999995,Batter,8980,9635
Cesar Mujica,PHI,Unknown,-0.028799999999999965,-345.35568259999997,Batter,8981,9636
Jayln Pinder,TEX,Unknown,-0.028900000000000037,-345.3557826,Batter,8982,9637
Alvaro Matos,,Unknown,-0.028900000000000037,-345.3557826,Batter,8983,9638
Dayquer Alfonzo,SDP,Unknown,-0.029000000000000026,-345.3558826,Batter,8985,9639
Albert Alberto,,Unknown,-0.029000000000000026,-345.3558826,Batter,8984,9640
Kenny Fenelon,MIL,Unknown,-0.02939999999999998,-345.3562826,Batter,8987,9641
Engel Paulino,MIL,Unknown,-0.0295,-345.35638259999996,Batter,8988,9642
Yorfran Medina,,Unknown,-0.029799999999999938,-345.3566826,Batter,8990,9643
Ovandy Frias,,Unknown,-0.030200000000000005,-345.35708259999996,Batter,8991,9644
Esmeiquel Arrieche,,Unknown,-0.030399999999999983,-345.35728259999996,Batter,8992,9645
Steven Santos,,Unknown,-0.030600000000000016,-345.35748259999997,Batter,8993,9646
Elisandro Ramirez,ATL,Unknown,-0.030700000000000005,-345.3575826,Batter,8994,9647
Jose Bericoto,,Unknown,-0.03090000000000004,-345.35778259999995,Batter,8995,9648
Yadimir Fuentes,,Unknown,-0.031000000000000028,-345.3578826,Batter,8996,9649
Diego Gonzalez,CHC,Unknown,-0.03130000000000005,-345.35818259999996,Batter,8998,9650
Jhomnardo Reyes,MIN,Unknown,-0.03199999999999997,-345.35888259999996,Batter,9000,9651
Carlos Batista,WSN,Unknown,-0.032049999999999995,-345.3589326,Batter,9001,9652
Giomar Ubiera,NYM,Unknown,-0.0338,-345.36068259999996,Batter,9002,9653
Kenyon Simmons,,Unknown,-0.03500000000000003,-345.3618826,Batter,9006,9654
Isaias Castillo,NYY,Unknown,-0.03570000000000001,-345.3625826,Batter,9008,9655
Jose Familia,PHI,Unknown,-0.03575000000000003,-345.3626326,Batter,9009,9656
Hiverson López,CLE,Unknown,-0.03649999999999998,-345.36338259999997,Batter,9010,9657
Alexander Herrera,,Unknown,-0.0373,-345.3641826,Batter,9011,9658
Vinicius Dos Santos,SFG,Unknown,-0.03739999999999999,-345.36428259999997,Batter,9012,9659
Ramses Velazquez,,Unknown,-0.03799999999999998,-345.3648826,Batter,9016,9660
Abel Pena,,Unknown,-0.0383,-345.36518259999997,Batter,9017,9661
Gustavo Baptista,CLE,Unknown,-0.03839999999999999,-345.3652826,Batter,9018,9662
Carlos De Sousa,TBR,Unknown,-0.0393,-345.3661826,Batter,9022,9663
Vicente Guaylupo,LAD,Unknown,-0.03939999999999999,-345.3662826,Batter,9023,9664
Elian Soto,WSN,Unknown,-0.039400000000000046,-345.3662826,Batter,9024,9665
Raymer Medina,TBR,Unknown,-0.03959999999999997,-345.3664826,Batter,9025,9666
Maylerson Casanova,PHI,Unknown,-0.039600000000000024,-345.3664826,Batter,9026,9667
Martin Gonzalez,SEA,Unknown,-0.03974999999999998,-345.3666326,Batter,9027,9668
Tom Guerrero,,Unknown,-0.03989999999999999,-345.36678259999996,Batter,9028,9669
Hojans Hernandez,,Unknown,-0.03999999999999998,-345.3668826,Batter,9029,9670
Domingo Morla,,Unknown,-0.04010000000000008,-345.3669826,Batter,9031,9671
Enmanuel Corniel,BAL,Unknown,-0.04049999999999998,-345.3673826,Batter,9032,9672
Jhoan De La Cruz,SDP,Unknown,-0.04109999999999997,-345.36798259999995,Batter,9034,9673
Fernando Cruz,CHC,Unknown,-0.04130000000000006,-345.36818259999995,Batter,9035,9674
Pablo Arosemena,CLE,Unknown,-0.04149999999999998,-345.36838259999996,Batter,9037,9675
Facundo Velasquez,STL,Unknown,-0.04184999999999997,-345.3687326,Batter,9038,9676
Gabriel Guanchez,SEA,Unknown,-0.042800000000000005,-345.3696826,Batter,9041,9677
Daiber De Los Santos,MIN,Unknown,-0.04324999999999998,-345.3701326,Batter,9043,9678
Frandy Lafond,MIL,Unknown,-0.04570000000000002,-345.3725826,Batter,9048,9679
Deuri Castillo,SEA,Unknown,-0.04570000000000002,-345.3725826,Batter,9047,9680
Luis Sanchez,CHC,Unknown,-0.046099999999999974,-345.3729826,Batter,9050,9681
Daniel Mielcarek,LAD,Unknown,-0.04630000000000001,-345.37318259999995,Batter,9051,9682
Jalvin Arias,PHI,Unknown,-0.04689999999999994,-345.37378259999997,Batter,9052,9683
Hanley Ramirez,PIT,Unknown,-0.047099999999999975,-345.3739826,Batter,9053,9684
Cesar Acosta,NYM,Unknown,-0.047200000000000075,-345.37408259999995,Batter,9054,9685
Louis Pierre,,Unknown,-0.04749999999999999,-345.3743826,Batter,9056,9686
Cesar Garcia,MIA,Unknown,-0.048099999999999976,-345.37498259999995,Batter,9058,9687
Juan Olmos,ATL,Unknown,-0.0484,-345.3752826,Batter,9059,9688
Ramon Moreno,,Unknown,-0.04920000000000002,-345.37608259999996,Batter,9060,9689
Daris Cordero,,Unknown,-0.04930000000000001,-345.3761826,Batter,9061,9690
Brailin Pascual,,Unknown,-0.049399999999999944,-345.37628259999997,Batter,9062,9691
Hancel Almonte,,Unknown,-0.0494,-345.37628259999997,Batter,9063,9692
Randy Martinez,CLE,Unknown,-0.049500000000000044,-345.3763826,Batter,9064,9693
Jean C. Gutierrez,,Unknown,-0.04960000000000003,-345.3764826,Batter,9065,9694
Royelny Strop,STL,Unknown,-0.04980000000000001,-345.3766826,Batter,9067,9695
Juan Brown,CIN,Unknown,-0.0499,-345.37678259999996,Batter,9068,9696
Samuell Sanchez,DET,Unknown,-0.051600000000000035,-345.3784826,Batter,9070,9697
Freilyn Rodriguez,CLE,Unknown,-0.05169999999999997,-345.37858259999996,Batter,9071,9698
Jose Santana,LAA,Unknown,-0.05180000000000001,-345.3786826,Batter,9072,9699
Derek Cueto,MIA,Unknown,-0.051899999999999946,-345.37878259999997,Batter,9074,9700
Jealmy Frias,CIN,Unknown,-0.05449999999999999,-345.3813826,Batter,9075,9701
Frainner Chirinos,BAL,Unknown,-0.055499999999999994,-345.38238259999997,Batter,9077,9702
Santiago Contreras,SDP,Unknown,-0.05680000000000002,-345.3836826,Batter,9079,9703
Omar Guadamuz,CIN,Unknown,-0.057099999999999984,-345.38398259999997,Batter,9080,9704
Hector Liriano,,Unknown,-0.05710000000000004,-345.38398259999997,Batter,9081,9705
Fernando Roquez,,Unknown,-0.05779999999999996,-345.38468259999996,Batter,9085,9706
Meykel Baro,BAL,Unknown,-0.05799999999999994,-345.38488259999997,Batter,9086,9707
Christian Saez,STL,Unknown,-0.05810000000000004,-345.3849826,Batter,9087,9708
Angel Ventura,,Unknown,-0.05820000000000003,-345.3850826,Batter,9088,9709
Edgardo Figueroa,WSN,Unknown,-0.058499999999999996,-345.38538259999996,Batter,9089,9710
Heudy Pena,,Unknown,-0.059700000000000086,-345.3865826,Batter,9091,9711
Cristian Benavides,SDP,Unknown,-0.06000000000000005,-345.3868826,Batter,9092,9712
Cristopfer Gonzalez,,Unknown,-0.06009999999999999,-345.38698259999995,Batter,9093,9713
Abel De Leon,CHC,Unknown,-0.06049999999999994,-345.38738259999997,Batter,9095,9714
Eduardo Guillen,PHI,Unknown,-0.06190000000000001,-345.38878259999996,Batter,9097,9715
Luis Bolivar,,Unknown,-0.061900000000000066,-345.38878259999996,Batter,9098,9716
Juan Tomas,CHC,Unknown,-0.06209999999999999,-345.38898259999996,Batter,9099,9717
Michael Cordero,STL,Unknown,-0.06380000000000002,-345.3906826,Batter,9101,9718
Jhon Lucena,,Unknown,-0.064,-345.3908826,Batter,9102,9719
Ayden Johnson,ATH,Unknown,-0.06410000000000005,-345.3909826,Batter,9105,9720
Angel Perez,,Unknown,-0.06409999999999993,-345.3909826,Batter,9104,9721
Johan Contreras,,Unknown,-0.06440000000000001,-345.39128259999995,Batter,9106,9722
Richer Mata,KCR,Unknown,-0.06470000000000004,-345.3915826,Batter,9108,9723
Yorger Bautista,SEA,Unknown,-0.06470000000000004,-345.3915826,Batter,9107,9724
Yeicer Crespo,,Unknown,-0.06509999999999999,-345.39198259999995,Batter,9109,9725
Deshandro Tromp,,Unknown,-0.06520000000000004,-345.3920826,Batter,9111,9726
Reniel Diaz,,Unknown,-0.06590000000000007,-345.3927826,Batter,9113,9727
Endry Reyes,,Unknown,-0.06589999999999996,-345.3927826,Batter,9112,9728
Cristopher Polanco,TOR,Unknown,-0.066,-345.39288259999995,Batter,9114,9729
Moises Semerite,,Unknown,-0.06630000000000003,-345.3931826,Batter,9115,9730
Romer Taveras,CLE,Unknown,-0.07089999999999996,-345.39778259999997,Batter,9119,9731
Helder Rosario,,Unknown,-0.07199999999999995,-345.3988826,Batter,9121,9732
Joandrew Pena,,Unknown,-0.07240000000000008,-345.3992826,Batter,9122,9733
Vladi Guerrero,,Unknown,-0.07289999999999996,-345.3997826,Batter,9124,9734
Jeyson Moya,SFG,Unknown,-0.07429999999999998,-345.40118259999997,Batter,9128,9735
Leandy Mella,,Unknown,-0.07480000000000009,-345.40168259999996,Batter,9129,9736
Yohangel Moris,,Unknown,-0.07500000000000001,-345.40188259999996,Batter,9130,9737
Deivid Coronil,SDP,Unknown,-0.07510000000000006,-345.4019826,Batter,9131,9738
Osvaldo Heredia,MIA,Unknown,-0.07519999999999993,-345.40208259999997,Batter,9133,9739
Elias Reyno,ATL,Unknown,-0.07519999999999999,-345.40208259999997,Batter,9134,9740
Jhojan Downer,SDP,Unknown,-0.07530000000000003,-345.4021826,Batter,9135,9741
Emile Torres,TBR,Unknown,-0.07580000000000003,-345.4026826,Batter,9138,9742
Alejandro Guerrero,KCR,Unknown,-0.07629999999999992,-345.4031826,Batter,9139,9743
Jose De La Cruz,HOU,Unknown,-0.07679999999999998,-345.40368259999997,Batter,9141,9744
Anderson Garcia,KCR,Unknown,-0.07749999999999996,-345.40438259999996,Batter,9143,9745
Andres Garza,,Unknown,-0.07949999999999996,-345.4063826,Batter,9146,9746
Samuel Estevez,MIA,Unknown,-0.07999999999999996,-345.40688259999996,Batter,9149,9747
Eduardo Perez,HOU,Unknown,-0.08140000000000003,-345.40828259999995,Batter,9151,9748
Diego Felix,,Unknown,-0.08159999999999995,-345.40848259999996,Batter,9152,9749
Kendry Martínez,SEA,Unknown,-0.0822,-345.4090826,Batter,9155,9750
Frailin Yan,,Unknown,-0.08300000000000002,-345.4098826,Batter,9158,9751
Jesus Abreu,,Unknown,-0.08300000000000007,-345.4098826,Batter,9159,9752
Riangelo Richardson,CIN,Unknown,-0.08410000000000006,-345.41098259999995,Batter,9163,9753
Alexander Alzi,,Unknown,-0.08529999999999993,-345.4121826,Batter,9165,9754
Johmphy De La Cruz,,Unknown,-0.08760000000000007,-345.4144826,Batter,9168,9755
Aaron Salazar,MIN,Unknown,-0.08790000000000003,-345.41478259999997,Batter,9169,9756
Johanse Gomez,BAL,Unknown,-0.08879999999999999,-345.41568259999997,Batter,9170,9757
Alan Frias,,Unknown,-0.08979999999999999,-345.4166826,Batter,9172,9758
Julio Valdez,CHC,Unknown,-0.0938,-345.42068259999996,Batter,9175,9759
Juan Colorado,SFG,Unknown,-0.09459999999999996,-345.4214826,Batter,9176,9760
Juan Martinez,,Unknown,-0.09530000000000005,-345.4221826,Batter,9177,9761
Angel Aquino,,Unknown,-0.09700000000000003,-345.42388259999996,Batter,9180,9762
Carlos Rondon,NYY,Unknown,-0.09720000000000001,-345.42408259999996,Batter,9183,9763
Victor Familia,PIT,Unknown,-0.09729999999999994,-345.4241826,Batter,9184,9764
Janero Miller,MIA,Unknown,-0.1033,-345.43018259999997,Batter,9191,9765
Ismael Del Rosario,,Unknown,-0.1048,-345.4316826,Batter,9194,9766
Limanol Payero,PIT,Unknown,-0.1049,-345.43178259999996,Batter,9195,9767
Elias Marrero,PHI,Unknown,-0.10649999999999998,-345.43338259999996,Batter,9197,9768
David Ortiz Jr.,,Unknown,-0.1069,-345.4337826,Batter,9199,9769
Anthony Abreu,MIA,Unknown,-0.11079999999999995,-345.43768259999996,Batter,9205,9770
Dave Neely,TEX,Unknown,-0.11650000000000005,-345.44338259999995,Batter,9210,9771
Nicolas Vergara,,Unknown,-0.1175,-345.4443826,Batter,9211,9772
Julio Acosta,CHC,Unknown,-0.11819999999999997,-345.4450826,Batter,9213,9773
Zeus Nunez,,Unknown,-0.121,-345.44788259999996,Batter,9218,9774
Luis Hernandez,,Unknown,-0.12130000000000007,-345.4481826,Batter,9220,9775
Eryks Rivero,MIL,Unknown,-0.12169999999999997,-345.44858259999995,Batter,9221,9776
Klendy Leen,TEX,Unknown,-0.12480000000000002,-345.45168259999997,Batter,9227,9777
Dawel Joseph,SEA,Unknown,-0.1266,-345.4534826,Batter,9231,9778
Francis Sosa,MIL,Unknown,-0.12679999999999997,-345.4536826,Batter,9232,9779
Kendrick Hernandez,DET,Unknown,-0.12809999999999994,-345.4549826,Batter,9235,9780
Clay Winklaar,,Unknown,-0.12870000000000004,-345.45558259999996,Batter,9236,9781
Juan Espinal,ATL,Unknown,-0.12920000000000004,-345.4560826,Batter,9238,9782
Gabriel Rodriguez,PIT,Unknown,-0.12949999999999995,-345.4563826,Batter,9239,9783
Cristian Bonifacio,,Unknown,-0.1336,-345.4604826,Batter,9242,9784
Mani Cedeno,NYY,Unknown,-0.13420000000000004,-345.4610826,Batter,9245,9785
Diego Arce,,Unknown,-0.13649999999999995,-345.4633826,Batter,9247,9786
Brauli Diaz,,Unknown,-0.13909999999999995,-345.46598259999996,Batter,9249,9787
Kay Robles,,Unknown,-0.14019999999999994,-345.46708259999997,Batter,9252,9788
Jahni McPhee,,Unknown,-0.16210000000000002,-345.4889826,Batter,9274,9789
Winifer Castillo,,Unknown,-0.1694,-345.4962826,Batter,9286,9790
Leonardo Carpio,,Unknown,-0.18530000000000002,-345.51218259999996,Batter,9313,9791
J.T. Bain,,Unknown,-0.1896,-345.51648259999996,Batter,9323,9792
